data,Temperature,Precipitation
2013-07-05 18:00:00,16.037,0.0
2013-07-06 00:00:00,3.597,0.0
2013-07-06 06:00:00,1.65,0.0
2013-07-06 12:00:00,1.758,0.0
2013-07-06 18:00:00,11.713,0.0
2013-07-07 00:00:00,2.564,0.0
2013-07-07 06:00:00,1.677,0.0
2013-07-07 12:00:00,2.323,0.0
2013-07-07 18:00:00,10.25,0.0
2013-07-08 00:00:00,3.623,0.0
2013-07-08 06:00:00,0.696,0.0
2013-07-08 12:00:00,0.42,0.0
2013-07-08 18:00:00,4.875,0.2
2013-07-09 00:00:00,1.052,0.0
2013-07-09 06:00:00,-0.61,0.0
2013-07-09 12:00:00,-0.218,0.0
2013-07-09 18:00:00,15.393,0.0
2013-07-10 00:00:00,3.623,0.0
2013-07-10 06:00:00,1.92,0.0
2013-07-10 12:00:00,1.596,0.0
2013-07-10 18:00:00,11.956,0.0
2013-07-11 00:00:00,4.016,0.0
2013-07-11 06:00:00,0.943,0.0
2013-07-11 12:00:00,0.558,0.0
2013-07-11 18:00:00,13.284,0.0
2013-07-12 00:00:00,3.886,0.0
2013-07-12 06:00:00,-0.19,0.0
2013-07-12 12:00:00,-2.09,0.0
2013-07-12 18:00:00,13.476,0.0
2013-07-13 00:00:00,2.963,0.0
2013-07-13 06:00:00,-0.023,0.0
2013-07-13 12:00:00,-0.948,0.0
2013-07-13 18:00:00,15.297,0.0
2013-07-14 00:00:00,3.99,0.0
2013-07-14 06:00:00,0.42,0.0
2013-07-14 12:00:00,-1.26,0.0
2013-07-14 18:00:00,13.187,0.0
2013-07-15 00:00:00,3.649,0.0
2013-07-15 06:00:00,2.83,0.0
2013-07-15 12:00:00,1.947,0.0
2013-07-15 18:00:00,6.234,0.2
2013-07-16 00:00:00,0.888,0.2
2013-07-16 06:00:00,-0.835,0.0
2013-07-16 12:00:00,1.107,0.0
2013-07-16 18:00:00,7.397,0.0
2013-07-17 00:00:00,1.704,0.0
2013-07-17 06:00:00,0.172,0.0
2013-07-17 12:00:00,-0.023,0.0
2013-07-17 18:00:00,9.808,0.0
2013-07-18 00:00:00,2.51,0.0
2013-07-18 06:00:00,0.42,0.0
2013-07-18 12:00:00,-0.694,0.0
2013-07-18 18:00:00,8.373,0.0
2013-07-19 00:00:00,3.281,0.0
2013-07-19 06:00:00,2.936,0.0
2013-07-19 12:00:00,0.503,0.0
2013-07-19 18:00:00,11.883,0.0
2013-07-20 00:00:00,2.59,0.0
2013-07-20 06:00:00,-0.469,0.0
2013-07-20 12:00:00,-1.459,0.0
2013-07-20 18:00:00,7.699,0.0
2013-07-21 00:00:00,3.465,0.0
2013-07-21 06:00:00,-0.162,0.0
2013-07-21 12:00:00,-1.659,0.0
2013-07-21 18:00:00,14.364,0.0
2013-07-22 00:00:00,4.46,0.0
2013-07-22 06:00:00,3.623,0.0
2013-07-22 12:00:00,3.069,0.0
2013-07-22 18:00:00,11.178,0.0
2013-07-23 00:00:00,3.649,0.0
2013-07-23 06:00:00,-0.469,0.0
2013-07-23 12:00:00,-0.666,0.0
2013-07-23 18:00:00,12.802,0.0
2013-07-24 00:00:00,3.228,0.0
2013-07-24 06:00:00,0.172,0.0
2013-07-24 12:00:00,-0.891,0.0
2013-07-24 18:00:00,12.802,0.0
2013-07-25 00:00:00,4.667,0.0
2013-07-25 06:00:00,1.596,0.0
2013-07-25 12:00:00,1.947,0.0
2013-07-25 18:00:00,12.053,0.0
2013-07-26 00:00:00,3.122,0.0
2013-07-26 06:00:00,-0.246,0.0
2013-07-26 12:00:00,3.095,0.0
2013-07-26 18:00:00,9.34,0.0
2013-07-27 00:00:00,2.457,0.0
2013-07-27 06:00:00,0.144,0.0
2013-07-27 12:00:00,0.751,0.0
2013-07-27 18:00:00,6.132,0.0
2013-07-28 00:00:00,2.27,0.0
2013-07-28 06:00:00,-0.976,0.0
2013-07-28 12:00:00,0.696,0.0
2013-07-28 18:00:00,8.919,0.0
2013-07-29 00:00:00,2.216,0.0
2013-07-29 06:00:00,1.974,0.0
2013-07-29 12:00:00,1.623,0.0
2013-07-29 18:00:00,10.813,0.0
2013-07-30 00:00:00,3.016,0.0
2013-07-30 06:00:00,-0.19,0.0
2013-07-30 12:00:00,-1.146,0.0
2013-07-30 18:00:00,12.077,0.0
2013-07-31 00:00:00,3.938,0.0
2013-07-31 06:00:00,0.338,0.0
2013-07-31 12:00:00,-0.302,0.0
2013-07-31 18:00:00,13.115,0.0
2013-08-01 00:00:00,3.571,0.0
2013-08-01 06:00:00,1.107,0.0
2013-08-01 12:00:00,1.025,0.0
2013-08-01 18:00:00,9.093,0.0
2013-08-02 00:00:00,3.754,0.0
2013-08-02 06:00:00,1.325,0.0
2013-08-02 12:00:00,1.216,0.0
2013-08-02 18:00:00,7.095,0.0
2013-08-03 00:00:00,3.597,0.0
2013-08-03 06:00:00,1.974,0.0
2013-08-03 12:00:00,1.025,0.0
2013-08-03 18:00:00,9.759,0.0
2013-08-04 00:00:00,2.697,0.0
2013-08-04 06:00:00,0.061,0.0
2013-08-04 12:00:00,-0.469,0.0
2013-08-04 18:00:00,13.452,0.0
2013-08-05 00:00:00,4.121,0.0
2013-08-05 06:00:00,1.216,0.0
2013-08-05 12:00:00,-0.051,0.0
2013-08-05 18:00:00,12.705,0.0
2013-08-06 00:00:00,3.623,0.0
2013-08-06 06:00:00,1.188,0.0
2013-08-06 12:00:00,1.623,0.0
2013-08-06 18:00:00,11.956,0.0
2013-08-07 00:00:00,4.278,0.0
2013-08-07 06:00:00,1.92,0.0
2013-08-07 12:00:00,1.297,0.0
2013-08-07 18:00:00,15.488,0.0
2013-08-08 00:00:00,3.492,0.0
2013-08-08 06:00:00,1.542,0.0
2013-08-08 12:00:00,0.088,0.0
2013-08-08 18:00:00,12.826,0.0
2013-08-09 00:00:00,0.97,0.2
2013-08-09 06:00:00,-0.638,0.0
2013-08-09 12:00:00,0.227,0.0
2013-08-09 18:00:00,11.64,0.0
2013-08-10 00:00:00,4.069,0.0
2013-08-10 06:00:00,0.061,0.0
2013-08-10 12:00:00,-0.441,0.0
2013-08-10 18:00:00,8.124,0.0
2013-08-11 00:00:00,0.558,0.0
2013-08-11 06:00:00,-0.023,0.0
2013-08-11 12:00:00,0.227,0.0
2013-08-11 18:00:00,10.078,0.0
2013-08-12 00:00:00,1.188,0.0
2013-08-12 06:00:00,0.199,0.0
2013-08-12 12:00:00,-0.722,0.0
2013-08-12 18:00:00,15.01,0.0
2013-08-13 00:00:00,3.016,0.0
2013-08-13 06:00:00,0.31,0.0
2013-08-13 12:00:00,-0.526,0.0
2013-08-13 18:00:00,14.388,0.0
2013-08-14 00:00:00,4.434,0.0
2013-08-14 06:00:00,0.255,0.0
2013-08-14 12:00:00,-1.004,0.0
2013-08-14 18:00:00,8.597,0.0
2013-08-15 00:00:00,3.728,0.0
2013-08-15 06:00:00,0.723,0.0
2013-08-15 12:00:00,1.325,0.0
2013-08-15 18:00:00,11.665,0.0
2013-08-16 00:00:00,1.27,0.0
2013-08-16 06:00:00,1.188,0.0
2013-08-16 12:00:00,1.079,0.0
2013-08-16 18:00:00,16.037,0.0
2013-08-17 00:00:00,5.724,0.0
2013-08-17 06:00:00,1.947,0.0
2013-08-17 12:00:00,1.677,0.0
2013-08-17 18:00:00,12.077,0.0
2013-08-18 00:00:00,3.333,0.0
2013-08-18 06:00:00,1.025,0.0
2013-08-18 12:00:00,-0.863,0.0
2013-08-18 18:00:00,13.837,0.0
2013-08-19 00:00:00,3.016,0.0
2013-08-19 06:00:00,-0.554,0.0
2013-08-19 12:00:00,-0.92,0.0
2013-08-19 18:00:00,14.46,0.0
2013-08-20 00:00:00,3.281,0.0
2013-08-20 06:00:00,0.833,0.0
2013-08-20 12:00:00,-0.835,0.0
2013-08-20 18:00:00,12.609,0.0
2013-08-21 00:00:00,3.122,0.0
2013-08-21 06:00:00,1.433,0.0
2013-08-21 12:00:00,-0.469,0.0
2013-08-21 18:00:00,12.174,0.0
2013-08-22 00:00:00,4.147,0.0
2013-08-22 06:00:00,1.433,0.0
2013-08-22 12:00:00,1.379,0.0
2013-08-22 18:00:00,10.739,0.0
2013-08-23 00:00:00,4.46,0.0
2013-08-23 06:00:00,0.86,0.0
2013-08-23 12:00:00,-0.051,0.0
2013-08-23 18:00:00,10.054,0.0
2013-08-24 00:00:00,1.515,0.2
2013-08-24 06:00:00,-0.948,0.0
2013-08-24 12:00:00,-1.26,0.0
2013-08-24 18:00:00,13.236,0.0
2013-08-25 00:00:00,2.75,0.0
2013-08-25 06:00:00,-0.61,0.0
2013-08-25 12:00:00,-1.831,0.0
2013-08-25 18:00:00,13.957,0.0
2013-08-26 00:00:00,2.883,0.0
2013-08-26 06:00:00,0.033,0.0
2013-08-26 12:00:00,-0.051,0.0
2013-08-26 18:00:00,0.806,0.8
2013-08-27 00:00:00,1.216,0.4
2013-08-27 06:00:00,0.061,0.0
2013-08-27 12:00:00,0.365,0.0
2013-08-27 18:00:00,12.898,0.0
2013-08-28 00:00:00,2.803,0.0
2013-08-28 06:00:00,0.31,0.0
2013-08-28 12:00:00,-1.089,0.0
2013-08-28 18:00:00,10.788,0.0
2013-08-29 00:00:00,2.75,0.0
2013-08-29 06:00:00,-1.288,0.0
2013-08-29 12:00:00,-2.351,0.0
2013-08-29 18:00:00,9.142,0.0
2013-08-30 00:00:00,2.323,0.0
2013-08-30 06:00:00,-0.694,0.0
2013-08-30 12:00:00,-0.92,0.0
2013-08-30 18:00:00,9.34,0.0
2013-08-31 00:00:00,3.938,0.0
2013-08-31 06:00:00,0.061,0.0
2013-08-31 12:00:00,-0.75,0.0
2013-08-31 18:00:00,11.98,0.0
2013-09-01 00:00:00,4.278,0.0
2013-09-01 06:00:00,1.433,0.0
2013-09-01 12:00:00,-0.526,0.0
2013-09-01 18:00:00,10.886,0.0
2013-09-02 00:00:00,3.886,0.0
2013-09-02 06:00:00,0.668,0.0
2013-09-02 12:00:00,1.785,0.0
2013-09-02 18:00:00,11.47,0.0
2013-09-03 00:00:00,3.439,0.0
2013-09-03 06:00:00,1.134,0.0
2013-09-03 12:00:00,2.001,0.0
2013-09-03 18:00:00,10.764,0.0
2013-09-04 00:00:00,3.518,0.0
2013-09-04 06:00:00,0.088,0.0
2013-09-04 12:00:00,-2.148,0.0
2013-09-04 18:00:00,9.438,0.0
2013-09-05 00:00:00,3.938,0.0
2013-09-05 06:00:00,0.144,0.0
2013-09-05 12:00:00,1.488,0.0
2013-09-05 18:00:00,10.813,0.0
2013-09-06 00:00:00,5.57,0.0
2013-09-06 06:00:00,2.989,0.0
2013-09-06 12:00:00,2.697,0.0
2013-09-06 18:00:00,12.681,0.0
2013-09-07 00:00:00,4.978,0.0
2013-09-07 06:00:00,2.644,0.0
2013-09-07 12:00:00,2.403,0.0
2013-09-07 18:00:00,9.216,0.0
2013-09-08 00:00:00,5.21,0.0
2013-09-08 06:00:00,2.857,0.0
2013-09-08 12:00:00,1.297,0.0
2013-09-08 18:00:00,10.054,0.0
2013-09-09 00:00:00,3.492,0.0
2013-09-09 06:00:00,1.623,0.0
2013-09-09 12:00:00,0.282,0.0
2013-09-09 18:00:00,8.944,0.0
2013-09-10 00:00:00,3.518,0.0
2013-09-10 06:00:00,0.531,0.0
2013-09-10 12:00:00,1.704,0.0
2013-09-10 18:00:00,6.361,0.0
2013-09-11 00:00:00,3.333,0.0
2013-09-11 06:00:00,0.531,0.0
2013-09-11 12:00:00,-1.118,0.0
2013-09-11 18:00:00,11.592,0.0
2013-09-12 00:00:00,3.623,0.0
2013-09-12 06:00:00,2.564,0.0
2013-09-12 12:00:00,0.86,0.0
2013-09-12 18:00:00,10.837,0.0
2013-09-13 00:00:00,2.108,0.0
2013-09-13 06:00:00,1.188,0.0
2013-09-13 12:00:00,-0.638,0.0
2013-09-13 18:00:00,6.64,0.0
2013-09-14 00:00:00,4.095,0.0
2013-09-14 06:00:00,0.943,0.0
2013-09-14 12:00:00,-0.246,0.0
2013-09-14 18:00:00,14.148,0.0
2013-09-15 00:00:00,5.055,0.0
2013-09-15 06:00:00,0.641,0.2
2013-09-15 12:00:00,0.997,0.0
2013-09-15 18:00:00,15.273,0.0
2013-09-16 00:00:00,4.59,0.0
2013-09-16 06:00:00,0.751,0.0
2013-09-16 12:00:00,0.476,0.0
2013-09-16 18:00:00,5.698,0.0
2013-09-17 00:00:00,3.465,0.0
2013-09-17 06:00:00,1.596,0.0
2013-09-17 12:00:00,1.677,0.0
2013-09-17 18:00:00,9.192,0.0
2013-09-18 00:00:00,3.859,0.0
2013-09-18 06:00:00,0.613,0.4
2013-09-18 12:00:00,0.061,0.0
2013-09-18 18:00:00,13.572,0.0
2013-09-19 00:00:00,5.004,0.0
2013-09-19 06:00:00,2.296,0.6
2013-09-19 12:00:00,0.806,0.0
2013-09-19 18:00:00,5.647,0.0
2013-09-20 00:00:00,1.677,0.0
2013-09-20 06:00:00,-0.218,0.0
2013-09-20 12:00:00,-0.976,0.0
2013-09-20 18:00:00,8.298,0.0
2013-09-21 00:00:00,2.91,0.0
2013-09-21 06:00:00,0.448,0.0
2013-09-21 12:00:00,0.227,0.0
2013-09-21 18:00:00,12.464,0.0
2013-09-22 00:00:00,4.616,0.0
2013-09-22 06:00:00,1.731,0.0
2013-09-22 12:00:00,0.97,0.0
2013-09-22 18:00:00,11.373,0.0
2013-09-23 00:00:00,5.339,0.0
2013-09-23 06:00:00,1.515,0.0
2013-09-23 12:00:00,-0.19,0.0
2013-09-23 18:00:00,10.176,0.0
2013-09-24 00:00:00,5.21,0.0
2013-09-24 06:00:00,3.307,0.0
2013-09-24 12:00:00,2.883,0.0
2013-09-24 18:00:00,10.544,0.0
2013-09-25 00:00:00,4.952,0.0
2013-09-25 06:00:00,3.016,0.0
2013-09-25 12:00:00,3.781,0.0
2013-09-25 18:00:00,13.356,0.0
2013-09-26 00:00:00,4.59,0.0
2013-09-26 06:00:00,1.025,0.0
2013-09-26 12:00:00,0.033,0.0
2013-09-26 18:00:00,15.56,0.0
2013-09-27 00:00:00,3.807,0.2
2013-09-27 06:00:00,2.857,0.0
2013-09-27 12:00:00,0.86,0.0
2013-09-27 18:00:00,13.596,0.0
2013-09-28 00:00:00,5.596,0.0
2013-09-28 06:00:00,1.893,0.0
2013-09-28 12:00:00,0.97,0.0
2013-09-28 18:00:00,12.657,0.0
2013-09-29 00:00:00,4.434,0.0
2013-09-29 06:00:00,1.947,0.0
2013-09-29 12:00:00,-0.106,0.0
2013-09-29 18:00:00,14.364,0.0
2013-09-30 00:00:00,4.59,0.0
2013-09-30 06:00:00,1.025,0.0
2013-09-30 12:00:00,0.061,0.0
2013-09-30 18:00:00,9.438,0.0
2013-10-01 00:00:00,3.623,0.0
2013-10-01 06:00:00,1.866,0.0
2013-10-01 12:00:00,2.27,0.0
2013-10-01 18:00:00,13.212,0.0
2013-10-02 00:00:00,1.325,0.0
2013-10-02 06:00:00,2.001,0.0
2013-10-02 12:00:00,2.27,0.0
2013-10-02 18:00:00,6.285,0.0
2013-10-03 00:00:00,2.323,0.4
2013-10-03 06:00:00,-0.134,0.0
2013-10-03 12:00:00,-0.385,0.0
2013-10-03 18:00:00,13.284,0.0
2013-10-04 00:00:00,4.978,0.0
2013-10-04 06:00:00,2.403,0.0
2013-10-04 12:00:00,2.055,0.0
2013-10-04 18:00:00,8.895,0.0
2013-10-05 00:00:00,4.952,0.0
2013-10-05 06:00:00,1.297,0.0
2013-10-05 12:00:00,1.488,0.0
2013-10-05 18:00:00,7.999,0.0
2013-10-06 00:00:00,3.964,0.0
2013-10-06 06:00:00,0.31,1.0
2013-10-06 12:00:00,1.947,0.0
2013-10-06 18:00:00,4.564,0.4
2013-10-07 00:00:00,0.393,1.8
2013-10-07 06:00:00,0.116,0.0
2013-10-07 12:00:00,-0.19,0.0
2013-10-07 18:00:00,11.105,0.0
2013-10-08 00:00:00,1.974,0.0
2013-10-08 06:00:00,0.061,0.0
2013-10-08 12:00:00,1.079,0.0
2013-10-08 18:00:00,11.931,0.0
2013-10-09 00:00:00,3.807,0.0
2013-10-09 06:00:00,1.623,0.0
2013-10-09 12:00:00,0.915,0.0
2013-10-09 18:00:00,11.056,0.0
2013-10-10 00:00:00,3.148,0.0
2013-10-10 06:00:00,1.161,0.0
2013-10-10 12:00:00,1.27,0.0
2013-10-10 18:00:00,12.028,0.0
2013-10-11 00:00:00,3.728,0.0
2013-10-11 06:00:00,1.052,0.0
2013-10-11 12:00:00,0.061,0.0
2013-10-11 18:00:00,17.133,0.0
2013-10-12 00:00:00,2.243,0.8
2013-10-12 06:00:00,1.731,0.0
2013-10-12 12:00:00,1.025,0.0
2013-10-12 18:00:00,13.428,0.0
2013-10-13 00:00:00,1.515,0.8
2013-10-13 06:00:00,1.243,0.2
2013-10-13 12:00:00,1.406,0.0
2013-10-13 18:00:00,7.523,0.0
2013-10-14 00:00:00,1.866,0.2
2013-10-14 06:00:00,0.365,0.0
2013-10-14 12:00:00,2.59,0.0
2013-10-14 18:00:00,6.132,0.2
2013-10-15 00:00:00,1.569,0.8
2013-10-15 06:00:00,0.97,0.2
2013-10-15 12:00:00,0.943,0.0
2013-10-15 18:00:00,6.158,0.0
2013-10-16 00:00:00,-0.051,0.0
2013-10-16 06:00:00,0.365,0.0
2013-10-16 12:00:00,1.107,0.0
2013-10-16 18:00:00,13.452,0.0
2013-10-17 00:00:00,2.001,0.0
2013-10-17 06:00:00,0.668,0.2
2013-10-17 12:00:00,0.558,0.0
2013-10-17 18:00:00,9.906,0.0
2013-10-18 00:00:00,2.724,0.0
2013-10-18 06:00:00,1.134,0.0
2013-10-18 12:00:00,6.868,0.0
2013-10-18 18:00:00,14.196,0.0
2013-10-19 00:00:00,4.771,0.0
2013-10-19 06:00:00,2.296,0.0
2013-10-19 12:00:00,9.71,0.0
2013-10-19 18:00:00,9.241,0.0
2013-10-20 00:00:00,4.278,0.0
2013-10-20 06:00:00,1.134,0.0
2013-10-20 12:00:00,7.171,0.0
2013-10-20 18:00:00,12.898,0.0
2013-10-21 00:00:00,2.189,0.2
2013-10-21 06:00:00,3.095,0.0
2013-10-21 12:00:00,8.298,0.0
2013-10-21 18:00:00,12.222,0.0
2013-10-22 00:00:00,5.184,0.0
2013-10-22 06:00:00,1.161,0.0
2013-10-22 12:00:00,2.59,0.0
2013-10-22 18:00:00,13.692,0.0
2013-10-23 00:00:00,1.974,0.0
2013-10-23 06:00:00,2.243,0.6
2013-10-23 12:00:00,7.874,0.0
2013-10-23 18:00:00,14.795,0.0
2013-10-24 00:00:00,4.434,0.0
2013-10-24 06:00:00,1.515,0.0
2013-10-24 12:00:00,3.859,0.0
2013-10-24 18:00:00,11.446,0.0
2013-10-25 00:00:00,1.379,0.0
2013-10-25 06:00:00,0.915,0.6
2013-10-25 12:00:00,3.281,0.0
2013-10-25 18:00:00,12.464,0.0
2013-10-26 00:00:00,2.777,0.0
2013-10-26 06:00:00,0.365,0.0
2013-10-26 12:00:00,1.623,0.0
2013-10-26 18:00:00,8.149,0.6
2013-10-27 00:00:00,2.35,0.0
2013-10-27 06:00:00,1.243,0.0
2013-10-27 12:00:00,1.65,0.2
2013-10-27 18:00:00,4.382,0.0
2013-10-28 00:00:00,3.413,0.0
2013-10-28 06:00:00,0.97,0.0
2013-10-28 12:00:00,3.702,0.0
2013-10-28 18:00:00,6.666,0.0
2013-10-29 00:00:00,1.325,0.4
2013-10-29 06:00:00,1.352,0.0
2013-10-29 12:00:00,8.622,0.0
2013-10-29 18:00:00,15.178,0.0
2013-10-30 00:00:00,1.46,0.0
2013-10-30 06:00:00,0.061,0.0
2013-10-30 12:00:00,2.403,0.0
2013-10-30 18:00:00,15.942,0.0
2013-10-31 00:00:00,2.59,0.0
2013-10-31 06:00:00,1.243,0.0
2013-10-31 12:00:00,2.108,0.0
2013-10-31 18:00:00,10.959,0.0
2013-11-01 00:00:00,2.51,0.0
2013-11-01 06:00:00,-1.63,0.0
2013-11-01 12:00:00,,0.0
2013-11-01 18:00:00,,0.0
2013-11-02 00:00:00,,0.0
2013-11-02 06:00:00,,0.0
2013-11-02 12:00:00,,0.0
2013-11-02 18:00:00,,0.2
2013-11-03 00:00:00,,1.8
2013-11-03 06:00:00,,0.0
2013-11-03 12:00:00,,0.4
2013-11-03 18:00:00,,0.2
2013-11-04 00:00:00,,0.0
2013-11-04 06:00:00,,0.2
2013-11-04 12:00:00,,0.0
2013-11-04 18:00:00,,0.0
2013-11-05 00:00:00,,0.0
2013-11-05 06:00:00,,0.0
2013-11-05 12:00:00,,0.0
2013-11-05 18:00:00,,0.0
2013-11-06 00:00:00,,0.4
2013-11-06 06:00:00,,0.0
2013-11-06 12:00:00,,0.0
2013-11-06 18:00:00,,0.0
2013-11-07 00:00:00,,0.0
2013-11-07 06:00:00,,0.0
2013-11-07 12:00:00,,0.0
2013-11-07 18:00:00,,0.0
2013-11-08 00:00:00,,0.0
2013-11-08 06:00:00,,0.0
2013-11-08 12:00:00,,0.0
2013-11-08 18:00:00,,0.0
2013-11-09 00:00:00,,0.0
2013-11-09 06:00:00,,0.0
2013-11-09 12:00:00,,0.0
2013-11-09 18:00:00,,0.0
2013-11-10 00:00:00,,0.0
2013-11-10 06:00:00,,0.0
2013-11-10 12:00:00,,0.0
2013-11-10 18:00:00,,0.0
2013-11-11 00:00:00,,0.0
2013-11-11 06:00:00,,0.0
2013-11-11 12:00:00,,0.0
2013-11-11 18:00:00,,0.0
2013-11-12 00:00:00,,0.0
2013-11-12 06:00:00,,0.2
2013-11-12 12:00:00,,0.0
2013-11-12 18:00:00,,0.0
2013-11-13 00:00:00,,0.0
2013-11-13 06:00:00,,0.0
2013-11-13 12:00:00,,0.0
2013-11-13 18:00:00,,0.0
2013-11-14 00:00:00,,0.0
2013-11-14 06:00:00,,0.0
2013-11-14 12:00:00,,0.0
2013-11-14 18:00:00,,0.0
2013-11-15 00:00:00,,0.0
2013-11-15 06:00:00,,0.0
2013-11-15 12:00:00,,0.0
2013-11-15 18:00:00,,0.0
2013-11-16 00:00:00,,0.0
2013-11-16 06:00:00,,0.0
2013-11-16 12:00:00,,0.0
2013-11-16 18:00:00,,0.0
2013-11-17 00:00:00,,0.0
2013-11-17 06:00:00,,0.0
2013-11-17 12:00:00,,0.0
2013-11-17 18:00:00,,0.0
2013-11-18 00:00:00,,0.0
2013-11-18 06:00:00,,0.0
2013-11-18 12:00:00,,0.0
2013-11-18 18:00:00,,0.0
2013-11-19 00:00:00,,0.0
2013-11-19 06:00:00,,0.2
2013-11-19 12:00:00,,0.0
2013-11-19 18:00:00,,0.0
2013-11-20 00:00:00,,0.2
2013-11-20 06:00:00,,0.0
2013-11-20 12:00:00,,0.0
2013-11-20 18:00:00,,0.0
2013-11-21 00:00:00,,0.0
2013-11-21 06:00:00,,0.0
2013-11-21 12:00:00,,0.0
2013-11-21 18:00:00,,0.0
2013-11-22 00:00:00,,0.0
2013-11-22 06:00:00,,0.0
2013-11-22 12:00:00,,0.0
2013-11-22 18:00:00,,0.0
2013-11-23 00:00:00,,0.0
2013-11-23 06:00:00,,0.0
2013-11-23 12:00:00,,0.0
2013-11-23 18:00:00,,0.2
2013-11-24 00:00:00,,0.0
2013-11-24 06:00:00,,0.0
2013-11-24 12:00:00,,0.0
2013-11-24 18:00:00,,0.0
2013-11-25 00:00:00,,0.0
2013-11-25 06:00:00,,0.0
2013-11-25 12:00:00,,0.0
2013-11-25 18:00:00,,0.0
2013-11-26 00:00:00,,0.0
2013-11-26 06:00:00,,0.0
2013-11-26 12:00:00,,0.0
2013-11-26 18:00:00,,0.0
2013-11-27 00:00:00,,0.0
2013-11-27 06:00:00,,0.0
2013-11-27 12:00:00,,0.0
2013-11-27 18:00:00,,0.0
2013-11-28 00:00:00,,0.0
2013-11-28 06:00:00,,0.0
2013-11-28 12:00:00,,0.0
2013-11-28 18:00:00,,0.0
2013-11-29 00:00:00,,0.6
2013-11-29 06:00:00,,0.0
2013-11-29 12:00:00,,0.0
2013-11-29 18:00:00,,0.0
2013-11-30 00:00:00,,0.4
2013-11-30 06:00:00,,0.0
2013-11-30 12:00:00,,0.0
2013-11-30 18:00:00,,0.0
2013-12-01 00:00:00,,0.0
2013-12-01 06:00:00,,0.0
2013-12-01 12:00:00,,0.6
2013-12-01 18:00:00,,0.0
2013-12-02 00:00:00,,0.0
2013-12-02 06:00:00,,0.0
2013-12-02 12:00:00,,0.0
2013-12-02 18:00:00,,0.2
2013-12-03 00:00:00,,0.0
2013-12-03 06:00:00,,0.0
2013-12-03 12:00:00,,0.0
2013-12-03 18:00:00,,0.0
2013-12-04 00:00:00,,0.0
2013-12-04 06:00:00,,0.0
2013-12-04 12:00:00,,0.0
2013-12-04 18:00:00,,0.0
2013-12-05 00:00:00,,1.8
2013-12-05 06:00:00,,0.0
2013-12-05 12:00:00,,0.0
2013-12-05 18:00:00,,4.0
2013-12-06 00:00:00,,0.6
2013-12-06 06:00:00,,0.0
2013-12-06 12:00:00,,0.0
2013-12-06 18:00:00,,0.0
2013-12-07 00:00:00,,0.4
2013-12-07 06:00:00,,0.0
2013-12-07 12:00:00,,0.0
2013-12-07 18:00:00,,0.2
2013-12-08 00:00:00,,0.0
2013-12-08 06:00:00,,0.0
2013-12-08 12:00:00,,0.0
2013-12-08 18:00:00,,0.0
2013-12-09 00:00:00,,0.0
2013-12-09 06:00:00,,0.0
2013-12-09 12:00:00,,0.0
2013-12-09 18:00:00,,0.0
2013-12-10 00:00:00,,0.0
2013-12-10 06:00:00,,0.6
2013-12-10 12:00:00,,0.0
2013-12-10 18:00:00,,0.0
2013-12-11 00:00:00,,1.2
2013-12-11 06:00:00,,0.0
2013-12-11 12:00:00,,0.0
2013-12-11 18:00:00,,0.0
2013-12-12 00:00:00,,0.0
2013-12-12 06:00:00,,0.0
2013-12-12 12:00:00,,0.0
2013-12-12 18:00:00,,0.0
2013-12-13 00:00:00,,0.2
2013-12-13 06:00:00,,0.0
2013-12-13 12:00:00,,0.0
2013-12-13 18:00:00,,0.0
2013-12-14 00:00:00,,0.0
2013-12-14 06:00:00,,0.0
2013-12-14 12:00:00,,0.0
2013-12-14 18:00:00,,0.0
2013-12-15 00:00:00,,0.0
2013-12-15 06:00:00,,0.4
2013-12-15 12:00:00,,0.0
2013-12-15 18:00:00,,0.0
2013-12-16 00:00:00,,1.2
2013-12-16 06:00:00,,0.0
2013-12-16 12:00:00,,0.0
2013-12-16 18:00:00,,0.0
2013-12-17 00:00:00,,1.0
2013-12-17 06:00:00,,0.0
2013-12-17 12:00:00,,0.0
2013-12-17 18:00:00,,0.0
2013-12-18 00:00:00,,1.2
2013-12-18 06:00:00,,0.0
2013-12-18 12:00:00,,0.0
2013-12-18 18:00:00,,0.0
2013-12-19 00:00:00,,0.4
2013-12-19 06:00:00,,0.0
2013-12-19 12:00:00,,0.0
2013-12-19 18:00:00,,0.0
2013-12-20 00:00:00,,0.0
2013-12-20 06:00:00,,0.0
2013-12-20 12:00:00,,0.0
2013-12-20 18:00:00,,0.0
2013-12-21 00:00:00,,0.0
2013-12-21 06:00:00,,0.0
2013-12-21 12:00:00,,0.0
2013-12-21 18:00:00,,0.0
2013-12-22 00:00:00,,0.0
2013-12-22 06:00:00,,0.0
2013-12-22 12:00:00,,0.0
2013-12-22 18:00:00,,0.0
2013-12-23 00:00:00,,0.0
2013-12-23 06:00:00,,0.0
2013-12-23 12:00:00,,0.0
2013-12-23 18:00:00,,0.0
2013-12-24 00:00:00,,0.0
2013-12-24 06:00:00,,0.0
2013-12-24 12:00:00,,0.0
2013-12-24 18:00:00,,0.0
2013-12-25 00:00:00,,0.0
2013-12-25 06:00:00,,0.0
2013-12-25 12:00:00,,0.0
2013-12-25 18:00:00,,0.0
2013-12-26 00:00:00,,0.0
2013-12-26 06:00:00,,0.0
2013-12-26 12:00:00,,0.0
2013-12-26 18:00:00,,0.0
2013-12-27 00:00:00,,0.2
2013-12-27 06:00:00,,0.0
2013-12-27 12:00:00,,0.2
2013-12-27 18:00:00,,0.0
2013-12-28 00:00:00,,0.0
2013-12-28 06:00:00,,0.0
2013-12-28 12:00:00,,0.0
2013-12-28 18:00:00,,0.0
2013-12-29 00:00:00,,0.0
2013-12-29 06:00:00,,0.0
2013-12-29 12:00:00,,0.0
2013-12-29 18:00:00,,0.0
2013-12-30 00:00:00,,0.0
2013-12-30 06:00:00,,0.0
2013-12-30 12:00:00,,0.0
2013-12-30 18:00:00,,0.0
2013-12-31 00:00:00,,0.0
2013-12-31 06:00:00,,0.2
2013-12-31 12:00:00,,0.0
2013-12-31 18:00:00,,0.0
2014-01-01 00:00:00,,0.0
2014-01-01 06:00:00,,0.0
2014-01-01 12:00:00,,0.0
2014-01-01 18:00:00,,0.0
2014-01-02 00:00:00,,0.4
2014-01-02 06:00:00,,0.0
2014-01-02 12:00:00,,0.0
2014-01-02 18:00:00,,0.0
2014-01-03 00:00:00,,0.2
2014-01-03 06:00:00,,0.0
2014-01-03 12:00:00,,0.0
2014-01-03 18:00:00,,0.0
2014-01-04 00:00:00,,0.0
2014-01-04 06:00:00,,0.2
2014-01-04 12:00:00,,0.0
2014-01-04 18:00:00,,0.0
2014-01-05 00:00:00,,0.0
2014-01-05 06:00:00,,0.0
2014-01-05 12:00:00,,0.8
2014-01-05 18:00:00,,0.0
2014-01-06 00:00:00,,0.6
2014-01-06 06:00:00,,0.0
2014-01-06 12:00:00,,0.0
2014-01-06 18:00:00,,0.0
2014-01-07 00:00:00,,0.2
2014-01-07 06:00:00,,0.2
2014-01-07 12:00:00,,0.0
2014-01-07 18:00:00,,0.0
2014-01-08 00:00:00,,0.2
2014-01-08 06:00:00,,0.0
2014-01-08 12:00:00,,0.0
2014-01-08 18:00:00,,0.0
2014-01-09 00:00:00,,0.0
2014-01-09 06:00:00,,0.0
2014-01-09 12:00:00,,0.4
2014-01-09 18:00:00,,0.0
2014-01-10 00:00:00,,0.0
2014-01-10 06:00:00,,0.0
2014-01-10 12:00:00,,0.0
2014-01-10 18:00:00,,0.0
2014-01-11 00:00:00,,0.0
2014-01-11 06:00:00,,0.4
2014-01-11 12:00:00,,0.0
2014-01-11 18:00:00,,0.0
2014-01-12 00:00:00,,0.0
2014-01-12 06:00:00,,0.0
2014-01-12 12:00:00,,0.0
2014-01-12 18:00:00,,0.2
2014-01-13 00:00:00,,0.4
2014-01-13 06:00:00,,0.0
2014-01-13 12:00:00,,0.0
2014-01-13 18:00:00,,0.0
2014-01-14 00:00:00,,0.0
2014-01-14 06:00:00,,0.0
2014-01-14 12:00:00,,0.0
2014-01-14 18:00:00,,0.0
2014-01-15 00:00:00,,0.0
2014-01-15 06:00:00,,0.0
2014-01-15 12:00:00,,0.0
2014-01-15 18:00:00,,0.0
2014-01-16 00:00:00,,0.0
2014-01-16 06:00:00,,0.0
2014-01-16 12:00:00,,0.0
2014-01-16 18:00:00,,0.0
2014-01-17 00:00:00,,0.0
2014-01-17 06:00:00,,0.0
2014-01-17 12:00:00,,0.0
2014-01-17 18:00:00,,0.0
2014-01-18 00:00:00,,0.0
2014-01-18 06:00:00,,0.0
2014-01-18 12:00:00,,0.0
2014-01-18 18:00:00,,0.0
2014-01-19 00:00:00,,0.2
2014-01-19 06:00:00,,0.0
2014-01-19 12:00:00,,0.0
2014-01-19 18:00:00,,0.0
2014-01-20 00:00:00,,0.0
2014-01-20 06:00:00,,0.2
2014-01-20 12:00:00,,0.0
2014-01-20 18:00:00,,0.0
2014-01-21 00:00:00,,0.8
2014-01-21 06:00:00,,0.0
2014-01-21 12:00:00,,0.0
2014-01-21 18:00:00,,0.0
2014-01-22 00:00:00,,0.2
2014-01-22 06:00:00,,0.0
2014-01-22 12:00:00,,0.0
2014-01-22 18:00:00,,0.2
2014-01-23 00:00:00,,0.0
2014-01-23 06:00:00,,0.0
2014-01-23 12:00:00,,0.0
2014-01-23 18:00:00,,0.0
2014-01-24 00:00:00,,0.0
2014-01-24 06:00:00,,0.0
2014-01-24 12:00:00,,0.6
2014-01-24 18:00:00,,0.4
2014-01-25 00:00:00,,0.0
2014-01-25 06:00:00,,0.0
2014-01-25 12:00:00,,0.0
2014-01-25 18:00:00,,0.0
2014-01-26 00:00:00,,0.0
2014-01-26 06:00:00,,0.0
2014-01-26 12:00:00,,0.0
2014-01-26 18:00:00,,0.0
2014-01-27 00:00:00,,0.0
2014-01-27 06:00:00,,0.0
2014-01-27 12:00:00,,0.0
2014-01-27 18:00:00,,0.0
2014-01-28 00:00:00,,0.0
2014-01-28 06:00:00,,0.0
2014-01-28 12:00:00,,0.0
2014-01-28 18:00:00,,0.0
2014-01-29 00:00:00,,0.0
2014-01-29 06:00:00,,0.0
2014-01-29 12:00:00,,0.0
2014-01-29 18:00:00,,0.0
2014-01-30 00:00:00,,0.0
2014-01-30 06:00:00,,0.0
2014-01-30 12:00:00,,0.0
2014-01-30 18:00:00,,0.0
2014-01-31 00:00:00,,0.0
2014-01-31 06:00:00,,0.0
2014-01-31 12:00:00,,0.0
2014-01-31 18:00:00,,0.0
2014-02-01 00:00:00,,0.2
2014-02-01 06:00:00,,0.2
2014-02-01 12:00:00,,0.0
2014-02-01 18:00:00,,0.6
2014-02-02 00:00:00,,0.0
2014-02-02 06:00:00,,0.0
2014-02-02 12:00:00,,0.0
2014-02-02 18:00:00,,0.2
2014-02-03 00:00:00,,0.2
2014-02-03 06:00:00,,0.0
2014-02-03 12:00:00,,0.0
2014-02-03 18:00:00,,0.0
2014-02-04 00:00:00,,0.0
2014-02-04 06:00:00,,0.0
2014-02-04 12:00:00,,0.0
2014-02-04 18:00:00,,0.0
2014-02-05 00:00:00,,0.0
2014-02-05 06:00:00,,0.0
2014-02-05 12:00:00,,0.0
2014-02-05 18:00:00,,0.0
2014-02-06 00:00:00,,0.0
2014-02-06 06:00:00,,0.4
2014-02-06 12:00:00,,0.2
2014-02-06 18:00:00,,0.0
2014-02-07 00:00:00,,1.4
2014-02-07 06:00:00,,0.0
2014-02-07 12:00:00,,0.0
2014-02-07 18:00:00,,0.0
2014-02-08 00:00:00,,0.0
2014-02-08 06:00:00,,0.0
2014-02-08 12:00:00,,0.0
2014-02-08 18:00:00,,0.0
2014-02-09 00:00:00,,0.0
2014-02-09 06:00:00,,0.2
2014-02-09 12:00:00,,0.2
2014-02-09 18:00:00,,0.0
2014-02-10 00:00:00,,0.2
2014-02-10 06:00:00,,0.6
2014-02-10 12:00:00,,0.2
2014-02-10 18:00:00,,0.0
2014-02-11 00:00:00,,0.0
2014-02-11 06:00:00,,0.0
2014-02-11 12:00:00,,0.0
2014-02-11 18:00:00,,0.0
2014-02-12 00:00:00,,0.0
2014-02-12 06:00:00,,0.0
2014-02-12 12:00:00,,0.0
2014-02-12 18:00:00,,0.0
2014-02-13 00:00:00,,0.4
2014-02-13 06:00:00,,0.0
2014-02-13 12:00:00,,0.0
2014-02-13 18:00:00,,0.0
2014-02-14 00:00:00,,0.0
2014-02-14 06:00:00,,0.0
2014-02-14 12:00:00,,0.2
2014-02-14 18:00:00,,0.0
2014-02-15 00:00:00,,0.4
2014-02-15 06:00:00,,0.2
2014-02-15 12:00:00,,0.4
2014-02-15 18:00:00,,0.0
2014-02-16 00:00:00,,0.0
2014-02-16 06:00:00,,0.0
2014-02-16 12:00:00,,0.0
2014-02-16 18:00:00,,0.0
2014-02-17 00:00:00,,0.0
2014-02-17 06:00:00,,0.0
2014-02-17 12:00:00,,0.0
2014-02-17 18:00:00,,0.0
2014-02-18 00:00:00,,0.0
2014-02-18 06:00:00,,0.0
2014-02-18 12:00:00,,0.0
2014-02-18 18:00:00,,0.0
2014-02-19 00:00:00,,0.6
2014-02-19 06:00:00,,0.0
2014-02-19 12:00:00,,0.0
2014-02-19 18:00:00,,0.0
2014-02-20 00:00:00,,0.0
2014-02-20 06:00:00,,0.0
2014-02-20 12:00:00,,0.0
2014-02-20 18:00:00,,0.4
2014-02-21 00:00:00,,0.2
2014-02-21 06:00:00,,0.2
2014-02-21 12:00:00,,0.0
2014-02-21 18:00:00,,0.2
2014-02-22 00:00:00,,0.6
2014-02-22 06:00:00,,0.0
2014-02-22 12:00:00,,0.0
2014-02-22 18:00:00,,0.0
2014-02-23 00:00:00,,0.0
2014-02-23 06:00:00,,0.0
2014-02-23 12:00:00,,0.0
2014-02-23 18:00:00,,0.0
2014-02-24 00:00:00,,0.4
2014-02-24 06:00:00,,0.4
2014-02-24 12:00:00,,0.4
2014-02-24 18:00:00,,0.0
2014-02-25 00:00:00,,0.8
2014-02-25 06:00:00,,0.0
2014-02-25 12:00:00,,0.0
2014-02-25 18:00:00,,5.4
2014-02-26 00:00:00,,0.0
2014-02-26 06:00:00,,0.4
2014-02-26 12:00:00,,0.0
2014-02-26 18:00:00,,0.2
2014-02-27 00:00:00,,0.0
2014-02-27 06:00:00,,0.0
2014-02-27 12:00:00,,0.0
2014-02-27 18:00:00,,0.0
2014-02-28 00:00:00,,0.0
2014-02-28 06:00:00,,0.0
2014-02-28 12:00:00,,0.0
2014-02-28 18:00:00,,0.0
2014-03-01 00:00:00,,1.6
2014-03-01 06:00:00,,0.0
2014-03-01 12:00:00,,0.0
2014-03-01 18:00:00,,0.0
2014-03-02 00:00:00,,0.0
2014-03-02 06:00:00,,0.0
2014-03-02 12:00:00,,0.0
2014-03-02 18:00:00,,0.0
2014-03-03 00:00:00,,0.0
2014-03-03 06:00:00,,0.0
2014-03-03 12:00:00,,0.0
2014-03-03 18:00:00,,0.0
2014-03-04 00:00:00,,0.4
2014-03-04 06:00:00,,0.0
2014-03-04 12:00:00,,0.2
2014-03-04 18:00:00,,0.0
2014-03-05 00:00:00,,0.6
2014-03-05 06:00:00,,0.0
2014-03-05 12:00:00,,0.0
2014-03-05 18:00:00,,0.0
2014-03-06 00:00:00,,0.6
2014-03-06 06:00:00,,0.0
2014-03-06 12:00:00,,0.0
2014-03-06 18:00:00,,0.0
2014-03-07 00:00:00,,0.0
2014-03-07 06:00:00,,0.0
2014-03-07 12:00:00,,0.0
2014-03-07 18:00:00,,0.0
2014-03-08 00:00:00,,0.2
2014-03-08 06:00:00,,0.0
2014-03-08 12:00:00,,0.2
2014-03-08 18:00:00,,0.0
2014-03-09 00:00:00,,0.0
2014-03-09 06:00:00,,0.6
2014-03-09 12:00:00,,0.2
2014-03-09 18:00:00,,0.0
2014-03-10 00:00:00,,0.6
2014-03-10 06:00:00,,0.4
2014-03-10 12:00:00,,0.0
2014-03-10 18:00:00,,0.0
2014-03-11 00:00:00,,0.0
2014-03-11 06:00:00,,0.0
2014-03-11 12:00:00,,0.0
2014-03-11 18:00:00,,0.0
2014-03-12 00:00:00,,0.0
2014-03-12 06:00:00,,0.0
2014-03-12 12:00:00,,0.0
2014-03-12 18:00:00,,0.0
2014-03-13 00:00:00,,0.0
2014-03-13 06:00:00,,0.2
2014-03-13 12:00:00,,0.0
2014-03-13 18:00:00,,0.0
2014-03-14 00:00:00,,0.0
2014-03-14 06:00:00,,0.0
2014-03-14 12:00:00,,0.0
2014-03-14 18:00:00,,0.0
2014-03-15 00:00:00,,0.4
2014-03-15 06:00:00,,0.0
2014-03-15 12:00:00,,0.0
2014-03-15 18:00:00,,0.0
2014-03-16 00:00:00,,0.0
2014-03-16 06:00:00,,0.0
2014-03-16 12:00:00,,0.4
2014-03-16 18:00:00,,0.0
2014-03-17 00:00:00,,0.8
2014-03-17 06:00:00,,0.0
2014-03-17 12:00:00,,0.0
2014-03-17 18:00:00,,0.0
2014-03-18 00:00:00,,0.0
2014-03-18 06:00:00,,0.0
2014-03-18 12:00:00,,0.0
2014-03-18 18:00:00,,0.0
2014-03-19 00:00:00,,0.2
2014-03-19 06:00:00,,0.0
2014-03-19 12:00:00,,0.2
2014-03-19 18:00:00,,0.2
2014-03-20 00:00:00,,1.4
2014-03-20 06:00:00,,0.0
2014-03-20 12:00:00,,0.4
2014-03-20 18:00:00,,0.0
2014-03-21 00:00:00,,0.2
2014-03-21 06:00:00,,0.0
2014-03-21 12:00:00,,0.0
2014-03-21 18:00:00,,0.0
2014-03-22 00:00:00,,0.0
2014-03-22 06:00:00,,0.0
2014-03-22 12:00:00,,0.0
2014-03-22 18:00:00,,0.0
2014-03-23 00:00:00,,0.0
2014-03-23 06:00:00,,0.0
2014-03-23 12:00:00,,0.0
2014-03-23 18:00:00,,0.0
2014-03-24 00:00:00,,0.0
2014-03-24 06:00:00,,0.2
2014-03-24 12:00:00,,0.2
2014-03-24 18:00:00,,0.0
2014-03-25 00:00:00,,0.0
2014-03-25 06:00:00,,0.2
2014-03-25 12:00:00,,0.0
2014-03-25 18:00:00,,0.0
2014-03-26 00:00:00,,0.2
2014-03-26 06:00:00,,0.0
2014-03-26 12:00:00,,0.0
2014-03-26 18:00:00,,0.0
2014-03-27 00:00:00,,0.0
2014-03-27 06:00:00,,0.2
2014-03-27 12:00:00,,0.0
2014-03-27 18:00:00,,0.0
2014-03-28 00:00:00,,0.0
2014-03-28 06:00:00,,0.0
2014-03-28 12:00:00,,0.0
2014-03-28 18:00:00,,0.0
2014-03-29 00:00:00,,0.0
2014-03-29 06:00:00,,0.0
2014-03-29 12:00:00,,0.0
2014-03-29 18:00:00,,0.0
2014-03-30 00:00:00,,0.0
2014-03-30 06:00:00,,0.0
2014-03-30 12:00:00,,0.0
2014-03-30 18:00:00,,0.0
2014-03-31 00:00:00,,0.0
2014-03-31 06:00:00,,0.0
2014-03-31 12:00:00,,0.0
2014-03-31 18:00:00,,0.0
2014-04-01 00:00:00,,0.0
2014-04-01 06:00:00,,0.0
2014-04-01 12:00:00,,0.0
2014-04-01 18:00:00,,0.0
2014-04-02 00:00:00,,0.0
2014-04-02 06:00:00,,0.0
2014-04-02 12:00:00,,0.0
2014-04-02 18:00:00,,0.0
2014-04-03 00:00:00,,2.4
2014-04-03 06:00:00,,0.0
2014-04-03 12:00:00,,0.2
2014-04-03 18:00:00,,0.0
2014-04-04 00:00:00,,0.0
2014-04-04 06:00:00,,0.0
2014-04-04 12:00:00,,0.2
2014-04-04 18:00:00,,0.0
2014-04-05 00:00:00,,0.0
2014-04-05 06:00:00,,0.4
2014-04-05 12:00:00,,0.0
2014-04-05 18:00:00,,0.0
2014-04-06 00:00:00,,0.0
2014-04-06 06:00:00,,0.0
2014-04-06 12:00:00,,0.0
2014-04-06 18:00:00,,0.0
2014-04-07 00:00:00,,0.0
2014-04-07 06:00:00,,0.0
2014-04-07 12:00:00,,0.0
2014-04-07 18:00:00,,0.2
2014-04-08 00:00:00,,0.2
2014-04-08 06:00:00,,0.0
2014-04-08 12:00:00,,0.0
2014-04-08 18:00:00,,0.0
2014-04-09 00:00:00,,0.0
2014-04-09 06:00:00,,0.0
2014-04-09 12:00:00,,0.0
2014-04-09 18:00:00,,0.0
2014-04-10 00:00:00,,0.0
2014-04-10 06:00:00,,0.6
2014-04-10 12:00:00,,0.0
2014-04-10 18:00:00,,0.0
2014-04-11 00:00:00,,0.0
2014-04-11 06:00:00,,0.0
2014-04-11 12:00:00,,0.0
2014-04-11 18:00:00,,0.0
2014-04-12 00:00:00,,0.0
2014-04-12 06:00:00,,0.0
2014-04-12 12:00:00,,0.0
2014-04-12 18:00:00,,0.0
2014-04-13 00:00:00,,0.0
2014-04-13 06:00:00,,0.0
2014-04-13 12:00:00,,0.0
2014-04-13 18:00:00,,0.0
2014-04-14 00:00:00,,0.0
2014-04-14 06:00:00,,0.0
2014-04-14 12:00:00,,0.0
2014-04-14 18:00:00,,0.0
2014-04-15 00:00:00,,0.0
2014-04-15 06:00:00,,0.0
2014-04-15 12:00:00,,0.0
2014-04-15 18:00:00,,0.4
2014-04-16 00:00:00,,0.0
2014-04-16 06:00:00,,0.2
2014-04-16 12:00:00,,0.0
2014-04-16 18:00:00,,0.0
2014-04-17 00:00:00,,0.0
2014-04-17 06:00:00,,0.0
2014-04-17 12:00:00,,0.0
2014-04-17 18:00:00,,0.0
2014-04-18 00:00:00,,0.2
2014-04-18 06:00:00,,0.0
2014-04-18 12:00:00,,0.0
2014-04-18 18:00:00,,0.0
2014-04-19 00:00:00,,0.0
2014-04-19 06:00:00,,0.0
2014-04-19 12:00:00,,0.0
2014-04-19 18:00:00,,0.0
2014-04-20 00:00:00,,0.0
2014-04-20 06:00:00,,0.0
2014-04-20 12:00:00,,0.0
2014-04-20 18:00:00,,0.0
2014-04-21 00:00:00,,0.0
2014-04-21 06:00:00,,0.0
2014-04-21 12:00:00,,0.0
2014-04-21 18:00:00,,0.0
2014-04-22 00:00:00,,0.0
2014-04-22 06:00:00,,0.2
2014-04-22 12:00:00,,0.0
2014-04-22 18:00:00,,0.0
2014-04-23 00:00:00,,1.0
2014-04-23 06:00:00,,0.0
2014-04-23 12:00:00,,0.0
2014-04-23 18:00:00,,0.0
2014-04-24 00:00:00,,0.2
2014-04-24 06:00:00,,0.6
2014-04-24 12:00:00,,0.0
2014-04-24 18:00:00,,0.0
2014-04-25 00:00:00,,0.0
2014-04-25 06:00:00,,0.2
2014-04-25 12:00:00,,0.0
2014-04-25 18:00:00,,0.0
2014-04-26 00:00:00,,0.0
2014-04-26 06:00:00,,0.0
2014-04-26 12:00:00,,0.0
2014-04-26 18:00:00,,0.0
2014-04-27 00:00:00,,0.2
2014-04-27 06:00:00,,0.0
2014-04-27 12:00:00,,0.0
2014-04-27 18:00:00,,0.0
2014-04-28 00:00:00,,0.0
2014-04-28 06:00:00,,0.0
2014-04-28 12:00:00,,0.0
2014-04-28 18:00:00,,0.0
2014-04-29 00:00:00,,0.0
2014-04-29 06:00:00,,0.2
2014-04-29 12:00:00,,0.0
2014-04-29 18:00:00,,0.0
2014-04-30 00:00:00,,0.2
2014-04-30 06:00:00,,0.0
2014-04-30 12:00:00,,0.0
2014-04-30 18:00:00,,0.0
2014-05-01 00:00:00,,0.2
2014-05-01 06:00:00,,0.0
2014-05-01 12:00:00,,0.0
2014-05-01 18:00:00,,0.0
2014-05-02 00:00:00,,0.0
2014-05-02 06:00:00,,0.0
2014-05-02 12:00:00,,0.0
2014-05-02 18:00:00,,0.0
2014-05-03 00:00:00,,0.2
2014-05-03 06:00:00,,0.0
2014-05-03 12:00:00,,0.0
2014-05-03 18:00:00,,0.0
2014-05-04 00:00:00,,0.0
2014-05-04 06:00:00,,0.0
2014-05-04 12:00:00,,0.0
2014-05-04 18:00:00,,0.0
2014-05-05 00:00:00,,0.0
2014-05-05 06:00:00,,0.0
2014-05-05 12:00:00,,0.0
2014-05-05 18:00:00,,0.0
2014-05-06 00:00:00,,0.2
2014-05-06 06:00:00,,0.0
2014-05-06 12:00:00,,0.0
2014-05-06 18:00:00,,0.2
2014-05-07 00:00:00,,0.0
2014-05-07 06:00:00,,0.2
2014-05-07 12:00:00,,0.0
2014-05-07 18:00:00,,0.0
2014-05-08 00:00:00,,0.0
2014-05-08 06:00:00,,0.2
2014-05-08 12:00:00,,0.0
2014-05-08 18:00:00,,3.8
2014-05-09 00:00:00,,0.0
2014-05-09 06:00:00,,0.0
2014-05-09 12:00:00,,0.0
2014-05-09 18:00:00,,0.0
2014-05-10 00:00:00,,0.2
2014-05-10 06:00:00,,0.0
2014-05-10 12:00:00,,0.0
2014-05-10 18:00:00,,0.0
2014-05-11 00:00:00,,0.0
2014-05-11 06:00:00,,0.0
2014-05-11 12:00:00,,0.0
2014-05-11 18:00:00,,0.0
2014-05-12 00:00:00,,0.0
2014-05-12 06:00:00,,0.0
2014-05-12 12:00:00,,0.0
2014-05-12 18:00:00,,0.0
2014-05-13 00:00:00,,0.0
2014-05-13 06:00:00,,0.0
2014-05-13 12:00:00,,0.0
2014-05-13 18:00:00,,0.0
2014-05-14 00:00:00,,0.8
2014-05-14 06:00:00,,0.0
2014-05-14 12:00:00,,0.0
2014-05-14 18:00:00,,0.0
2014-05-15 00:00:00,,1.2
2014-05-15 06:00:00,,0.6
2014-05-15 12:00:00,,0.0
2014-05-15 18:00:00,,0.0
2014-05-16 00:00:00,,2.4
2014-05-16 06:00:00,,0.0
2014-05-16 12:00:00,,0.0
2014-05-16 18:00:00,,0.0
2014-05-17 00:00:00,,0.0
2014-05-17 06:00:00,,0.0
2014-05-17 12:00:00,,0.0
2014-05-17 18:00:00,,0.0
2014-05-18 00:00:00,,0.0
2014-05-18 06:00:00,,0.0
2014-05-18 12:00:00,,0.0
2014-05-18 18:00:00,,0.0
2014-05-19 00:00:00,,0.0
2014-05-19 06:00:00,,0.0
2014-05-19 12:00:00,,0.0
2014-05-19 18:00:00,,0.0
2014-05-20 00:00:00,,0.0
2014-05-20 06:00:00,,0.0
2014-05-20 12:00:00,,0.0
2014-05-20 18:00:00,,0.0
2014-05-21 00:00:00,,0.4
2014-05-21 06:00:00,,0.0
2014-05-21 12:00:00,,0.2
2014-05-21 18:00:00,,0.0
2014-05-22 00:00:00,,0.0
2014-05-22 06:00:00,,0.0
2014-05-22 12:00:00,,0.0
2014-05-22 18:00:00,,0.0
2014-05-23 00:00:00,,0.0
2014-05-23 06:00:00,,0.0
2014-05-23 12:00:00,,0.0
2014-05-23 18:00:00,,0.0
2014-05-24 00:00:00,,0.0
2014-05-24 06:00:00,,0.0
2014-05-24 12:00:00,,0.0
2014-05-24 18:00:00,,0.0
2014-05-25 00:00:00,,0.0
2014-05-25 06:00:00,,0.0
2014-05-25 12:00:00,,0.0
2014-05-25 18:00:00,,0.0
2014-05-26 00:00:00,,0.0
2014-05-26 06:00:00,,0.0
2014-05-26 12:00:00,,0.0
2014-05-26 18:00:00,,0.0
2014-05-27 00:00:00,,0.0
2014-05-27 06:00:00,,0.0
2014-05-27 12:00:00,,0.0
2014-05-27 18:00:00,,0.0
2014-05-28 00:00:00,,0.0
2014-05-28 06:00:00,,0.0
2014-05-28 12:00:00,,0.0
2014-05-28 18:00:00,,0.0
2014-05-29 00:00:00,,0.0
2014-05-29 06:00:00,,0.0
2014-05-29 12:00:00,,0.0
2014-05-29 18:00:00,,0.0
2014-05-30 00:00:00,,0.0
2014-05-30 06:00:00,,0.0
2014-05-30 12:00:00,,0.0
2014-05-30 18:00:00,,0.0
2014-05-31 00:00:00,,0.0
2014-05-31 06:00:00,,0.0
2014-05-31 12:00:00,,0.0
2014-05-31 18:00:00,,0.0
2014-06-01 00:00:00,,0.0
2014-06-01 06:00:00,,0.0
2014-06-01 12:00:00,,0.0
2014-06-01 18:00:00,,0.0
2014-06-02 00:00:00,,0.0
2014-06-02 06:00:00,,0.0
2014-06-02 12:00:00,,0.0
2014-06-02 18:00:00,,0.0
2014-06-03 00:00:00,,0.0
2014-06-03 06:00:00,,0.0
2014-06-03 12:00:00,,0.0
2014-06-03 18:00:00,,0.0
2014-06-04 00:00:00,,0.0
2014-06-04 06:00:00,,0.0
2014-06-04 12:00:00,,0.0
2014-06-04 18:00:00,,0.0
2014-06-05 00:00:00,,0.0
2014-06-05 06:00:00,,0.0
2014-06-05 12:00:00,,0.0
2014-06-05 18:00:00,,0.0
2014-06-06 00:00:00,,0.0
2014-06-06 06:00:00,,0.0
2014-06-06 12:00:00,,0.0
2014-06-06 18:00:00,,0.0
2014-06-07 00:00:00,,0.0
2014-06-07 06:00:00,,0.0
2014-06-07 12:00:00,,0.0
2014-06-07 18:00:00,,0.0
2014-06-08 00:00:00,,0.0
2014-06-08 06:00:00,,0.0
2014-06-08 12:00:00,,0.0
2014-06-08 18:00:00,,0.0
2014-06-09 00:00:00,,0.0
2014-06-09 06:00:00,,0.0
2014-06-09 12:00:00,,0.0
2014-06-09 18:00:00,,0.0
2014-06-10 00:00:00,,0.0
2014-06-10 06:00:00,,0.0
2014-06-10 12:00:00,,0.0
2014-06-10 18:00:00,,0.0
2014-06-11 00:00:00,,0.0
2014-06-11 06:00:00,,0.0
2014-06-11 12:00:00,,0.0
2014-06-11 18:00:00,,0.0
2014-06-12 00:00:00,,0.0
2014-06-12 06:00:00,,0.0
2014-06-12 12:00:00,,0.0
2014-06-12 18:00:00,,0.0
2014-06-13 00:00:00,,0.0
2014-06-13 06:00:00,,0.0
2014-06-13 12:00:00,,0.0
2014-06-13 18:00:00,,0.0
2014-06-14 00:00:00,,0.0
2014-06-14 06:00:00,,0.0
2014-06-14 12:00:00,,0.0
2014-06-14 18:00:00,,0.0
2014-06-15 00:00:00,,0.0
2014-06-15 06:00:00,,0.0
2014-06-15 12:00:00,,0.0
2014-06-15 18:00:00,,0.0
2014-06-16 00:00:00,,0.0
2014-06-16 06:00:00,,0.0
2014-06-16 12:00:00,,0.0
2014-06-16 18:00:00,,0.0
2014-06-17 00:00:00,,0.0
2014-06-17 06:00:00,,0.6
2014-06-17 12:00:00,,0.0
2014-06-17 18:00:00,,0.0
2014-06-18 00:00:00,,0.0
2014-06-18 06:00:00,,0.0
2014-06-18 12:00:00,,0.0
2014-06-18 18:00:00,,0.0
2014-06-19 00:00:00,,0.0
2014-06-19 06:00:00,,0.0
2014-06-19 12:00:00,,0.0
2014-06-19 18:00:00,,0.0
2014-06-20 00:00:00,,0.0
2014-06-20 06:00:00,,0.0
2014-06-20 12:00:00,,0.0
2014-06-20 18:00:00,,0.0
2014-06-21 00:00:00,,0.0
2014-06-21 06:00:00,,0.0
2014-06-21 12:00:00,,0.0
2014-06-21 18:00:00,,0.0
2014-06-22 00:00:00,,0.0
2014-06-22 06:00:00,,0.0
2014-06-22 12:00:00,,0.0
2014-06-22 18:00:00,,0.0
2014-06-23 00:00:00,,
2014-06-23 06:00:00,,
2014-06-23 12:00:00,,
2014-06-23 18:00:00,,
2014-06-24 00:00:00,,
2014-06-24 06:00:00,,
2014-06-24 12:00:00,,
2014-06-24 18:00:00,,
2014-06-25 00:00:00,,
2014-06-25 06:00:00,,
2014-06-25 12:00:00,,
2014-06-25 18:00:00,,
2014-06-26 00:00:00,,
2014-06-26 06:00:00,,
2014-06-26 12:00:00,,
2014-06-26 18:00:00,8.866,0.0
2014-06-27 00:00:00,2.93,0.0
2014-06-27 06:00:00,1.017,0.0
2014-06-27 12:00:00,1.208,0.0
2014-06-27 18:00:00,12.219,0.0
2014-06-28 00:00:00,1.208,0.0
2014-06-28 06:00:00,2.316,0.0
2014-06-28 12:00:00,0.577,0.0
2014-06-28 18:00:00,10.736,0.0
2014-06-29 00:00:00,4.141,0.0
2014-06-29 06:00:00,2.101,0.0
2014-06-29 12:00:00,0.715,0.0
2014-06-29 18:00:00,6.99,0.0
2014-06-30 00:00:00,3.406,0.0
2014-06-30 06:00:00,1.289,0.0
2014-06-30 12:00:00,0.825,0.0
2014-06-30 18:00:00,11.516,0.0
2014-07-01 00:00:00,6.128,0.0
2014-07-01 06:00:00,2.69,0.0
2014-07-01 12:00:00,1.425,0.0
2014-07-01 18:00:00,9.706,0.0
2014-07-02 00:00:00,2.877,0.0
2014-07-02 06:00:00,1.967,0.0
2014-07-02 12:00:00,0.66,0.0
2014-07-02 18:00:00,9.977,0.0
2014-07-03 00:00:00,2.664,0.0
2014-07-03 06:00:00,1.588,0.2
2014-07-03 12:00:00,0.742,0.0
2014-07-03 18:00:00,8.742,0.0
2014-07-04 00:00:00,3.301,0.0
2014-07-04 06:00:00,1.615,0.0
2014-07-04 12:00:00,0.107,0.0
2014-07-04 18:00:00,8.145,0.0
2014-07-05 00:00:00,3.722,0.0
2014-07-05 06:00:00,2.637,0.0
2014-07-05 12:00:00,1.561,0.0
2014-07-05 18:00:00,9.238,0.0
2014-07-06 00:00:00,4.35,0.0
2014-07-06 06:00:00,1.994,0.0
2014-07-06 12:00:00,1.561,0.0
2014-07-06 18:00:00,7.569,0.0
2014-07-07 00:00:00,2.77,0.0
2014-07-07 06:00:00,1.344,0.0
2014-07-07 12:00:00,0.301,0.0
2014-07-07 18:00:00,10.467,0.0
2014-07-08 00:00:00,5.514,0.0
2014-07-08 06:00:00,2.77,0.0
2014-07-08 12:00:00,0.825,0.0
2014-07-08 18:00:00,10.173,0.0
2014-07-09 00:00:00,4.662,0.0
2014-07-09 06:00:00,2.343,0.0
2014-07-09 12:00:00,1.425,0.0
2014-07-09 18:00:00,8.717,0.0
2014-07-10 00:00:00,4.506,0.0
2014-07-10 06:00:00,1.235,0.0
2014-07-10 12:00:00,1.588,0.0
2014-07-10 18:00:00,8.344,0.0
2014-07-11 00:00:00,4.141,0.0
2014-07-11 06:00:00,1.534,0.0
2014-07-11 12:00:00,0.632,0.0
2014-07-11 18:00:00,11.832,0.0
2014-07-12 00:00:00,4.428,0.0
2014-07-12 06:00:00,1.832,0.0
2014-07-12 12:00:00,0.88,0.0
2014-07-12 18:00:00,11.029,0.0
2014-07-13 00:00:00,4.168,0.0
2014-07-13 06:00:00,1.534,0.0
2014-07-13 12:00:00,0.163,0.0
2014-07-13 18:00:00,9.509,0.0
2014-07-14 00:00:00,2.877,0.0
2014-07-14 06:00:00,4.011,0.0
2014-07-14 12:00:00,0.301,0.0
2014-07-14 18:00:00,9.977,0.0
2014-07-15 00:00:00,4.895,0.0
2014-07-15 06:00:00,3.116,0.0
2014-07-15 12:00:00,4.063,0.0
2014-07-15 18:00:00,8.568,0.0
2014-07-16 00:00:00,4.141,0.0
2014-07-16 06:00:00,1.994,0.0
2014-07-16 12:00:00,1.044,0.0
2014-07-16 18:00:00,6.965,0.0
2014-07-17 00:00:00,4.246,0.0
2014-07-17 06:00:00,0.495,0.0
2014-07-17 12:00:00,0.024,0.0
2014-07-17 18:00:00,10.051,0.0
2014-07-18 00:00:00,4.246,0.0
2014-07-18 06:00:00,1.126,0.0
2014-07-18 12:00:00,0.024,0.0
2014-07-18 18:00:00,5.514,0.0
2014-07-19 00:00:00,3.089,0.0
2014-07-19 06:00:00,1.099,0.0
2014-07-19 12:00:00,0.412,0.0
2014-07-19 18:00:00,2.37,0.4
2014-07-20 00:00:00,4.22,0.0
2014-07-20 06:00:00,0.329,0.0
2014-07-20 12:00:00,0.163,0.0
2014-07-20 18:00:00,4.011,0.0
2014-07-21 00:00:00,1.126,0.0
2014-07-21 06:00:00,-0.311,0.0
2014-07-21 12:00:00,-0.032,0.0
2014-07-21 18:00:00,12.34,0.0
2014-07-22 00:00:00,5.102,0.0
2014-07-22 06:00:00,2.209,0.0
2014-07-22 12:00:00,0.715,0.0
2014-07-22 18:00:00,11.321,0.0
2014-07-23 00:00:00,4.662,0.0
2014-07-23 06:00:00,1.044,0.0
2014-07-23 12:00:00,-0.817,0.0
2014-07-23 18:00:00,10.712,0.0
2014-07-24 00:00:00,4.714,0.0
2014-07-24 06:00:00,1.832,0.0
2014-07-24 12:00:00,0.246,0.0
2014-07-24 18:00:00,9.188,0.0
2014-07-25 00:00:00,4.115,0.0
2014-07-25 06:00:00,1.994,0.0
2014-07-25 12:00:00,1.153,0.0
2014-07-25 18:00:00,9.756,0.0
2014-07-26 00:00:00,3.749,0.0
2014-07-26 06:00:00,1.126,0.0
2014-07-26 12:00:00,0.218,0.0
2014-07-26 18:00:00,12.413,0.0
2014-07-27 00:00:00,4.558,0.0
2014-07-27 06:00:00,1.643,0.0
2014-07-27 12:00:00,1.153,0.0
2014-07-27 18:00:00,12.268,0.0
2014-07-28 00:00:00,4.869,0.0
2014-07-28 06:00:00,1.48,0.0
2014-07-28 12:00:00,0.107,0.0
2014-07-28 18:00:00,4.74,0.0
2014-07-29 00:00:00,1.94,0.0
2014-07-29 06:00:00,0.301,0.0
2014-07-29 12:00:00,-0.088,0.0
2014-07-29 18:00:00,8.693,0.0
2014-07-30 00:00:00,4.376,0.0
2014-07-30 06:00:00,2.557,0.0
2014-07-30 12:00:00,1.126,0.0
2014-07-30 18:00:00,10.271,0.0
2014-07-31 00:00:00,1.832,0.0
2014-07-31 06:00:00,0.715,0.0
2014-07-31 12:00:00,0.107,0.0
2014-07-31 18:00:00,10.222,0.0
2014-08-01 00:00:00,4.376,0.0
2014-08-01 06:00:00,1.371,0.0
2014-08-01 12:00:00,1.235,0.0
2014-08-01 18:00:00,7.419,0.0
2014-08-02 00:00:00,0.88,0.0
2014-08-02 06:00:00,2.53,0.0
2014-08-02 12:00:00,1.751,0.0
2014-08-02 18:00:00,5.821,0.0
2014-08-03 00:00:00,3.142,0.0
2014-08-03 06:00:00,1.235,0.0
2014-08-03 12:00:00,2.93,0.0
2014-08-03 18:00:00,9.509,0.0
2014-08-04 00:00:00,5.514,0.0
2014-08-04 06:00:00,1.778,0.0
2014-08-04 12:00:00,3.932,0.0
2014-08-04 18:00:00,10.907,0.0
2014-08-05 00:00:00,5.05,0.0
2014-08-05 06:00:00,1.18,0.0
2014-08-05 12:00:00,-0.591,0.0
2014-08-05 18:00:00,9.46,0.0
2014-08-06 00:00:00,3.854,0.0
2014-08-06 06:00:00,2.101,0.0
2014-08-06 12:00:00,0.467,0.0
2014-08-06 18:00:00,11.856,0.0
2014-08-07 00:00:00,2.101,0.0
2014-08-07 06:00:00,-0.76,0.0
2014-08-07 12:00:00,0.19,0.0
2014-08-07 18:00:00,10.834,0.0
2014-08-08 00:00:00,3.168,0.0
2014-08-08 06:00:00,0.412,0.0
2014-08-08 12:00:00,1.017,0.0
2014-08-08 18:00:00,6.509,0.0
2014-08-09 00:00:00,3.274,0.0
2014-08-09 06:00:00,0.218,0.0
2014-08-09 12:00:00,-0.283,0.0
2014-08-09 18:00:00,4.973,0.0
2014-08-10 00:00:00,2.77,0.0
2014-08-10 06:00:00,1.235,0.0
2014-08-10 12:00:00,-0.283,0.0
2014-08-10 18:00:00,7.82,0.0
2014-08-11 00:00:00,2.477,0.2
2014-08-11 06:00:00,0.907,0.0
2014-08-11 12:00:00,-0.367,0.0
2014-08-11 18:00:00,6.281,0.0
2014-08-12 00:00:00,3.036,0.0
2014-08-12 06:00:00,0.742,0.0
2014-08-12 12:00:00,-0.339,0.0
2014-08-12 18:00:00,6.889,0.0
2014-08-13 00:00:00,3.932,0.0
2014-08-13 06:00:00,1.994,0.0
2014-08-13 12:00:00,-0.367,0.0
2014-08-13 18:00:00,3.749,0.0
2014-08-14 00:00:00,2.316,0.0
2014-08-14 06:00:00,-0.311,0.0
2014-08-14 12:00:00,-1.128,0.0
2014-08-14 18:00:00,10.222,0.0
2014-08-15 00:00:00,4.973,0.0
2014-08-15 06:00:00,2.047,0.0
2014-08-15 12:00:00,1.425,0.0
2014-08-15 18:00:00,4.141,0.0
2014-08-16 00:00:00,2.77,0.0
2014-08-16 06:00:00,0.024,0.0
2014-08-16 12:00:00,-1.213,0.0
2014-08-16 18:00:00,8.245,0.0
2014-08-17 00:00:00,3.538,0.0
2014-08-17 06:00:00,0.605,0.0
2014-08-17 12:00:00,-0.535,0.0
2014-08-17 18:00:00,9.706,0.0
2014-08-18 00:00:00,3.722,0.0
2014-08-18 06:00:00,0.384,0.0
2014-08-18 12:00:00,-0.704,0.0
2014-08-18 18:00:00,9.509,0.0
2014-08-19 00:00:00,3.985,0.0
2014-08-19 06:00:00,0.797,0.0
2014-08-19 12:00:00,-1.071,0.0
2014-08-19 18:00:00,9.78,0.0
2014-08-20 00:00:00,3.591,0.0
2014-08-20 06:00:00,0.55,0.0
2014-08-20 12:00:00,-0.62,0.0
2014-08-20 18:00:00,10.247,0.0
2014-08-21 00:00:00,3.063,0.0
2014-08-21 06:00:00,0.412,0.0
2014-08-21 12:00:00,-0.199,0.0
2014-08-21 18:00:00,11.492,0.0
2014-08-22 00:00:00,4.168,0.0
2014-08-22 06:00:00,0.384,0.0
2014-08-22 12:00:00,-0.732,0.0
2014-08-22 18:00:00,11.783,0.0
2014-08-23 00:00:00,4.454,0.0
2014-08-23 06:00:00,-0.032,0.0
2014-08-23 12:00:00,0.301,0.0
2014-08-23 18:00:00,10.761,0.0
2014-08-24 00:00:00,3.932,0.0
2014-08-24 06:00:00,-0.004,0.0
2014-08-24 12:00:00,-1.043,0.0
2014-08-24 18:00:00,10.051,0.0
2014-08-25 00:00:00,2.236,0.0
2014-08-25 06:00:00,0.024,0.0
2014-08-25 12:00:00,-0.902,0.0
2014-08-25 18:00:00,8.095,0.0
2014-08-26 00:00:00,3.906,0.0
2014-08-26 06:00:00,1.344,0.0
2014-08-26 12:00:00,-0.004,0.0
2014-08-26 18:00:00,6.382,0.0
2014-08-27 00:00:00,3.142,0.0
2014-08-27 06:00:00,1.017,0.0
2014-08-27 12:00:00,-0.143,0.0
2014-08-27 18:00:00,10.075,0.0
2014-08-28 00:00:00,3.459,0.0
2014-08-28 06:00:00,2.074,0.0
2014-08-28 12:00:00,0.577,0.0
2014-08-28 18:00:00,8.792,0.0
2014-08-29 00:00:00,4.037,0.0
2014-08-29 06:00:00,0.384,0.0
2014-08-29 12:00:00,0.051,0.0
2014-08-29 18:00:00,7.92,0.0
2014-08-30 00:00:00,2.155,0.0
2014-08-30 06:00:00,0.852,0.0
2014-08-30 12:00:00,0.051,0.0
2014-08-30 18:00:00,10.541,0.0
2014-08-31 00:00:00,3.485,0.0
2014-08-31 06:00:00,0.66,0.0
2014-08-31 12:00:00,-0.255,0.0
2014-08-31 18:00:00,6.94,0.0
2014-09-01 00:00:00,3.009,0.0
2014-09-01 06:00:00,0.852,0.0
2014-09-01 12:00:00,-0.339,0.0
2014-09-01 18:00:00,9.706,0.0
2014-09-02 00:00:00,4.089,0.0
2014-09-02 06:00:00,0.989,0.0
2014-09-02 12:00:00,-0.62,0.0
2014-09-02 18:00:00,9.114,0.0
2014-09-03 00:00:00,4.402,0.0
2014-09-03 06:00:00,0.467,0.0
2014-09-03 12:00:00,0.024,0.0
2014-09-03 18:00:00,10.541,0.0
2014-09-04 00:00:00,4.324,0.0
2014-09-04 06:00:00,1.425,0.0
2014-09-04 12:00:00,1.235,0.0
2014-09-04 18:00:00,8.444,0.0
2014-09-05 00:00:00,3.932,0.0
2014-09-05 06:00:00,-0.171,0.0
2014-09-05 12:00:00,0.329,0.0
2014-09-05 18:00:00,4.636,0.0
2014-09-06 00:00:00,1.913,0.0
2014-09-06 06:00:00,0.273,0.0
2014-09-06 12:00:00,1.507,0.0
2014-09-06 18:00:00,8.295,0.0
2014-09-07 00:00:00,3.327,0.0
2014-09-07 06:00:00,0.934,0.0
2014-09-07 12:00:00,1.94,0.0
2014-09-07 18:00:00,7.845,0.0
2014-09-08 00:00:00,3.512,0.0
2014-09-08 06:00:00,0.467,0.0
2014-09-08 12:00:00,-0.676,0.0
2014-09-08 18:00:00,9.41,0.0
2014-09-09 00:00:00,3.749,0.0
2014-09-09 06:00:00,1.859,0.0
2014-09-09 12:00:00,1.724,0.0
2014-09-09 18:00:00,7.444,0.0
2014-09-10 00:00:00,4.35,0.0
2014-09-10 06:00:00,2.37,0.0
2014-09-10 12:00:00,1.017,0.0
2014-09-10 18:00:00,10.712,0.0
2014-09-11 00:00:00,4.298,0.0
2014-09-11 06:00:00,3.142,0.0
2014-09-11 12:00:00,1.18,0.0
2014-09-11 18:00:00,9.163,0.0
2014-09-12 00:00:00,4.973,0.0
2014-09-12 06:00:00,2.956,0.0
2014-09-12 12:00:00,2.503,0.0
2014-09-12 18:00:00,6.458,0.0
2014-09-13 00:00:00,3.036,0.0
2014-09-13 06:00:00,0.577,0.0
2014-09-13 12:00:00,1.778,0.0
2014-09-13 18:00:00,11.565,0.0
2014-09-14 00:00:00,2.262,0.0
2014-09-14 06:00:00,1.398,0.0
2014-09-14 12:00:00,0.797,0.0
2014-09-14 18:00:00,3.538,0.8
2014-09-15 00:00:00,3.88,0.0
2014-09-15 06:00:00,2.503,0.0
2014-09-15 12:00:00,0.742,0.0
2014-09-15 18:00:00,5.949,0.0
2014-09-16 00:00:00,2.316,0.0
2014-09-16 06:00:00,-0.088,0.0
2014-09-16 12:00:00,0.632,0.0
2014-09-16 18:00:00,9.064,1.4
2014-09-17 00:00:00,0.522,0.4
2014-09-17 06:00:00,0.051,0.0
2014-09-17 12:00:00,0.107,0.0
2014-09-17 18:00:00,7.92,0.0
2014-09-18 00:00:00,1.724,0.0
2014-09-18 06:00:00,-1.613,0.0
2014-09-18 12:00:00,-0.367,0.0
2014-09-18 18:00:00,10.516,0.0
2014-09-19 00:00:00,2.664,0.0
2014-09-19 06:00:00,1.289,0.0
2014-09-19 12:00:00,1.507,0.0
2014-09-19 18:00:00,9.312,0.0
2014-09-20 00:00:00,2.343,0.4
2014-09-20 06:00:00,-0.116,0.0
2014-09-20 12:00:00,0.467,0.0
2014-09-20 18:00:00,12.485,0.0
2014-09-21 00:00:00,0.907,0.0
2014-09-21 06:00:00,1.153,0.0
2014-09-21 12:00:00,1.561,0.4
2014-09-21 18:00:00,7.167,0.0
2014-09-22 00:00:00,3.38,0.0
2014-09-22 06:00:00,0.55,0.2
2014-09-22 12:00:00,0.687,0.0
2014-09-22 18:00:00,9.336,0.0
2014-09-23 00:00:00,1.561,0.0
2014-09-23 06:00:00,1.344,0.0
2014-09-23 12:00:00,1.18,0.0
2014-09-23 18:00:00,8.17,0.0
2014-09-24 00:00:00,3.301,0.2
2014-09-24 06:00:00,1.289,0.0
2014-09-24 12:00:00,1.561,0.0
2014-09-24 18:00:00,8.643,0.0
2014-09-25 00:00:00,3.406,0.2
2014-09-25 06:00:00,1.724,0.0
2014-09-25 12:00:00,1.099,0.0
2014-09-25 18:00:00,7.242,0.0
2014-09-26 00:00:00,3.854,0.0
2014-09-26 06:00:00,2.209,0.0
2014-09-26 12:00:00,0.934,0.0
2014-09-26 18:00:00,11.443,0.0
2014-09-27 00:00:00,1.344,0.0
2014-09-27 06:00:00,1.67,0.0
2014-09-27 12:00:00,0.989,0.0
2014-09-27 18:00:00,8.99,0.0
2014-09-28 00:00:00,3.827,0.0
2014-09-28 06:00:00,2.396,0.0
2014-09-28 12:00:00,1.67,0.0
2014-09-28 18:00:00,3.617,0.0
2014-09-29 00:00:00,2.074,0.0
2014-09-29 06:00:00,0.77,0.0
2014-09-29 12:00:00,1.371,0.0
2014-09-29 18:00:00,7.318,0.0
2014-09-30 00:00:00,3.801,0.0
2014-09-30 06:00:00,1.453,0.0
2014-09-30 12:00:00,0.77,0.0
2014-09-30 18:00:00,8.419,0.0
2014-10-01 00:00:00,3.195,0.0
2014-10-01 06:00:00,1.371,0.0
2014-10-01 12:00:00,3.827,0.0
2014-10-01 18:00:00,7.87,0.0
2014-10-02 00:00:00,3.827,0.0
2014-10-02 06:00:00,2.289,0.0
2014-10-02 12:00:00,1.208,0.0
2014-10-02 18:00:00,6.204,0.0
2014-10-03 00:00:00,4.011,0.0
2014-10-03 06:00:00,1.507,0.0
2014-10-03 12:00:00,0.88,0.0
2014-10-03 18:00:00,11.783,0.0
2014-10-04 00:00:00,4.688,0.0
2014-10-04 06:00:00,1.778,0.0
2014-10-04 12:00:00,2.637,0.0
2014-10-04 18:00:00,12.05,0.0
2014-10-05 00:00:00,3.168,0.0
2014-10-05 06:00:00,0.079,0.0
2014-10-05 12:00:00,1.588,0.0
2014-10-05 18:00:00,7.82,0.0
2014-10-06 00:00:00,3.854,0.0
2014-10-06 06:00:00,3.512,0.0
2014-10-06 12:00:00,2.903,0.0
2014-10-06 18:00:00,7.091,0.0
2014-10-07 00:00:00,3.564,0.0
2014-10-07 06:00:00,2.717,0.0
2014-10-07 12:00:00,1.18,0.0
2014-10-07 18:00:00,8.245,0.0
2014-10-08 00:00:00,3.643,0.2
2014-10-08 06:00:00,3.354,0.0
2014-10-08 12:00:00,3.354,0.0
2014-10-08 18:00:00,7.82,0.0
2014-10-09 00:00:00,2.93,0.0
2014-10-09 06:00:00,1.859,0.0
2014-10-09 12:00:00,1.344,0.0
2014-10-09 18:00:00,5.282,0.0
2014-10-10 00:00:00,3.406,1.2
2014-10-10 06:00:00,2.61,0.0
2014-10-10 12:00:00,1.643,0.0
2014-10-10 18:00:00,8.444,0.0
2014-10-11 00:00:00,4.115,0.0
2014-10-11 06:00:00,3.063,0.0
2014-10-11 12:00:00,1.724,0.0
2014-10-11 18:00:00,2.316,0.0
2014-10-12 00:00:00,3.591,0.0
2014-10-12 06:00:00,1.751,0.0
2014-10-12 12:00:00,1.289,0.0
2014-10-12 18:00:00,5.539,0.0
2014-10-13 00:00:00,2.289,0.0
2014-10-13 06:00:00,2.262,0.0
2014-10-13 12:00:00,2.047,0.0
2014-10-13 18:00:00,7.469,0.0
2014-10-14 00:00:00,2.047,0.0
2014-10-14 06:00:00,0.467,0.0
2014-10-14 12:00:00,-0.227,0.0
2014-10-14 18:00:00,5.821,0.0
2014-10-15 00:00:00,3.116,0.0
2014-10-15 06:00:00,1.153,0.0
2014-10-15 12:00:00,1.398,0.0
2014-10-15 18:00:00,5.437,0.0
2014-10-16 00:00:00,3.301,0.0
2014-10-16 06:00:00,2.047,0.0
2014-10-16 12:00:00,0.19,0.0
2014-10-16 18:00:00,5.334,0.0
2014-10-17 00:00:00,1.778,0.0
2014-10-17 06:00:00,1.344,0.0
2014-10-17 12:00:00,0.934,0.0
2014-10-17 18:00:00,11.613,0.0
2014-10-18 00:00:00,3.564,0.0
2014-10-18 06:00:00,0.632,0.0
2014-10-18 12:00:00,2.316,0.0
2014-10-18 18:00:00,12.944,0.0
2014-10-19 00:00:00,2.93,0.0
2014-10-19 06:00:00,1.453,0.0
2014-10-19 12:00:00,4.194,0.0
2014-10-19 18:00:00,6.382,0.0
2014-10-20 00:00:00,2.396,0.6
2014-10-20 06:00:00,1.153,0.2
2014-10-20 12:00:00,0.301,0.0
2014-10-20 18:00:00,8.916,0.0
2014-10-21 00:00:00,1.371,0.2
2014-10-21 06:00:00,0.715,0.0
2014-10-21 12:00:00,1.017,0.8
2014-10-21 18:00:00,7.995,0.0
2014-10-22 00:00:00,2.53,0.0
2014-10-22 06:00:00,1.262,0.2
2014-10-22 12:00:00,2.664,0.6
2014-10-22 18:00:00,12.654,0.0
2014-10-23 00:00:00,3.958,0.0
2014-10-23 06:00:00,3.009,0.0
2014-10-23 12:00:00,0.412,0.0
2014-10-23 18:00:00,12.389,0.0
2014-10-24 00:00:00,3.354,0.2
2014-10-24 06:00:00,1.94,0.0
2014-10-24 12:00:00,4.115,0.0
2014-10-24 18:00:00,11.71,0.0
2014-10-25 00:00:00,2.903,0.0
2014-10-25 06:00:00,2.797,0.0
2014-10-25 12:00:00,1.398,0.0
2014-10-25 18:00:00,1.534,1.6
2014-10-26 00:00:00,0.962,0.0
2014-10-26 06:00:00,2.797,0.0
2014-10-26 12:00:00,2.61,0.0
2014-10-26 18:00:00,12.63,0.0
2014-10-27 00:00:00,4.869,0.0
2014-10-27 06:00:00,2.983,0.0
2014-10-27 12:00:00,1.886,0.0
2014-10-27 18:00:00,11.516,0.0
2014-10-28 00:00:00,4.194,0.0
2014-10-28 06:00:00,2.85,0.2
2014-10-28 12:00:00,2.503,0.0
2014-10-28 18:00:00,10.124,0.0
2014-10-29 00:00:00,3.116,0.2
2014-10-29 06:00:00,1.913,0.0
2014-10-29 12:00:00,3.643,0.0
2014-10-29 18:00:00,8.095,0.0
2014-10-30 00:00:00,2.316,0.4
2014-10-30 06:00:00,2.316,0.0
2014-10-30 12:00:00,3.696,0.0
2014-10-30 18:00:00,12.389,0.0
2014-10-31 00:00:00,3.512,0.0
2014-10-31 06:00:00,2.074,0.0
2014-10-31 12:00:00,3.643,0.0
2014-10-31 18:00:00,8.22,0.0
2014-11-01 00:00:00,3.327,0.0
2014-11-01 06:00:00,1.262,0.0
2014-11-01 12:00:00,4.324,0.0
2014-11-01 18:00:00,13.016,0.0
2014-11-02 00:00:00,3.67,0.0
2014-11-02 06:00:00,3.327,0.0
2014-11-02 12:00:00,4.194,0.0
2014-11-02 18:00:00,12.727,0.0
2014-11-03 00:00:00,4.194,0.0
2014-11-03 06:00:00,1.778,0.0
2014-11-03 12:00:00,2.85,0.0
2014-11-03 18:00:00,8.817,0.0
2014-11-04 00:00:00,2.61,0.0
2014-11-04 06:00:00,1.289,0.0
2014-11-04 12:00:00,4.973,0.0
2014-11-04 18:00:00,10.907,0.0
2014-11-05 00:00:00,4.324,0.0
2014-11-05 06:00:00,3.88,0.0
2014-11-05 12:00:00,2.93,0.0
2014-11-05 18:00:00,6.484,0.0
2014-11-06 00:00:00,6.864,0.0
2014-11-06 06:00:00,3.301,0.0
2014-11-06 12:00:00,3.722,0.0
2014-11-06 18:00:00,4.324,0.4
2014-11-07 00:00:00,1.48,0.8
2014-11-07 06:00:00,1.994,1.0
2014-11-07 12:00:00,1.588,0.2
2014-11-07 18:00:00,6.636,0.0
2014-11-08 00:00:00,2.903,0.2
2014-11-08 06:00:00,3.696,0.0
2014-11-08 12:00:00,3.801,0.0
2014-11-08 18:00:00,7.469,0.0
2014-11-09 00:00:00,4.115,1.4
2014-11-09 06:00:00,2.61,0.0
2014-11-09 12:00:00,3.274,0.0
2014-11-09 18:00:00,8.593,0.0
2014-11-10 00:00:00,3.433,0.0
2014-11-10 06:00:00,2.316,0.0
2014-11-10 12:00:00,2.289,0.2
2014-11-10 18:00:00,11.467,0.0
2014-11-11 00:00:00,2.53,2.4
2014-11-11 06:00:00,0.439,0.0
2014-11-11 12:00:00,2.956,0.0
2014-11-11 18:00:00,12.509,0.0
2014-11-12 00:00:00,3.985,0.2
2014-11-12 06:00:00,1.859,0.0
2014-11-12 12:00:00,1.724,0.0
2014-11-12 18:00:00,10.516,0.0
2014-11-13 00:00:00,1.886,0.6
2014-11-13 06:00:00,1.561,0.0
2014-11-13 12:00:00,1.453,0.0
2014-11-13 18:00:00,2.209,1.2
2014-11-14 00:00:00,1.071,0.4
2014-11-14 06:00:00,0.632,0.0
2014-11-14 12:00:00,0.051,0.0
2014-11-14 18:00:00,0.934,0.0
2014-11-15 00:00:00,0.412,0.2
2014-11-15 06:00:00,0.079,0.0
2014-11-15 12:00:00,0.135,0.0
2014-11-15 18:00:00,5.693,0.0
2014-11-16 00:00:00,2.262,0.0
2014-11-16 06:00:00,1.588,0.0
2014-11-16 12:00:00,1.153,0.0
2014-11-16 18:00:00,10.516,0.0
2014-11-17 00:00:00,0.742,0.0
2014-11-17 06:00:00,1.317,0.8
2014-11-17 12:00:00,0.495,0.0
2014-11-17 18:00:00,6.763,0.0
2014-11-18 00:00:00,1.534,0.2
2014-11-18 06:00:00,1.398,0.0
2014-11-18 12:00:00,3.248,0.0
2014-11-18 18:00:00,8.593,0.0
2014-11-19 00:00:00,0.825,0.0
2014-11-19 06:00:00,0.55,0.2
2014-11-19 12:00:00,2.343,0.2
2014-11-19 18:00:00,10.271,0.0
2014-11-20 00:00:00,2.584,0.0
2014-11-20 06:00:00,-0.255,0.0
2014-11-20 12:00:00,2.983,0.0
2014-11-20 18:00:00,11.078,0.0
2014-11-21 00:00:00,3.248,0.0
2014-11-21 06:00:00,0.356,0.0
2014-11-21 12:00:00,1.18,0.0
2014-11-21 18:00:00,13.112,0.0
2014-11-22 00:00:00,2.69,0.0
2014-11-22 06:00:00,-0.817,0.0
2014-11-22 12:00:00,3.063,0.0
2014-11-22 18:00:00,14.433,0.0
2014-11-23 00:00:00,3.406,0.0
2014-11-23 06:00:00,0.329,0.0
2014-11-23 12:00:00,3.485,0.0
2014-11-23 18:00:00,13.377,0.0
2014-11-24 00:00:00,5.847,0.0
2014-11-24 06:00:00,2.128,0.0
2014-11-24 12:00:00,4.818,0.0
2014-11-24 18:00:00,12.775,0.0
2014-11-25 00:00:00,4.869,0.0
2014-11-25 06:00:00,1.289,0.0
2014-11-25 12:00:00,4.011,0.0
2014-11-25 18:00:00,14.314,0.0
2014-11-26 00:00:00,1.615,0.8
2014-11-26 06:00:00,1.805,0.0
2014-11-26 12:00:00,4.662,0.0
2014-11-26 18:00:00,13.329,0.0
2014-11-27 00:00:00,4.454,0.0
2014-11-27 06:00:00,2.128,0.0
2014-11-27 12:00:00,6.281,0.0
2014-11-27 18:00:00,13.112,0.0
2014-11-28 00:00:00,5.154,0.0
2014-11-28 06:00:00,2.155,0.0
2014-11-28 12:00:00,5.77,0.0
2014-11-28 18:00:00,11.88,0.0
2014-11-29 00:00:00,5.616,0.0
2014-11-29 06:00:00,3.67,0.0
2014-11-29 12:00:00,6.788,0.0
2014-11-29 18:00:00,11.613,0.0
2014-11-30 00:00:00,5.949,0.0
2014-11-30 06:00:00,3.433,0.0
2014-11-30 12:00:00,3.512,0.0
2014-11-30 18:00:00,10.492,0.0
2014-12-01 00:00:00,3.906,0.0
2014-12-01 06:00:00,2.69,0.4
2014-12-01 12:00:00,3.274,0.0
2014-12-01 18:00:00,10.712,0.0
2014-12-02 00:00:00,3.775,0.0
2014-12-02 06:00:00,2.53,0.0
2014-12-02 12:00:00,2.797,0.0
2014-12-02 18:00:00,10.883,0.0
2014-12-03 00:00:00,4.376,0.0
2014-12-03 06:00:00,3.354,0.0
2014-12-03 12:00:00,2.53,0.0
2014-12-03 18:00:00,6.458,0.2
2014-12-04 00:00:00,3.88,0.0
2014-12-04 06:00:00,2.956,0.0
2014-12-04 12:00:00,2.664,0.0
2014-12-04 18:00:00,4.766,0.0
2014-12-05 00:00:00,3.142,0.0
2014-12-05 06:00:00,2.45,0.0
2014-12-05 12:00:00,2.047,0.0
2014-12-05 18:00:00,8.916,0.0
2014-12-06 00:00:00,3.775,0.0
2014-12-06 06:00:00,2.047,0.0
2014-12-06 12:00:00,2.316,0.2
2014-12-06 18:00:00,9.78,0.0
2014-12-07 00:00:00,4.48,0.0
2014-12-07 06:00:00,3.089,0.0
2014-12-07 12:00:00,6.839,0.0
2014-12-07 18:00:00,12.461,0.0
2014-12-08 00:00:00,0.88,0.4
2014-12-08 06:00:00,2.53,0.0
2014-12-08 12:00:00,4.921,0.0
2014-12-08 18:00:00,10.296,0.0
2014-12-09 00:00:00,2.93,0.0
2014-12-09 06:00:00,0.467,0.0
2014-12-09 12:00:00,2.047,0.0
2014-12-09 18:00:00,7.795,0.0
2014-12-10 00:00:00,2.477,0.2
2014-12-10 06:00:00,0.77,0.4
2014-12-10 12:00:00,-0.479,0.0
2014-12-10 18:00:00,4.792,0.2
2014-12-11 00:00:00,1.859,0.0
2014-12-11 06:00:00,0.632,0.0
2014-12-11 12:00:00,3.274,0.0
2014-12-11 18:00:00,9.163,0.0
2014-12-12 00:00:00,4.844,0.0
2014-12-12 06:00:00,2.423,0.0
2014-12-12 12:00:00,3.538,0.0
2014-12-12 18:00:00,11.37,0.0
2014-12-13 00:00:00,0.742,0.0
2014-12-13 06:00:00,0.687,0.0
2014-12-13 12:00:00,0.246,0.0
2014-12-13 18:00:00,4.22,0.0
2014-12-14 00:00:00,0.246,0.0
2014-12-14 06:00:00,1.262,0.0
2014-12-14 12:00:00,1.913,0.0
2014-12-14 18:00:00,4.089,0.0
2014-12-15 00:00:00,0.962,0.4
2014-12-15 06:00:00,0.989,0.2
2014-12-15 12:00:00,0.934,0.0
2014-12-15 18:00:00,8.866,0.0
2014-12-16 00:00:00,0.329,0.0
2014-12-16 06:00:00,1.643,0.0
2014-12-16 12:00:00,3.512,0.0
2014-12-16 18:00:00,8.494,0.0
2014-12-17 00:00:00,3.459,0.0
2014-12-17 06:00:00,2.45,0.0
2014-12-17 12:00:00,1.859,0.2
2014-12-17 18:00:00,11.151,0.0
2014-12-18 00:00:00,1.262,0.4
2014-12-18 06:00:00,1.317,0.0
2014-12-18 12:00:00,1.262,0.0
2014-12-18 18:00:00,4.688,1.2
2014-12-19 00:00:00,2.423,0.0
2014-12-19 06:00:00,0.934,0.0
2014-12-19 12:00:00,3.801,0.0
2014-12-19 18:00:00,13.57,0.0
2014-12-20 00:00:00,4.818,0.0
2014-12-20 06:00:00,1.371,0.0
2014-12-20 12:00:00,3.301,0.0
2014-12-20 18:00:00,14.002,0.0
2014-12-21 00:00:00,5.821,0.0
2014-12-21 06:00:00,2.236,0.0
2014-12-21 12:00:00,4.947,0.0
2014-12-21 18:00:00,13.714,0.0
2014-12-22 00:00:00,4.194,0.0
2014-12-22 06:00:00,2.074,0.0
2014-12-22 12:00:00,3.512,0.0
2014-12-22 18:00:00,9.805,0.0
2014-12-23 00:00:00,4.869,0.0
2014-12-23 06:00:00,3.195,0.0
2014-12-23 12:00:00,2.797,0.0
2014-12-23 18:00:00,5.308,0.6
2014-12-24 00:00:00,4.895,0.0
2014-12-24 06:00:00,2.77,0.2
2014-12-24 12:00:00,3.089,0.0
2014-12-24 18:00:00,9.583,0.0
2014-12-25 00:00:00,4.895,0.0
2014-12-25 06:00:00,2.262,0.0
2014-12-25 12:00:00,3.985,0.0
2014-12-25 18:00:00,8.394,0.4
2014-12-26 00:00:00,3.301,0.0
2014-12-26 06:00:00,2.584,0.0
2014-12-26 12:00:00,1.588,0.2
2014-12-26 18:00:00,9.706,0.0
2014-12-27 00:00:00,0.522,0.4
2014-12-27 06:00:00,2.316,1.2
2014-12-27 12:00:00,2.584,0.0
2014-12-27 18:00:00,8.618,0.0
2014-12-28 00:00:00,4.792,0.0
2014-12-28 06:00:00,4.089,0.0
2014-12-28 12:00:00,3.248,0.0
2014-12-28 18:00:00,12.534,0.0
2014-12-29 00:00:00,1.017,0.0
2014-12-29 06:00:00,2.797,0.0
2014-12-29 12:00:00,1.724,0.0
2014-12-29 18:00:00,7.795,0.0
2014-12-30 00:00:00,1.371,0.4
2014-12-30 06:00:00,1.778,0.0
2014-12-30 12:00:00,2.664,0.0
2014-12-30 18:00:00,10.1,0.0
2014-12-31 00:00:00,3.617,0.2
2014-12-31 06:00:00,1.832,0.2
2014-12-31 12:00:00,1.751,0.0
2014-12-31 18:00:00,4.818,0.0
2015-01-01 00:00:00,0.577,0.2
2015-01-01 06:00:00,0.934,0.2
2015-01-01 12:00:00,4.037,0.0
2015-01-01 18:00:00,11.127,0.0
2015-01-02 00:00:00,0.163,0.0
2015-01-02 06:00:00,1.371,0.0
2015-01-02 12:00:00,2.797,0.0
2015-01-02 18:00:00,8.693,0.0
2015-01-03 00:00:00,3.354,0.0
2015-01-03 06:00:00,1.967,0.0
2015-01-03 12:00:00,2.557,0.0
2015-01-03 18:00:00,8.295,0.0
2015-01-04 00:00:00,2.61,0.0
2015-01-04 06:00:00,1.886,0.0
2015-01-04 12:00:00,1.967,0.0
2015-01-04 18:00:00,3.775,1.2
2015-01-05 00:00:00,3.142,0.0
2015-01-05 06:00:00,2.074,0.0
2015-01-05 12:00:00,1.425,0.0
2015-01-05 18:00:00,5.693,0.0
2015-01-06 00:00:00,3.485,0.0
2015-01-06 06:00:00,1.832,0.0
2015-01-06 12:00:00,1.994,0.2
2015-01-06 18:00:00,6.965,0.0
2015-01-07 00:00:00,3.827,0.0
2015-01-07 06:00:00,1.832,0.0
2015-01-07 12:00:00,1.615,0.0
2015-01-07 18:00:00,4.818,0.4
2015-01-08 00:00:00,4.766,0.0
2015-01-08 06:00:00,2.289,0.0
2015-01-08 12:00:00,2.047,0.0
2015-01-08 18:00:00,7.72,0.0
2015-01-09 00:00:00,4.869,0.0
2015-01-09 06:00:00,2.61,0.0
2015-01-09 12:00:00,2.797,0.0
2015-01-09 18:00:00,5.975,0.0
2015-01-10 00:00:00,3.459,0.0
2015-01-10 06:00:00,2.53,0.0
2015-01-10 12:00:00,2.182,0.0
2015-01-10 18:00:00,7.116,0.0
2015-01-11 00:00:00,5.668,0.0
2015-01-11 06:00:00,2.61,0.0
2015-01-11 12:00:00,1.805,0.0
2015-01-11 18:00:00,12.582,0.0
2015-01-12 00:00:00,5.231,0.0
2015-01-12 06:00:00,2.69,0.0
2015-01-12 12:00:00,3.88,0.0
2015-01-12 18:00:00,10.907,0.0
2015-01-13 00:00:00,2.236,0.2
2015-01-13 06:00:00,1.561,0.0
2015-01-13 12:00:00,2.262,0.0
2015-01-13 18:00:00,12.195,0.0
2015-01-14 00:00:00,3.985,0.0
2015-01-14 06:00:00,1.371,0.0
2015-01-14 12:00:00,3.036,0.0
2015-01-14 18:00:00,12.437,0.0
2015-01-15 00:00:00,6.128,0.0
2015-01-15 06:00:00,1.94,0.0
2015-01-15 12:00:00,1.262,0.0
2015-01-15 18:00:00,15.294,0.0
2015-01-16 00:00:00,2.877,0.8
2015-01-16 06:00:00,1.48,0.0
2015-01-16 12:00:00,1.18,0.0
2015-01-16 18:00:00,11.856,0.0
2015-01-17 00:00:00,4.714,0.0
2015-01-17 06:00:00,3.142,0.0
2015-01-17 12:00:00,3.142,0.0
2015-01-17 18:00:00,11.832,0.0
2015-01-18 00:00:00,2.396,0.0
2015-01-18 06:00:00,2.021,0.0
2015-01-18 12:00:00,2.557,0.0
2015-01-18 18:00:00,7.67,0.0
2015-01-19 00:00:00,1.398,1.2
2015-01-19 06:00:00,1.371,0.4
2015-01-19 12:00:00,0.907,0.2
2015-01-19 18:00:00,6.914,0.0
2015-01-20 00:00:00,0.273,0.0
2015-01-20 06:00:00,0.163,0.0
2015-01-20 12:00:00,0.246,0.0
2015-01-20 18:00:00,9.064,0.0
2015-01-21 00:00:00,-0.283,0.0
2015-01-21 06:00:00,0.024,0.0
2015-01-21 12:00:00,0.577,0.0
2015-01-21 18:00:00,5.076,0.2
2015-01-22 00:00:00,1.317,1.2
2015-01-22 06:00:00,0.135,0.0
2015-01-22 12:00:00,0.852,0.0
2015-01-22 18:00:00,7.519,0.0
2015-01-23 00:00:00,2.77,0.0
2015-01-23 06:00:00,2.047,0.0
2015-01-23 12:00:00,1.994,0.0
2015-01-23 18:00:00,8.145,0.0
2015-01-24 00:00:00,2.717,0.0
2015-01-24 06:00:00,0.907,0.6
2015-01-24 12:00:00,1.48,0.0
2015-01-24 18:00:00,8.07,0.0
2015-01-25 00:00:00,2.047,0.2
2015-01-25 06:00:00,0.77,0.0
2015-01-25 12:00:00,0.989,0.0
2015-01-25 18:00:00,10.051,0.0
2015-01-26 00:00:00,4.766,0.0
2015-01-26 06:00:00,3.009,0.0
2015-01-26 12:00:00,2.584,0.0
2015-01-26 18:00:00,14.481,0.0
2015-01-27 00:00:00,3.168,0.0
2015-01-27 06:00:00,2.182,0.0
2015-01-27 12:00:00,2.209,0.0
2015-01-27 18:00:00,4.61,0.2
2015-01-28 00:00:00,1.751,0.0
2015-01-28 06:00:00,1.208,0.2
2015-01-28 12:00:00,0.88,0.2
2015-01-28 18:00:00,12.171,0.0
2015-01-29 00:00:00,4.089,0.0
2015-01-29 06:00:00,2.343,0.0
2015-01-29 12:00:00,2.209,0.0
2015-01-29 18:00:00,3.274,0.6
2015-01-30 00:00:00,3.722,0.0
2015-01-30 06:00:00,2.343,0.2
2015-01-30 12:00:00,1.588,0.0
2015-01-30 18:00:00,6.864,0.2
2015-01-31 00:00:00,1.126,0.6
2015-01-31 06:00:00,0.522,0.0
2015-01-31 12:00:00,1.317,0.0
2015-01-31 18:00:00,4.506,0.0
2015-02-01 00:00:00,3.142,0.6
2015-02-01 06:00:00,0.439,0.6
2015-02-01 12:00:00,1.453,0.0
2015-02-01 18:00:00,5.949,0.0
2015-02-02 00:00:00,3.168,0.0
2015-02-02 06:00:00,1.044,0.2
2015-02-02 12:00:00,2.423,0.0
2015-02-02 18:00:00,5.514,0.0
2015-02-03 00:00:00,3.827,0.0
2015-02-03 06:00:00,2.047,0.0
2015-02-03 12:00:00,1.099,0.0
2015-02-03 18:00:00,9.361,0.0
2015-02-04 00:00:00,4.037,0.0
2015-02-04 06:00:00,2.877,0.0
2015-02-04 12:00:00,2.262,0.0
2015-02-04 18:00:00,9.583,0.0
2015-02-05 00:00:00,1.48,1.2
2015-02-05 06:00:00,2.209,0.0
2015-02-05 12:00:00,2.155,0.0
2015-02-05 18:00:00,11.734,0.0
2015-02-06 00:00:00,2.209,0.0
2015-02-06 06:00:00,3.301,0.0
2015-02-06 12:00:00,1.48,0.0
2015-02-06 18:00:00,12.292,0.0
2015-02-07 00:00:00,4.037,0.0
2015-02-07 06:00:00,1.344,0.6
2015-02-07 12:00:00,1.071,0.4
2015-02-07 18:00:00,8.045,0.0
2015-02-08 00:00:00,0.907,0.0
2015-02-08 06:00:00,0.88,0.0
2015-02-08 12:00:00,0.934,0.4
2015-02-08 18:00:00,8.891,0.0
2015-02-09 00:00:00,2.93,0.2
2015-02-09 06:00:00,2.343,0.2
2015-02-09 12:00:00,1.453,0.0
2015-02-09 18:00:00,8.965,0.0
2015-02-10 00:00:00,2.503,0.0
2015-02-10 06:00:00,0.218,0.0
2015-02-10 12:00:00,-0.06,0.0
2015-02-10 18:00:00,9.015,0.0
2015-02-11 00:00:00,4.324,0.0
2015-02-11 06:00:00,1.913,0.0
2015-02-11 12:00:00,1.724,0.0
2015-02-11 18:00:00,10.247,0.0
2015-02-12 00:00:00,5.024,0.0
2015-02-12 06:00:00,3.591,0.0
2015-02-12 12:00:00,2.182,0.0
2015-02-12 18:00:00,13.137,0.0
2015-02-13 00:00:00,5.693,0.0
2015-02-13 06:00:00,3.459,0.0
2015-02-13 12:00:00,3.459,0.0
2015-02-13 18:00:00,7.268,0.8
2015-02-14 00:00:00,4.115,0.0
2015-02-14 06:00:00,3.485,0.0
2015-02-14 12:00:00,2.61,0.0
2015-02-14 18:00:00,7.645,0.2
2015-02-15 00:00:00,4.168,0.0
2015-02-15 06:00:00,3.221,0.0
2015-02-15 12:00:00,2.45,0.0
2015-02-15 18:00:00,10.687,0.0
2015-02-16 00:00:00,3.009,0.2
2015-02-16 06:00:00,2.101,0.0
2015-02-16 12:00:00,1.724,0.0
2015-02-16 18:00:00,12.001,0.0
2015-02-17 00:00:00,3.009,0.0
2015-02-17 06:00:00,3.512,0.0
2015-02-17 12:00:00,3.459,0.0
2015-02-17 18:00:00,11.832,0.0
2015-02-18 00:00:00,5.872,0.0
2015-02-18 06:00:00,4.089,0.0
2015-02-18 12:00:00,3.827,0.0
2015-02-18 18:00:00,12.992,0.0
2015-02-19 00:00:00,6.153,0.0
2015-02-19 06:00:00,2.209,0.0
2015-02-19 12:00:00,0.852,0.0
2015-02-19 18:00:00,13.112,0.0
2015-02-20 00:00:00,4.818,0.0
2015-02-20 06:00:00,1.425,0.0
2015-02-20 12:00:00,-0.116,0.0
2015-02-20 18:00:00,10.394,0.0
2015-02-21 00:00:00,3.985,0.0
2015-02-21 06:00:00,-0.171,0.0
2015-02-21 12:00:00,1.48,0.0
2015-02-21 18:00:00,11.88,0.0
2015-02-22 00:00:00,4.688,0.0
2015-02-22 06:00:00,2.396,0.2
2015-02-22 12:00:00,2.61,0.0
2015-02-22 18:00:00,11.565,0.0
2015-02-23 00:00:00,4.636,0.0
2015-02-23 06:00:00,0.907,0.8
2015-02-23 12:00:00,1.67,0.0
2015-02-23 18:00:00,7.041,0.4
2015-02-24 00:00:00,4.61,0.0
2015-02-24 06:00:00,2.903,0.0
2015-02-24 12:00:00,1.398,0.0
2015-02-24 18:00:00,7.192,0.0
2015-02-25 00:00:00,3.827,0.0
2015-02-25 06:00:00,2.047,0.2
2015-02-25 12:00:00,2.37,0.0
2015-02-25 18:00:00,5.514,0.0
2015-02-26 00:00:00,3.327,0.0
2015-02-26 06:00:00,1.724,0.2
2015-02-26 12:00:00,2.236,0.0
2015-02-26 18:00:00,5.616,0.0
2015-02-27 00:00:00,4.011,0.0
2015-02-27 06:00:00,3.116,0.0
2015-02-27 12:00:00,2.823,0.0
2015-02-27 18:00:00,4.662,0.0
2015-02-28 00:00:00,2.664,0.0
2015-02-28 06:00:00,1.317,0.0
2015-02-28 12:00:00,0.687,0.0
2015-02-28 18:00:00,10.051,0.0
2015-03-01 00:00:00,3.116,0.2
2015-03-01 06:00:00,1.832,0.2
2015-03-01 12:00:00,1.697,0.2
2015-03-01 18:00:00,11.492,0.0
2015-03-02 00:00:00,1.588,1.6
2015-03-02 06:00:00,1.805,0.0
2015-03-02 12:00:00,1.778,0.2
2015-03-02 18:00:00,8.245,0.0
2015-03-03 00:00:00,2.93,0.0
2015-03-03 06:00:00,1.805,0.0
2015-03-03 12:00:00,1.724,0.0
2015-03-03 18:00:00,4.688,0.6
2015-03-04 00:00:00,1.751,0.2
2015-03-04 06:00:00,1.778,0.0
2015-03-04 12:00:00,1.561,0.0
2015-03-04 18:00:00,10.173,0.0
2015-03-05 00:00:00,2.53,0.2
2015-03-05 06:00:00,2.45,0.0
2015-03-05 12:00:00,2.37,0.0
2015-03-05 18:00:00,11.175,0.0
2015-03-06 00:00:00,3.354,0.0
2015-03-06 06:00:00,2.744,0.0
2015-03-06 12:00:00,2.477,0.0
2015-03-06 18:00:00,7.469,0.0
2015-03-07 00:00:00,2.717,0.4
2015-03-07 06:00:00,2.503,0.0
2015-03-07 12:00:00,1.805,0.2
2015-03-07 18:00:00,6.611,0.0
2015-03-08 00:00:00,4.376,0.4
2015-03-08 06:00:00,2.77,0.0
2015-03-08 12:00:00,2.477,0.0
2015-03-08 18:00:00,6.179,0.6
2015-03-09 00:00:00,4.714,0.2
2015-03-09 06:00:00,2.877,0.2
2015-03-09 12:00:00,2.956,0.0
2015-03-09 18:00:00,9.386,0.0
2015-03-10 00:00:00,4.194,0.0
2015-03-10 06:00:00,3.459,0.0
2015-03-10 12:00:00,2.61,0.0
2015-03-10 18:00:00,7.393,0.0
2015-03-11 00:00:00,4.792,0.0
2015-03-11 06:00:00,3.617,0.0
2015-03-11 12:00:00,2.717,0.0
2015-03-11 18:00:00,4.011,0.6
2015-03-12 00:00:00,4.011,0.2
2015-03-12 06:00:00,3.327,0.0
2015-03-12 12:00:00,3.009,0.0
2015-03-12 18:00:00,9.114,0.0
2015-03-13 00:00:00,2.877,2.2
2015-03-13 06:00:00,3.009,0.0
2015-03-13 12:00:00,3.301,0.0
2015-03-13 18:00:00,8.419,0.0
2015-03-14 00:00:00,3.591,0.0
2015-03-14 06:00:00,1.913,0.0
2015-03-14 12:00:00,2.047,0.0
2015-03-14 18:00:00,9.386,0.0
2015-03-15 00:00:00,4.089,0.0
2015-03-15 06:00:00,3.009,0.0
2015-03-15 12:00:00,1.262,0.0
2015-03-15 18:00:00,10.834,0.0
2015-03-16 00:00:00,5.179,0.0
2015-03-16 06:00:00,3.749,0.0
2015-03-16 12:00:00,2.45,0.0
2015-03-16 18:00:00,12.219,0.0
2015-03-17 00:00:00,4.999,0.0
2015-03-17 06:00:00,3.512,0.0
2015-03-17 12:00:00,2.823,0.0
2015-03-17 18:00:00,7.92,0.0
2015-03-18 00:00:00,3.538,0.2
2015-03-18 06:00:00,2.664,1.0
2015-03-18 12:00:00,3.168,0.0
2015-03-18 18:00:00,13.209,0.0
2015-03-19 00:00:00,2.983,1.4
2015-03-19 06:00:00,1.913,0.2
2015-03-19 12:00:00,1.805,0.0
2015-03-19 18:00:00,8.469,0.0
2015-03-20 00:00:00,3.248,0.0
2015-03-20 06:00:00,2.343,0.2
2015-03-20 12:00:00,2.423,0.2
2015-03-20 18:00:00,8.17,0.0
2015-03-21 00:00:00,3.168,1.0
2015-03-21 06:00:00,0.135,0.0
2015-03-21 12:00:00,0.55,0.0
2015-03-21 18:00:00,9.386,0.0
2015-03-22 00:00:00,1.425,0.8
2015-03-22 06:00:00,1.126,0.6
2015-03-22 12:00:00,0.301,0.0
2015-03-22 18:00:00,8.593,0.0
2015-03-23 00:00:00,3.301,0.0
2015-03-23 06:00:00,1.18,0.2
2015-03-23 12:00:00,0.55,0.0
2015-03-23 18:00:00,9.336,0.0
2015-03-24 00:00:00,2.182,0.2
2015-03-24 06:00:00,1.289,0.8
2015-03-24 12:00:00,1.697,0.2
2015-03-24 18:00:00,7.368,0.0
2015-03-25 00:00:00,1.967,0.2
2015-03-25 06:00:00,1.588,0.0
2015-03-25 12:00:00,0.439,0.0
2015-03-25 18:00:00,3.221,0.6
2015-03-26 00:00:00,0.522,0.0
2015-03-26 06:00:00,0.412,0.0
2015-03-26 12:00:00,0.135,0.0
2015-03-26 18:00:00,12.799,0.0
2015-03-27 00:00:00,3.142,0.4
2015-03-27 06:00:00,1.235,0.0
2015-03-27 12:00:00,0.66,0.0
2015-03-27 18:00:00,12.558,0.0
2015-03-28 00:00:00,2.956,0.2
2015-03-28 06:00:00,2.664,0.0
2015-03-28 12:00:00,1.832,0.0
2015-03-28 18:00:00,3.801,0.6
2015-03-29 00:00:00,0.742,0.0
2015-03-29 06:00:00,2.262,0.0
2015-03-29 12:00:00,2.77,0.0
2015-03-29 18:00:00,6.484,0.0
2015-03-30 00:00:00,3.142,0.0
2015-03-30 06:00:00,0.55,0.2
2015-03-30 12:00:00,-0.339,0.0
2015-03-30 18:00:00,10.687,0.0
2015-03-31 00:00:00,3.538,0.0
2015-03-31 06:00:00,2.074,0.0
2015-03-31 12:00:00,2.53,0.0
2015-03-31 18:00:00,11.589,0.0
2015-04-01 00:00:00,3.67,0.2
2015-04-01 06:00:00,2.503,0.0
2015-04-01 12:00:00,0.907,0.0
2015-04-01 18:00:00,6.382,0.0
2015-04-02 00:00:00,2.69,0.0
2015-04-02 06:00:00,1.805,0.0
2015-04-02 12:00:00,1.994,0.0
2015-04-02 18:00:00,6.458,0.0
2015-04-03 00:00:00,4.168,0.0
2015-04-03 06:00:00,2.101,0.0
2015-04-03 12:00:00,2.396,0.0
2015-04-03 18:00:00,10.59,0.0
2015-04-04 00:00:00,4.35,0.0
2015-04-04 06:00:00,3.301,0.0
2015-04-04 12:00:00,2.983,0.0
2015-04-04 18:00:00,9.879,0.0
2015-04-05 00:00:00,1.724,1.0
2015-04-05 06:00:00,1.453,0.0
2015-04-05 12:00:00,2.101,0.0
2015-04-05 18:00:00,5.719,0.2
2015-04-06 00:00:00,3.063,0.2
2015-04-06 06:00:00,2.637,0.0
2015-04-06 12:00:00,1.967,0.0
2015-04-06 18:00:00,6.077,0.2
2015-04-07 00:00:00,4.402,0.0
2015-04-07 06:00:00,2.182,0.0
2015-04-07 12:00:00,1.344,0.0
2015-04-07 18:00:00,12.703,0.0
2015-04-08 00:00:00,4.921,0.0
2015-04-08 06:00:00,3.168,0.0
2015-04-08 12:00:00,3.354,0.2
2015-04-08 18:00:00,10.736,0.0
2015-04-09 00:00:00,4.792,0.0
2015-04-09 06:00:00,2.343,0.0
2015-04-09 12:00:00,1.643,0.0
2015-04-09 18:00:00,4.895,0.0
2015-04-10 00:00:00,3.301,0.0
2015-04-10 06:00:00,2.477,0.0
2015-04-10 12:00:00,0.412,0.0
2015-04-10 18:00:00,3.932,0.4
2015-04-11 00:00:00,1.071,0.4
2015-04-11 06:00:00,1.724,0.0
2015-04-11 12:00:00,1.044,0.0
2015-04-11 18:00:00,6.737,0.0
2015-04-12 00:00:00,3.327,0.0
2015-04-12 06:00:00,1.615,0.0
2015-04-12 12:00:00,1.017,0.0
2015-04-12 18:00:00,4.947,0.2
2015-04-13 00:00:00,3.38,0.0
2015-04-13 06:00:00,0.66,0.0
2015-04-13 12:00:00,1.371,0.0
2015-04-13 18:00:00,9.04,0.0
2015-04-14 00:00:00,3.88,0.0
2015-04-14 06:00:00,2.021,0.0
2015-04-14 12:00:00,3.116,0.0
2015-04-14 18:00:00,6.965,0.0
2015-04-15 00:00:00,2.074,0.6
2015-04-15 06:00:00,1.778,0.0
2015-04-15 12:00:00,1.994,0.0
2015-04-15 18:00:00,10.638,0.0
2015-04-16 00:00:00,0.467,0.0
2015-04-16 06:00:00,1.615,0.2
2015-04-16 12:00:00,2.236,0.4
2015-04-16 18:00:00,11.078,0.0
2015-04-17 00:00:00,3.67,0.0
2015-04-17 06:00:00,1.778,0.0
2015-04-17 12:00:00,1.561,0.0
2015-04-17 18:00:00,12.992,0.0
2015-04-18 00:00:00,3.643,0.0
2015-04-18 06:00:00,2.209,0.0
2015-04-18 12:00:00,1.94,0.0
2015-04-18 18:00:00,11.734,0.0
2015-04-19 00:00:00,4.428,0.0
2015-04-19 06:00:00,2.047,0.0
2015-04-19 12:00:00,1.071,0.0
2015-04-19 18:00:00,7.419,0.0
2015-04-20 00:00:00,1.94,0.8
2015-04-20 06:00:00,1.967,0.0
2015-04-20 12:00:00,1.208,0.0
2015-04-20 18:00:00,8.891,0.0
2015-04-21 00:00:00,1.778,1.0
2015-04-21 06:00:00,2.209,0.2
2015-04-21 12:00:00,1.697,0.0
2015-04-21 18:00:00,5.924,0.0
2015-04-22 00:00:00,0.742,0.0
2015-04-22 06:00:00,1.289,0.0
2015-04-22 12:00:00,1.18,0.4
2015-04-22 18:00:00,5.949,0.0
2015-04-23 00:00:00,2.664,0.0
2015-04-23 06:00:00,2.236,0.0
2015-04-23 12:00:00,0.467,0.0
2015-04-23 18:00:00,9.139,0.0
2015-04-24 00:00:00,5.642,0.0
2015-04-24 06:00:00,2.074,0.0
2015-04-24 12:00:00,1.859,0.0
2015-04-24 18:00:00,5.488,0.2
2015-04-25 00:00:00,3.459,0.0
2015-04-25 06:00:00,3.036,0.0
2015-04-25 12:00:00,2.074,0.0
2015-04-25 18:00:00,7.293,0.2
2015-04-26 00:00:00,3.089,0.0
2015-04-26 06:00:00,1.48,0.4
2015-04-26 12:00:00,1.48,0.2
2015-04-26 18:00:00,7.995,0.0
2015-04-27 00:00:00,4.688,0.0
2015-04-27 06:00:00,2.423,0.0
2015-04-27 12:00:00,2.53,0.0
2015-04-27 18:00:00,8.891,0.0
2015-04-28 00:00:00,5.949,0.0
2015-04-28 06:00:00,4.402,0.0
2015-04-28 12:00:00,1.615,0.0
2015-04-28 18:00:00,10.858,0.0
2015-04-29 00:00:00,3.142,0.8
2015-04-29 06:00:00,4.428,0.0
2015-04-29 12:00:00,4.999,0.0
2015-04-29 18:00:00,7.97,0.0
2015-04-30 00:00:00,5.334,0.0
2015-04-30 06:00:00,2.53,0.2
2015-04-30 12:00:00,2.155,0.0
2015-04-30 18:00:00,9.534,0.0
2015-05-01 00:00:00,3.67,0.0
2015-05-01 06:00:00,3.564,0.0
2015-05-01 12:00:00,2.021,0.0
2015-05-01 18:00:00,9.238,0.0
2015-05-02 00:00:00,5.282,0.0
2015-05-02 06:00:00,2.128,0.0
2015-05-02 12:00:00,3.009,0.0
2015-05-02 18:00:00,9.361,0.0
2015-05-03 00:00:00,1.453,1.2
2015-05-03 06:00:00,2.101,0.0
2015-05-03 12:00:00,1.208,0.0
2015-05-03 18:00:00,12.292,0.0
2015-05-04 00:00:00,4.011,0.0
2015-05-04 06:00:00,2.316,0.0
2015-05-04 12:00:00,2.047,0.0
2015-05-04 18:00:00,10.565,0.0
2015-05-05 00:00:00,2.101,0.0
2015-05-05 06:00:00,1.099,0.0
2015-05-05 12:00:00,1.588,0.0
2015-05-05 18:00:00,9.114,0.0
2015-05-06 00:00:00,4.115,0.0
2015-05-06 06:00:00,0.797,0.0
2015-05-06 12:00:00,2.503,0.0
2015-05-06 18:00:00,10.541,0.0
2015-05-07 00:00:00,4.168,0.0
2015-05-07 06:00:00,1.994,0.0
2015-05-07 12:00:00,1.724,0.0
2015-05-07 18:00:00,10.001,0.0
2015-05-08 00:00:00,3.696,0.0
2015-05-08 06:00:00,2.903,0.0
2015-05-08 12:00:00,1.967,0.0
2015-05-08 18:00:00,6.255,0.6
2015-05-09 00:00:00,3.354,0.0
2015-05-09 06:00:00,2.343,0.0
2015-05-09 12:00:00,2.047,0.0
2015-05-09 18:00:00,9.657,0.0
2015-05-10 00:00:00,4.999,0.2
2015-05-10 06:00:00,2.477,0.0
2015-05-10 12:00:00,1.153,0.0
2015-05-10 18:00:00,8.543,0.0
2015-05-11 00:00:00,5.693,0.0
2015-05-11 06:00:00,2.956,0.0
2015-05-11 12:00:00,1.967,0.0
2015-05-11 18:00:00,8.568,0.0
2015-05-12 00:00:00,5.488,0.0
2015-05-12 06:00:00,3.248,0.0
2015-05-12 12:00:00,1.967,0.0
2015-05-12 18:00:00,6.509,0.0
2015-05-13 00:00:00,4.792,0.0
2015-05-13 06:00:00,2.797,0.0
2015-05-13 12:00:00,1.994,0.0
2015-05-13 18:00:00,10.296,0.0
2015-05-14 00:00:00,3.538,0.2
2015-05-14 06:00:00,1.615,0.4
2015-05-14 12:00:00,1.751,0.4
2015-05-14 18:00:00,9.657,0.0
2015-05-15 00:00:00,2.236,0.2
2015-05-15 06:00:00,0.907,0.0
2015-05-15 12:00:00,-0.199,0.0
2015-05-15 18:00:00,4.844,0.0
2015-05-16 00:00:00,2.289,0.0
2015-05-16 06:00:00,1.994,0.0
2015-05-16 12:00:00,-0.339,0.0
2015-05-16 18:00:00,0.907,1.8
2015-05-17 00:00:00,-0.171,0.0
2015-05-17 06:00:00,0.107,0.0
2015-05-17 12:00:00,1.099,0.0
2015-05-17 18:00:00,5.462,0.0
2015-05-18 00:00:00,0.273,0.2
2015-05-18 06:00:00,-0.171,0.0
2015-05-18 12:00:00,-0.311,0.0
2015-05-18 18:00:00,7.393,6.6
2015-05-19 00:00:00,0.301,0.2
2015-05-19 06:00:00,-0.311,0.0
2015-05-19 12:00:00,0.605,0.0
2015-05-19 18:00:00,8.469,0.0
2015-05-20 00:00:00,1.344,0.0
2015-05-20 06:00:00,0.852,0.0
2015-05-20 12:00:00,-0.227,0.0
2015-05-20 18:00:00,10.026,0.0
2015-05-21 00:00:00,4.194,0.0
2015-05-21 06:00:00,1.017,0.0
2015-05-21 12:00:00,0.218,0.0
2015-05-21 18:00:00,11.102,0.0
2015-05-22 00:00:00,3.88,0.0
2015-05-22 06:00:00,0.907,0.0
2015-05-22 12:00:00,0.797,0.0
2015-05-22 18:00:00,11.005,0.0
2015-05-23 00:00:00,5.591,0.0
2015-05-23 06:00:00,2.182,0.0
2015-05-23 12:00:00,0.632,0.0
2015-05-23 18:00:00,12.606,0.0
2015-05-24 00:00:00,4.376,0.0
2015-05-24 06:00:00,2.557,0.2
2015-05-24 12:00:00,1.153,0.0
2015-05-24 18:00:00,11.37,0.0
2015-05-25 00:00:00,4.141,0.0
2015-05-25 06:00:00,0.88,0.0
2015-05-25 12:00:00,0.852,0.0
2015-05-25 18:00:00,10.173,0.0
2015-05-26 00:00:00,4.584,0.0
2015-05-26 06:00:00,1.886,0.0
2015-05-26 12:00:00,2.289,0.0
2015-05-26 18:00:00,12.871,0.0
2015-05-27 00:00:00,5.924,0.0
2015-05-27 06:00:00,2.477,0.0
2015-05-27 12:00:00,1.425,0.0
2015-05-27 18:00:00,13.642,0.0
2015-05-28 00:00:00,5.05,0.0
2015-05-28 06:00:00,3.564,0.0
2015-05-28 12:00:00,1.751,0.0
2015-05-28 18:00:00,9.238,0.0
2015-05-29 00:00:00,3.958,0.0
2015-05-29 06:00:00,1.071,0.0
2015-05-29 12:00:00,0.825,0.0
2015-05-29 18:00:00,8.717,0.0
2015-05-30 00:00:00,0.356,0.0
2015-05-30 06:00:00,1.967,0.0
2015-05-30 12:00:00,1.94,0.0
2015-05-30 18:00:00,10.418,0.0
2015-05-31 00:00:00,3.116,0.0
2015-05-31 06:00:00,2.262,0.0
2015-05-31 12:00:00,1.724,0.0
2015-05-31 18:00:00,7.318,0.0
2015-06-01 00:00:00,3.854,0.0
2015-06-01 06:00:00,2.69,0.0
2015-06-01 12:00:00,2.182,0.0
2015-06-01 18:00:00,9.287,0.0
2015-06-02 00:00:00,3.089,0.0
2015-06-02 06:00:00,2.155,0.0
2015-06-02 12:00:00,2.797,0.0
2015-06-02 18:00:00,6.94,0.0
2015-06-03 00:00:00,3.88,0.0
2015-06-03 06:00:00,1.994,0.0
2015-06-03 12:00:00,4.298,0.0
2015-06-03 18:00:00,9.361,0.0
2015-06-04 00:00:00,3.854,0.0
2015-06-04 06:00:00,3.089,0.0
2015-06-04 12:00:00,2.101,0.0
2015-06-04 18:00:00,8.593,0.0
2015-06-05 00:00:00,4.428,0.0
2015-06-05 06:00:00,2.717,0.0
2015-06-05 12:00:00,2.316,0.0
2015-06-05 18:00:00,7.293,0.0
2015-06-06 00:00:00,4.376,0.0
2015-06-06 06:00:00,1.886,0.0
2015-06-06 12:00:00,2.664,0.0
2015-06-06 18:00:00,10.1,0.0
2015-06-07 00:00:00,5.668,0.0
2015-06-07 06:00:00,2.074,0.0
2015-06-07 12:00:00,0.024,0.0
2015-06-07 18:00:00,10.1,0.0
2015-06-08 00:00:00,4.037,0.0
2015-06-08 06:00:00,2.262,0.0
2015-06-08 12:00:00,-0.171,0.0
2015-06-08 18:00:00,9.361,0.0
2015-06-09 00:00:00,3.985,0.0
2015-06-09 06:00:00,1.859,0.0
2015-06-09 12:00:00,2.903,0.0
2015-06-09 18:00:00,10.663,0.0
2015-06-10 00:00:00,4.063,0.0
2015-06-10 06:00:00,1.425,0.0
2015-06-10 12:00:00,1.588,0.0
2015-06-10 18:00:00,9.756,0.0
2015-06-11 00:00:00,2.717,0.0
2015-06-11 06:00:00,2.477,0.0
2015-06-11 12:00:00,1.044,0.0
2015-06-11 18:00:00,10.173,0.0
2015-06-12 00:00:00,4.818,0.0
2015-06-12 06:00:00,2.262,0.0
2015-06-12 12:00:00,2.047,0.0
2015-06-12 18:00:00,8.767,0.0
2015-06-13 00:00:00,3.564,0.0
2015-06-13 06:00:00,1.886,0.0
2015-06-13 12:00:00,1.071,0.0
2015-06-13 18:00:00,9.608,0.0
2015-06-14 00:00:00,3.88,0.0
2015-06-14 06:00:00,1.534,0.0
2015-06-14 12:00:00,1.371,0.0
2015-06-14 18:00:00,12.896,0.0
2015-06-15 00:00:00,4.688,0.0
2015-06-15 06:00:00,2.396,0.0
2015-06-15 12:00:00,2.209,0.0
2015-06-15 18:00:00,12.05,0.0
2015-06-16 00:00:00,4.688,0.0
2015-06-16 06:00:00,1.724,0.0
2015-06-16 12:00:00,1.561,0.0
2015-06-16 18:00:00,6.763,0.2
2015-06-17 00:00:00,4.089,0.2
2015-06-17 06:00:00,2.664,0.0
2015-06-17 12:00:00,1.805,0.0
2015-06-17 18:00:00,11.419,0.0
2015-06-18 00:00:00,5.668,0.0
2015-06-18 06:00:00,2.45,0.0
2015-06-18 12:00:00,1.913,0.0
2015-06-18 18:00:00,9.188,0.0
2015-06-19 00:00:00,4.35,0.0
2015-06-19 06:00:00,1.615,0.0
2015-06-19 12:00:00,1.67,0.0
2015-06-19 18:00:00,6.712,0.0
2015-06-20 00:00:00,3.274,0.0
2015-06-20 06:00:00,0.439,0.0
2015-06-20 12:00:00,-0.535,0.0
2015-06-20 18:00:00,9.928,0.0
2015-06-21 00:00:00,3.67,0.0
2015-06-21 06:00:00,1.344,0.0
2015-06-21 12:00:00,0.522,0.0
2015-06-21 18:00:00,10.345,0.0
2015-06-22 00:00:00,3.617,0.0
2015-06-22 06:00:00,1.262,0.0
2015-06-22 12:00:00,0.051,0.0
2015-06-22 18:00:00,11.029,0.0
2015-06-23 00:00:00,3.696,0.0
2015-06-23 06:00:00,1.317,0.0
2015-06-23 12:00:00,1.425,0.0
2015-06-23 18:00:00,9.287,0.0
2015-06-24 00:00:00,3.301,0.0
2015-06-24 06:00:00,1.778,0.0
2015-06-24 12:00:00,0.135,0.0
2015-06-24 18:00:00,8.717,0.0
2015-06-25 00:00:00,2.85,0.0
2015-06-25 06:00:00,2.797,0.0
2015-06-25 12:00:00,1.153,0.0
2015-06-25 18:00:00,8.295,0.0
2015-06-26 00:00:00,3.643,0.0
2015-06-26 06:00:00,2.209,0.0
2015-06-26 12:00:00,0.384,0.0
2015-06-26 18:00:00,7.845,0.0
2015-06-27 00:00:00,4.011,0.0
2015-06-27 06:00:00,1.208,0.0
2015-06-27 12:00:00,0.907,0.0
2015-06-27 18:00:00,7.845,0.0
2015-06-28 00:00:00,2.396,0.0
2015-06-28 06:00:00,0.605,0.0
2015-06-28 12:00:00,-1.157,0.0
2015-06-28 18:00:00,8.295,0.0
2015-06-29 00:00:00,2.823,0.0
2015-06-29 06:00:00,0.522,0.0
2015-06-29 12:00:00,0.495,0.0
2015-06-29 18:00:00,10.785,0.0
2015-06-30 00:00:00,4.376,0.0
2015-06-30 06:00:00,1.994,0.0
2015-06-30 12:00:00,2.316,0.0
2015-06-30 18:00:00,10.492,0.0
2015-07-01 00:00:00,5.282,0.0
2015-07-01 06:00:00,2.77,0.0
2015-07-01 12:00:00,2.101,0.0
2015-07-01 18:00:00,9.903,0.0
2015-07-02 00:00:00,5.128,0.0
2015-07-02 06:00:00,1.371,0.0
2015-07-02 12:00:00,0.301,0.0
2015-07-02 18:00:00,13.353,0.0
2015-07-03 00:00:00,4.636,0.0
2015-07-03 06:00:00,1.697,0.0
2015-07-03 12:00:00,1.507,0.0
2015-07-03 18:00:00,10.1,0.0
2015-07-04 00:00:00,1.805,0.0
2015-07-04 06:00:00,1.724,0.0
2015-07-04 12:00:00,1.588,0.0
2015-07-04 18:00:00,10.907,0.0
2015-07-05 00:00:00,0.384,0.0
2015-07-05 06:00:00,1.289,0.0
2015-07-05 12:00:00,0.907,0.0
2015-07-05 18:00:00,9.41,0.0
2015-07-06 00:00:00,4.22,0.0
2015-07-06 06:00:00,0.577,0.0
2015-07-06 12:00:00,-0.06,0.0
2015-07-06 18:00:00,8.99,0.0
2015-07-07 00:00:00,3.327,0.0
2015-07-07 06:00:00,0.079,0.0
2015-07-07 12:00:00,-1.071,0.0
2015-07-07 18:00:00,10.149,0.0
2015-07-08 00:00:00,3.354,0.0
2015-07-08 06:00:00,0.77,0.0
2015-07-08 12:00:00,1.561,0.0
2015-07-08 18:00:00,10.1,0.0
2015-07-09 00:00:00,3.643,0.0
2015-07-09 06:00:00,1.071,0.0
2015-07-09 12:00:00,0.66,0.0
2015-07-09 18:00:00,10.369,0.0
2015-07-10 00:00:00,4.506,0.0
2015-07-10 06:00:00,1.534,0.0
2015-07-10 12:00:00,1.044,0.0
2015-07-10 18:00:00,10.222,0.0
2015-07-11 00:00:00,4.895,0.0
2015-07-11 06:00:00,1.561,0.0
2015-07-11 12:00:00,1.48,0.0
2015-07-11 18:00:00,8.817,0.0
2015-07-12 00:00:00,4.636,0.0
2015-07-12 06:00:00,2.396,0.0
2015-07-12 12:00:00,0.77,0.0
2015-07-12 18:00:00,11.662,0.0
2015-07-13 00:00:00,3.985,0.0
2015-07-13 06:00:00,1.697,0.0
2015-07-13 12:00:00,1.48,0.0
2015-07-13 18:00:00,11.443,0.0
2015-07-14 00:00:00,5.745,0.0
2015-07-14 06:00:00,2.45,0.0
2015-07-14 12:00:00,1.886,0.0
2015-07-14 18:00:00,11.929,0.0
2015-07-15 00:00:00,4.011,0.0
2015-07-15 06:00:00,1.235,0.0
2015-07-15 12:00:00,-0.451,0.0
2015-07-15 18:00:00,10.173,0.0
2015-07-16 00:00:00,3.985,0.0
2015-07-16 06:00:00,1.832,0.0
2015-07-16 12:00:00,1.126,0.0
2015-07-16 18:00:00,8.792,0.0
2015-07-17 00:00:00,4.272,0.0
2015-07-17 06:00:00,1.643,0.0
2015-07-17 12:00:00,0.439,0.0
2015-07-17 18:00:00,7.293,0.0
2015-07-18 00:00:00,2.503,0.0
2015-07-18 06:00:00,0.742,0.0
2015-07-18 12:00:00,0.852,0.0
2015-07-18 18:00:00,5.616,0.0
2015-07-19 00:00:00,1.235,0.0
2015-07-19 06:00:00,0.439,0.0
2015-07-19 12:00:00,0.218,0.0
2015-07-19 18:00:00,10.418,0.0
2015-07-20 00:00:00,3.564,0.0
2015-07-20 06:00:00,1.643,0.0
2015-07-20 12:00:00,0.989,0.0
2015-07-20 18:00:00,11.443,0.0
2015-07-21 00:00:00,4.844,0.0
2015-07-21 06:00:00,1.507,0.0
2015-07-21 12:00:00,-0.004,0.0
2015-07-21 18:00:00,11.37,0.0
2015-07-22 00:00:00,4.558,0.0
2015-07-22 06:00:00,0.88,0.0
2015-07-22 12:00:00,0.273,0.0
2015-07-22 18:00:00,11.151,0.0
2015-07-23 00:00:00,4.973,0.0
2015-07-23 06:00:00,3.564,0.0
2015-07-23 12:00:00,2.209,0.0
2015-07-23 18:00:00,11.102,0.0
2015-07-24 00:00:00,5.591,0.0
2015-07-24 06:00:00,2.93,0.0
2015-07-24 12:00:00,1.859,0.0
2015-07-24 18:00:00,9.879,0.0
2015-07-25 00:00:00,6.128,0.0
2015-07-25 06:00:00,3.327,0.0
2015-07-25 12:00:00,1.398,0.0
2015-07-25 18:00:00,10.932,0.0
2015-07-26 00:00:00,4.844,0.0
2015-07-26 06:00:00,0.577,0.0
2015-07-26 12:00:00,0.907,0.0
2015-07-26 18:00:00,10.198,0.0
2015-07-27 00:00:00,5.231,0.0
2015-07-27 06:00:00,2.021,0.0
2015-07-27 12:00:00,0.467,0.0
2015-07-27 18:00:00,11.394,0.0
2015-07-28 00:00:00,6.281,0.0
2015-07-28 06:00:00,2.903,0.0
2015-07-28 12:00:00,2.182,0.0
2015-07-28 18:00:00,11.127,0.0
2015-07-29 00:00:00,4.194,0.0
2015-07-29 06:00:00,3.643,0.0
2015-07-29 12:00:00,0.907,0.0
2015-07-29 18:00:00,9.435,0.0
2015-07-30 00:00:00,4.895,0.0
2015-07-30 06:00:00,0.989,0.0
2015-07-30 12:00:00,-0.732,0.0
2015-07-30 18:00:00,10.785,0.0
2015-07-31 00:00:00,5.024,0.0
2015-07-31 06:00:00,1.48,0.0
2015-07-31 12:00:00,0.825,0.0
2015-07-31 18:00:00,10.712,0.0
2015-08-01 00:00:00,3.722,0.0
2015-08-01 06:00:00,1.588,0.0
2015-08-01 12:00:00,4.089,0.0
2015-08-01 18:00:00,10.614,0.0
2015-08-02 00:00:00,4.688,0.0
2015-08-02 06:00:00,1.289,0.0
2015-08-02 12:00:00,0.632,0.0
2015-08-02 18:00:00,11.005,0.0
2015-08-03 00:00:00,5.462,0.0
2015-08-03 06:00:00,2.584,0.0
2015-08-03 12:00:00,1.398,0.0
2015-08-03 18:00:00,12.437,0.0
2015-08-04 00:00:00,5.949,0.0
2015-08-04 06:00:00,2.823,0.0
2015-08-04 12:00:00,2.69,0.0
2015-08-04 18:00:00,12.871,0.0
2015-08-05 00:00:00,5.462,0.0
2015-08-05 06:00:00,2.664,0.0
2015-08-05 12:00:00,1.534,0.0
2015-08-05 18:00:00,8.319,0.0
2015-08-06 00:00:00,5.745,0.0
2015-08-06 06:00:00,4.532,0.0
2015-08-06 12:00:00,4.506,0.0
2015-08-06 18:00:00,10.59,0.0
2015-08-07 00:00:00,4.011,0.0
2015-08-07 06:00:00,4.376,0.0
2015-08-07 12:00:00,3.274,0.0
2015-08-07 18:00:00,11.807,0.0
2015-08-08 00:00:00,5.693,0.0
2015-08-08 06:00:00,1.805,0.0
2015-08-08 12:00:00,0.852,0.0
2015-08-08 18:00:00,12.703,0.0
2015-08-09 00:00:00,5.821,0.0
2015-08-09 06:00:00,2.423,0.0
2015-08-09 12:00:00,2.101,0.0
2015-08-09 18:00:00,13.714,0.0
2015-08-10 00:00:00,4.947,0.0
2015-08-10 06:00:00,1.099,0.0
2015-08-10 12:00:00,-0.227,0.0
2015-08-10 18:00:00,10.1,0.0
2015-08-11 00:00:00,4.947,0.0
2015-08-11 06:00:00,1.262,0.0
2015-08-11 12:00:00,0.384,0.0
2015-08-11 18:00:00,10.296,0.0
2015-08-12 00:00:00,4.662,0.0
2015-08-12 06:00:00,1.398,0.0
2015-08-12 12:00:00,0.88,0.0
2015-08-12 18:00:00,10.663,0.0
2015-08-13 00:00:00,3.063,0.2
2015-08-13 06:00:00,0.66,0.0
2015-08-13 12:00:00,1.859,0.0
2015-08-13 18:00:00,9.361,0.0
2015-08-14 00:00:00,4.141,0.0
2015-08-14 06:00:00,0.907,0.0
2015-08-14 12:00:00,-0.032,0.0
2015-08-14 18:00:00,10.394,0.0
2015-08-15 00:00:00,4.766,0.0
2015-08-15 06:00:00,2.182,0.0
2015-08-15 12:00:00,0.852,0.0
2015-08-15 18:00:00,9.657,0.0
2015-08-16 00:00:00,4.818,0.0
2015-08-16 06:00:00,0.88,0.0
2015-08-16 12:00:00,2.289,0.0
2015-08-16 18:00:00,7.041,0.0
2015-08-17 00:00:00,3.327,0.0
2015-08-17 06:00:00,1.561,0.0
2015-08-17 12:00:00,0.852,0.0
2015-08-17 18:00:00,9.262,0.0
2015-08-18 00:00:00,5.924,0.0
2015-08-18 06:00:00,1.507,0.0
2015-08-18 12:00:00,-0.339,0.0
2015-08-18 18:00:00,6.889,0.0
2015-08-19 00:00:00,4.115,0.0
2015-08-19 06:00:00,1.643,0.0
2015-08-19 12:00:00,0.907,0.0
2015-08-19 18:00:00,9.361,0.0
2015-08-20 00:00:00,5.076,0.0
2015-08-20 06:00:00,1.153,0.0
2015-08-20 12:00:00,0.907,0.0
2015-08-20 18:00:00,10.59,0.0
2015-08-21 00:00:00,4.688,0.0
2015-08-21 06:00:00,1.967,0.0
2015-08-21 12:00:00,0.273,0.0
2015-08-21 18:00:00,7.569,0.0
2015-08-22 00:00:00,2.074,0.0
2015-08-22 06:00:00,1.48,0.0
2015-08-22 12:00:00,1.398,0.0
2015-08-22 18:00:00,10.736,0.0
2015-08-23 00:00:00,4.584,0.0
2015-08-23 06:00:00,2.155,0.0
2015-08-23 12:00:00,1.805,0.0
2015-08-23 18:00:00,11.346,0.0
2015-08-24 00:00:00,2.021,0.0
2015-08-24 06:00:00,1.832,0.0
2015-08-24 12:00:00,0.55,0.0
2015-08-24 18:00:00,11.467,0.0
2015-08-25 00:00:00,4.999,0.0
2015-08-25 06:00:00,1.751,0.0
2015-08-25 12:00:00,0.852,0.0
2015-08-25 18:00:00,10.565,0.0
2015-08-26 00:00:00,3.089,0.0
2015-08-26 06:00:00,2.128,0.0
2015-08-26 12:00:00,1.18,0.0
2015-08-26 18:00:00,12.171,0.0
2015-08-27 00:00:00,5.796,0.0
2015-08-27 06:00:00,2.236,0.0
2015-08-27 12:00:00,2.316,0.0
2015-08-27 18:00:00,7.242,0.0
2015-08-28 00:00:00,4.011,0.0
2015-08-28 06:00:00,2.93,0.0
2015-08-28 12:00:00,1.126,0.0
2015-08-28 18:00:00,3.538,0.0
2015-08-29 00:00:00,3.354,0.0
2015-08-29 06:00:00,2.047,0.0
2015-08-29 12:00:00,2.128,0.0
2015-08-29 18:00:00,8.693,0.0
2015-08-30 00:00:00,5.154,0.0
2015-08-30 06:00:00,2.557,0.0
2015-08-30 12:00:00,0.135,0.0
2015-08-30 18:00:00,10.81,0.0
2015-08-31 00:00:00,5.462,0.0
2015-08-31 06:00:00,2.289,0.0
2015-08-31 12:00:00,0.051,0.0
2015-08-31 18:00:00,11.492,0.0
2015-09-01 00:00:00,6.026,0.0
2015-09-01 06:00:00,3.221,0.0
2015-09-01 12:00:00,-0.255,0.0
2015-09-01 18:00:00,9.608,0.0
2015-09-02 00:00:00,4.376,0.0
2015-09-02 06:00:00,2.047,0.0
2015-09-02 12:00:00,0.495,0.0
2015-09-02 18:00:00,8.469,0.0
2015-09-03 00:00:00,2.074,0.2
2015-09-03 06:00:00,0.715,0.0
2015-09-03 12:00:00,-0.116,0.0
2015-09-03 18:00:00,11.929,0.0
2015-09-04 00:00:00,5.154,0.0
2015-09-04 06:00:00,1.534,0.0
2015-09-04 12:00:00,1.398,0.0
2015-09-04 18:00:00,8.643,0.0
2015-09-05 00:00:00,5.076,0.0
2015-09-05 06:00:00,1.453,0.0
2015-09-05 12:00:00,1.235,0.0
2015-09-05 18:00:00,9.731,0.0
2015-09-06 00:00:00,4.688,0.0
2015-09-06 06:00:00,2.343,0.0
2015-09-06 12:00:00,0.88,0.0
2015-09-06 18:00:00,13.377,0.0
2015-09-07 00:00:00,3.009,1.2
2015-09-07 06:00:00,1.805,0.0
2015-09-07 12:00:00,1.697,0.0
2015-09-07 18:00:00,12.413,0.0
2015-09-08 00:00:00,4.792,0.0
2015-09-08 06:00:00,2.423,0.0
2015-09-08 12:00:00,1.561,0.0
2015-09-08 18:00:00,13.882,0.0
2015-09-09 00:00:00,4.272,0.2
2015-09-09 06:00:00,1.859,0.0
2015-09-09 12:00:00,2.209,0.0
2015-09-09 18:00:00,8.866,0.0
2015-09-10 00:00:00,1.615,0.2
2015-09-10 06:00:00,2.477,0.0
2015-09-10 12:00:00,1.153,0.0
2015-09-10 18:00:00,12.992,0.0
2015-09-11 00:00:00,4.792,0.0
2015-09-11 06:00:00,1.886,0.0
2015-09-11 12:00:00,1.48,0.0
2015-09-11 18:00:00,11.224,0.0
2015-09-12 00:00:00,4.844,0.0
2015-09-12 06:00:00,2.584,0.0
2015-09-12 12:00:00,1.913,0.0
2015-09-12 18:00:00,11.807,0.0
2015-09-13 00:00:00,6.585,0.0
2015-09-13 06:00:00,3.354,0.0
2015-09-13 12:00:00,2.101,0.0
2015-09-13 18:00:00,11.175,0.0
2015-09-14 00:00:00,6.306,0.0
2015-09-14 06:00:00,3.301,0.0
2015-09-14 12:00:00,1.994,0.0
2015-09-14 18:00:00,9.015,0.0
2015-09-15 00:00:00,4.74,0.0
2015-09-15 06:00:00,2.85,0.0
2015-09-15 12:00:00,2.182,0.0
2015-09-15 18:00:00,11.492,0.0
2015-09-16 00:00:00,5.949,0.0
2015-09-16 06:00:00,3.168,0.0
2015-09-16 12:00:00,2.182,0.0
2015-09-16 18:00:00,12.461,0.0
2015-09-17 00:00:00,5.488,0.0
2015-09-17 06:00:00,2.289,0.0
2015-09-17 12:00:00,0.934,0.0
2015-09-17 18:00:00,13.185,0.0
2015-09-18 00:00:00,4.558,0.0
2015-09-18 06:00:00,3.168,0.0
2015-09-18 12:00:00,2.797,0.0
2015-09-18 18:00:00,13.04,0.0
2015-09-19 00:00:00,6.535,0.0
2015-09-19 06:00:00,2.61,0.0
2015-09-19 12:00:00,1.561,0.0
2015-09-19 18:00:00,10.883,0.0
2015-09-20 00:00:00,2.262,1.4
2015-09-20 06:00:00,3.248,0.0
2015-09-20 12:00:00,2.262,0.0
2015-09-20 18:00:00,6.687,0.0
2015-09-21 00:00:00,4.246,0.0
2015-09-21 06:00:00,2.262,0.0
2015-09-21 12:00:00,1.805,0.0
2015-09-21 18:00:00,14.242,0.0
2015-09-22 00:00:00,4.011,0.2
2015-09-22 06:00:00,3.459,0.0
2015-09-22 12:00:00,1.48,0.0
2015-09-22 18:00:00,9.558,0.0
2015-09-23 00:00:00,4.999,0.0
2015-09-23 06:00:00,2.503,0.0
2015-09-23 12:00:00,2.797,0.0
2015-09-23 18:00:00,9.903,0.0
2015-09-24 00:00:00,3.617,0.2
2015-09-24 06:00:00,2.557,0.2
2015-09-24 12:00:00,1.398,0.0
2015-09-24 18:00:00,7.343,0.0
2015-09-25 00:00:00,4.454,0.0
2015-09-25 06:00:00,2.584,0.0
2015-09-25 12:00:00,2.074,0.0
2015-09-25 18:00:00,9.879,0.0
2015-09-26 00:00:00,5.179,0.0
2015-09-26 06:00:00,2.717,0.0
2015-09-26 12:00:00,1.317,0.0
2015-09-26 18:00:00,11.394,0.0
2015-09-27 00:00:00,1.453,0.8
2015-09-27 06:00:00,2.877,0.0
2015-09-27 12:00:00,3.433,0.0
2015-09-27 18:00:00,10.173,0.0
2015-09-28 00:00:00,0.742,0.0
2015-09-28 06:00:00,2.557,0.2
2015-09-28 12:00:00,3.591,0.0
2015-09-28 18:00:00,10.418,0.0
2015-09-29 00:00:00,3.958,0.0
2015-09-29 06:00:00,2.074,0.0
2015-09-29 12:00:00,1.859,0.0
2015-09-29 18:00:00,5.257,0.0
2015-09-30 00:00:00,2.101,0.0
2015-09-30 06:00:00,1.344,0.0
2015-09-30 12:00:00,1.18,0.0
2015-09-30 18:00:00,5.257,0.0
2015-10-01 00:00:00,2.182,0.0
2015-10-01 06:00:00,-0.62,0.0
2015-10-01 12:00:00,-0.255,0.0
2015-10-01 18:00:00,11.273,0.0
2015-10-02 00:00:00,3.854,0.0
2015-10-02 06:00:00,0.66,0.0
2015-10-02 12:00:00,-0.171,0.0
2015-10-02 18:00:00,11.71,0.0
2015-10-03 00:00:00,4.662,0.0
2015-10-03 06:00:00,1.235,0.0
2015-10-03 12:00:00,1.153,0.0
2015-10-03 18:00:00,14.673,0.0
2015-10-04 00:00:00,5.872,0.0
2015-10-04 06:00:00,1.534,0.6
2015-10-04 12:00:00,2.77,1.0
2015-10-04 18:00:00,7.645,0.0
2015-10-05 00:00:00,4.662,0.0
2015-10-05 06:00:00,4.063,0.0
2015-10-05 12:00:00,2.45,0.0
2015-10-05 18:00:00,8.095,0.0
2015-10-06 00:00:00,4.48,0.2
2015-10-06 06:00:00,3.116,0.0
2015-10-06 12:00:00,3.406,0.0
2015-10-06 18:00:00,6.306,0.6
2015-10-07 00:00:00,1.859,1.4
2015-10-07 06:00:00,1.832,0.0
2015-10-07 12:00:00,1.344,0.0
2015-10-07 18:00:00,11.273,0.0
2015-10-08 00:00:00,3.512,0.2
2015-10-08 06:00:00,3.617,0.0
2015-10-08 12:00:00,2.85,0.0
2015-10-08 18:00:00,9.879,0.0
2015-10-09 00:00:00,3.142,1.0
2015-10-09 06:00:00,3.142,0.0
2015-10-09 12:00:00,4.61,0.0
2015-10-09 18:00:00,13.546,0.0
2015-10-10 00:00:00,5.102,0.0
2015-10-10 06:00:00,2.316,0.0
2015-10-10 12:00:00,2.236,0.0
2015-10-10 18:00:00,12.823,0.0
2015-10-11 00:00:00,5.179,0.0
2015-10-11 06:00:00,4.194,0.0
2015-10-11 12:00:00,4.037,0.0
2015-10-11 18:00:00,12.001,0.0
2015-10-12 00:00:00,3.009,1.4
2015-10-12 06:00:00,3.38,0.0
2015-10-12 12:00:00,2.584,0.0
2015-10-12 18:00:00,13.401,0.0
2015-10-13 00:00:00,5.36,0.0
2015-10-13 06:00:00,2.61,0.0
2015-10-13 12:00:00,0.825,0.0
2015-10-13 18:00:00,12.34,0.0
2015-10-14 00:00:00,5.821,0.0
2015-10-14 06:00:00,2.53,0.0
2015-10-14 12:00:00,2.53,0.0
2015-10-14 18:00:00,15.342,0.0
2015-10-15 00:00:00,4.141,0.0
2015-10-15 06:00:00,3.406,0.0
2015-10-15 12:00:00,3.38,0.0
2015-10-15 18:00:00,9.386,0.0
2015-10-16 00:00:00,6.0,0.0
2015-10-16 06:00:00,2.77,0.0
2015-10-16 12:00:00,3.248,0.0
2015-10-16 18:00:00,6.331,0.0
2015-10-17 00:00:00,4.037,0.0
2015-10-17 06:00:00,3.433,0.0
2015-10-17 12:00:00,1.317,0.2
2015-10-17 18:00:00,6.585,0.0
2015-10-18 00:00:00,3.274,0.0
2015-10-18 06:00:00,2.209,0.0
2015-10-18 12:00:00,1.778,0.0
2015-10-18 18:00:00,9.04,0.0
2015-10-19 00:00:00,3.485,0.0
2015-10-19 06:00:00,1.832,0.0
2015-10-19 12:00:00,3.063,0.0
2015-10-19 18:00:00,9.089,0.0
2015-10-20 00:00:00,3.827,0.0
2015-10-20 06:00:00,1.832,0.0
2015-10-20 12:00:00,2.262,0.0
2015-10-20 18:00:00,12.461,0.0
2015-10-21 00:00:00,3.958,0.0
2015-10-21 06:00:00,2.236,0.0
2015-10-21 12:00:00,3.906,0.0
2015-10-21 18:00:00,11.904,0.0
2015-10-22 00:00:00,4.194,0.0
2015-10-22 06:00:00,2.37,0.0
2015-10-22 12:00:00,2.53,0.0
2015-10-22 18:00:00,8.941,0.0
2015-10-23 00:00:00,3.274,0.8
2015-10-23 06:00:00,2.744,0.0
2015-10-23 12:00:00,2.021,0.0
2015-10-23 18:00:00,7.167,0.0
2015-10-24 00:00:00,3.538,0.0
2015-10-24 06:00:00,1.425,0.0
2015-10-24 12:00:00,1.153,0.0
2015-10-24 18:00:00,6.408,0.0
2015-10-25 00:00:00,4.376,0.0
2015-10-25 06:00:00,2.637,0.0
2015-10-25 12:00:00,2.236,0.0
2015-10-25 18:00:00,11.053,0.0
2015-10-26 00:00:00,0.934,0.0
2015-10-26 06:00:00,1.289,0.0
2015-10-26 12:00:00,2.53,0.6
2015-10-26 18:00:00,11.029,0.0
2015-10-27 00:00:00,4.037,0.0
2015-10-27 06:00:00,0.495,0.0
2015-10-27 12:00:00,1.67,0.8
2015-10-27 18:00:00,5.102,0.4
2015-10-28 00:00:00,2.717,0.0
2015-10-28 06:00:00,2.61,0.0
2015-10-28 12:00:00,3.142,0.0
2015-10-28 18:00:00,11.321,0.0
2015-10-29 00:00:00,1.344,0.6
2015-10-29 06:00:00,1.778,0.0
2015-10-29 12:00:00,2.182,0.0
2015-10-29 18:00:00,13.329,0.0
2015-10-30 00:00:00,1.697,0.0
2015-10-30 06:00:00,1.398,0.0
2015-10-30 12:00:00,2.744,0.0
2015-10-30 18:00:00,9.854,0.0
2015-10-31 00:00:00,3.354,0.0
2015-10-31 06:00:00,1.67,0.0
2015-10-31 12:00:00,2.289,0.0
2015-10-31 18:00:00,11.029,0.0
2015-11-01 00:00:00,3.195,0.0
2015-11-01 06:00:00,1.289,0.0
2015-11-01 12:00:00,0.687,0.0
2015-11-01 18:00:00,10.492,0.0
2015-11-02 00:00:00,3.116,0.0
2015-11-02 06:00:00,-0.563,0.0
2015-11-02 12:00:00,1.044,0.0
2015-11-02 18:00:00,12.147,0.0
2015-11-03 00:00:00,3.406,0.0
2015-11-03 06:00:00,-0.088,0.0
2015-11-03 12:00:00,1.153,0.0
2015-11-03 18:00:00,13.594,0.0
2015-11-04 00:00:00,3.906,0.0
2015-11-04 06:00:00,1.208,0.0
2015-11-04 12:00:00,2.236,0.0
2015-11-04 18:00:00,12.05,0.0
2015-11-05 00:00:00,4.454,0.0
2015-11-05 06:00:00,1.044,0.0
2015-11-05 12:00:00,4.402,0.0
2015-11-05 18:00:00,12.968,0.0
2015-11-06 00:00:00,5.719,0.0
2015-11-06 06:00:00,2.637,0.0
2015-11-06 12:00:00,1.561,0.0
2015-11-06 18:00:00,4.792,0.4
2015-11-07 00:00:00,0.19,0.0
2015-11-07 06:00:00,1.751,0.0
2015-11-07 12:00:00,5.36,0.0
2015-11-07 18:00:00,8.693,0.0
2015-11-08 00:00:00,2.557,0.0
2015-11-08 06:00:00,2.77,0.6
2015-11-08 12:00:00,3.221,0.2
2015-11-08 18:00:00,9.854,0.0
2015-11-09 00:00:00,0.797,0.6
2015-11-09 06:00:00,1.208,0.0
2015-11-09 12:00:00,2.396,1.4
2015-11-09 18:00:00,4.298,0.6
2015-11-10 00:00:00,2.797,0.4
2015-11-10 06:00:00,1.751,0.0
2015-11-10 12:00:00,3.985,0.2
2015-11-10 18:00:00,12.485,0.0
2015-11-11 00:00:00,4.22,0.0
2015-11-11 06:00:00,3.195,0.0
2015-11-11 12:00:00,2.45,0.0
2015-11-11 18:00:00,14.05,0.0
2015-11-12 00:00:00,3.168,0.0
2015-11-12 06:00:00,2.503,0.0
2015-11-12 12:00:00,2.903,0.0
2015-11-12 18:00:00,7.87,0.0
2015-11-13 00:00:00,2.584,0.2
2015-11-13 06:00:00,2.289,0.2
2015-11-13 12:00:00,3.195,0.0
2015-11-13 18:00:00,10.1,0.0
2015-11-14 00:00:00,5.745,0.0
2015-11-14 06:00:00,3.248,0.0
2015-11-14 12:00:00,4.428,0.0
2015-11-14 18:00:00,10.565,0.0
2015-11-15 00:00:00,4.037,0.0
2015-11-15 06:00:00,3.564,0.0
2015-11-15 12:00:00,3.195,0.0
2015-11-15 18:00:00,11.467,0.0
2015-11-16 00:00:00,2.77,0.6
2015-11-16 06:00:00,2.289,0.2
2015-11-16 12:00:00,3.221,0.0
2015-11-16 18:00:00,12.582,0.0
2015-11-17 00:00:00,3.327,0.0
2015-11-17 06:00:00,2.37,0.0
2015-11-17 12:00:00,6.077,0.0
2015-11-17 18:00:00,12.534,0.0
2015-11-18 00:00:00,0.522,0.0
2015-11-18 06:00:00,1.886,0.0
2015-11-18 12:00:00,3.696,0.6
2015-11-18 18:00:00,13.064,0.0
2015-11-19 00:00:00,0.962,1.2
2015-11-19 06:00:00,2.128,0.2
2015-11-19 12:00:00,4.61,0.6
2015-11-19 18:00:00,14.505,0.0
2015-11-20 00:00:00,5.05,0.0
2015-11-20 06:00:00,3.142,0.0
2015-11-20 12:00:00,4.402,0.0
2015-11-20 18:00:00,12.025,0.0
2015-11-21 00:00:00,5.719,0.0
2015-11-21 06:00:00,3.248,0.0
2015-11-21 12:00:00,1.153,0.0
2015-11-21 18:00:00,11.005,0.0
2015-11-22 00:00:00,5.539,0.0
2015-11-22 06:00:00,2.903,0.0
2015-11-22 12:00:00,1.805,0.0
2015-11-22 18:00:00,7.945,0.0
2015-11-23 00:00:00,5.334,0.0
2015-11-23 06:00:00,4.584,0.0
2015-11-23 12:00:00,3.643,0.0
2015-11-23 18:00:00,3.67,0.4
2015-11-24 00:00:00,5.102,0.0
2015-11-24 06:00:00,4.063,0.0
2015-11-24 12:00:00,3.906,0.0
2015-11-24 18:00:00,8.045,0.0
2015-11-25 00:00:00,5.205,0.0
2015-11-25 06:00:00,3.301,0.0
2015-11-25 12:00:00,6.128,0.0
2015-11-25 18:00:00,9.78,0.0
2015-11-26 00:00:00,4.714,0.0
2015-11-26 06:00:00,2.45,0.0
2015-11-26 12:00:00,5.668,0.0
2015-11-26 18:00:00,10.81,0.0
2015-11-27 00:00:00,5.179,0.0
2015-11-27 06:00:00,4.662,0.0
2015-11-27 12:00:00,2.956,0.0
2015-11-27 18:00:00,11.467,0.0
2015-11-28 00:00:00,4.532,0.2
2015-11-28 06:00:00,3.354,0.2
2015-11-28 12:00:00,6.102,0.0
2015-11-28 18:00:00,12.34,0.0
2015-11-29 00:00:00,5.102,0.0
2015-11-29 06:00:00,4.844,0.0
2015-11-29 12:00:00,4.947,0.0
2015-11-29 18:00:00,10.467,0.0
2015-11-30 00:00:00,5.231,0.0
2015-11-30 06:00:00,3.932,0.0
2015-11-30 12:00:00,4.454,0.0
2015-11-30 18:00:00,10.761,0.0
2015-12-01 00:00:00,3.906,0.4
2015-12-01 06:00:00,0.495,0.0
2015-12-01 12:00:00,0.329,0.0
2015-12-01 18:00:00,5.076,4.2
2015-12-02 00:00:00,4.115,0.0
2015-12-02 06:00:00,1.67,0.0
2015-12-02 12:00:00,1.561,0.0
2015-12-02 18:00:00,2.503,1.2
2015-12-03 00:00:00,2.37,0.2
2015-12-03 06:00:00,1.208,0.0
2015-12-03 12:00:00,3.696,0.0
2015-12-03 18:00:00,11.394,0.0
2015-12-04 00:00:00,1.262,0.6
2015-12-04 06:00:00,1.859,0.0
2015-12-04 12:00:00,5.488,0.0
2015-12-04 18:00:00,11.856,0.0
2015-12-05 00:00:00,1.099,0.4
2015-12-05 06:00:00,2.823,0.0
2015-12-05 12:00:00,3.749,0.0
2015-12-05 18:00:00,11.224,0.0
2015-12-06 00:00:00,4.168,0.0
2015-12-06 06:00:00,1.344,0.0
2015-12-06 12:00:00,4.089,0.0
2015-12-06 18:00:00,14.314,0.0
2015-12-07 00:00:00,5.231,0.0
2015-12-07 06:00:00,2.289,0.0
2015-12-07 12:00:00,6.509,0.0
2015-12-07 18:00:00,14.026,0.0
2015-12-08 00:00:00,6.788,0.0
2015-12-08 06:00:00,3.564,0.0
2015-12-08 12:00:00,6.458,0.0
2015-12-08 18:00:00,12.678,0.0
2015-12-09 00:00:00,5.308,0.0
2015-12-09 06:00:00,1.67,0.0
2015-12-09 12:00:00,1.832,0.0
2015-12-09 18:00:00,11.977,0.0
2015-12-10 00:00:00,5.05,0.0
2015-12-10 06:00:00,2.262,0.0
2015-12-10 12:00:00,3.248,0.0
2015-12-10 18:00:00,7.87,0.0
2015-12-11 00:00:00,4.506,0.0
2015-12-11 06:00:00,3.009,0.0
2015-12-11 12:00:00,4.947,0.0
2015-12-11 18:00:00,10.173,0.0
2015-12-12 00:00:00,6.306,0.0
2015-12-12 06:00:00,3.459,0.0
2015-12-12 12:00:00,4.272,0.0
2015-12-12 18:00:00,9.977,0.2
2015-12-13 00:00:00,6.051,0.0
2015-12-13 06:00:00,4.168,0.0
2015-12-13 12:00:00,3.696,0.0
2015-12-13 18:00:00,12.292,0.0
2015-12-14 00:00:00,3.591,1.2
2015-12-14 06:00:00,5.565,0.0
2015-12-14 12:00:00,5.437,0.0
2015-12-14 18:00:00,8.841,0.0
2015-12-15 00:00:00,3.827,0.0
2015-12-15 06:00:00,2.53,0.0
2015-12-15 12:00:00,3.38,0.0
2015-12-15 18:00:00,9.903,0.0
2015-12-16 00:00:00,3.88,0.0
2015-12-16 06:00:00,3.538,0.0
2015-12-16 12:00:00,2.155,0.0
2015-12-16 18:00:00,6.914,0.0
2015-12-17 00:00:00,6.281,0.0
2015-12-17 06:00:00,2.823,0.0
2015-12-17 12:00:00,3.301,0.0
2015-12-17 18:00:00,10.59,0.0
2015-12-18 00:00:00,5.616,0.0
2015-12-18 06:00:00,3.301,0.2
2015-12-18 12:00:00,4.168,0.0
2015-12-18 18:00:00,9.361,0.0
2015-12-19 00:00:00,3.591,0.2
2015-12-19 06:00:00,2.503,0.4
2015-12-19 12:00:00,4.115,0.0
2015-12-19 18:00:00,11.224,0.0
2015-12-20 00:00:00,3.564,0.0
2015-12-20 06:00:00,3.301,0.0
2015-12-20 12:00:00,4.115,0.0
2015-12-20 18:00:00,6.128,0.4
2015-12-21 00:00:00,4.089,0.0
2015-12-21 06:00:00,1.994,0.0
2015-12-21 12:00:00,4.584,0.0
2015-12-21 18:00:00,6.509,0.0
2015-12-22 00:00:00,4.558,0.0
2015-12-22 06:00:00,2.557,0.0
2015-12-22 12:00:00,1.724,0.0
2015-12-22 18:00:00,14.002,0.0
2015-12-23 00:00:00,2.956,0.0
2015-12-23 06:00:00,3.036,0.0
2015-12-23 12:00:00,2.236,0.0
2015-12-23 18:00:00,10.418,0.0
2015-12-24 00:00:00,2.903,0.2
2015-12-24 06:00:00,0.273,0.0
2015-12-24 12:00:00,0.715,0.0
2015-12-24 18:00:00,5.591,0.2
2015-12-25 00:00:00,3.854,0.2
2015-12-25 06:00:00,2.236,0.0
2015-12-25 12:00:00,3.88,0.0
2015-12-25 18:00:00,7.015,0.2
2015-12-26 00:00:00,5.411,0.0
2015-12-26 06:00:00,4.037,0.0
2015-12-26 12:00:00,3.063,0.2
2015-12-26 18:00:00,8.817,0.0
2015-12-27 00:00:00,5.282,0.0
2015-12-27 06:00:00,2.983,0.0
2015-12-27 12:00:00,3.827,0.0
2015-12-27 18:00:00,13.281,0.0
2015-12-28 00:00:00,4.973,0.2
2015-12-28 06:00:00,3.327,0.0
2015-12-28 12:00:00,3.089,0.0
2015-12-28 18:00:00,10.785,0.0
2015-12-29 00:00:00,4.428,0.0
2015-12-29 06:00:00,3.591,0.0
2015-12-29 12:00:00,5.282,0.0
2015-12-29 18:00:00,10.932,0.0
2015-12-30 00:00:00,4.272,0.0
2015-12-30 06:00:00,3.643,0.0
2015-12-30 12:00:00,4.895,0.0
2015-12-30 18:00:00,13.546,0.0
2015-12-31 00:00:00,2.209,1.2
2015-12-31 06:00:00,3.985,0.0
2015-12-31 12:00:00,4.376,0.0
2015-12-31 18:00:00,15.342,0.0
2016-01-01 00:00:00,3.617,0.2
2016-01-01 06:00:00,4.037,0.0
2016-01-01 12:00:00,4.246,0.0
2016-01-01 18:00:00,7.82,0.0
2016-01-02 00:00:00,3.67,0.8
2016-01-02 06:00:00,1.371,0.0
2016-01-02 12:00:00,3.301,0.0
2016-01-02 18:00:00,14.17,0.0
2016-01-03 00:00:00,5.924,0.0
2016-01-03 06:00:00,2.289,0.0
2016-01-03 12:00:00,2.503,0.0
2016-01-03 18:00:00,14.361,0.0
2016-01-04 00:00:00,5.847,0.0
2016-01-04 06:00:00,3.643,0.0
2016-01-04 12:00:00,3.906,0.0
2016-01-04 18:00:00,13.473,0.0
2016-01-05 00:00:00,6.433,0.0
2016-01-05 06:00:00,3.643,0.0
2016-01-05 12:00:00,2.503,0.0
2016-01-05 18:00:00,12.678,0.0
2016-01-06 00:00:00,6.255,0.0
2016-01-06 06:00:00,3.722,0.2
2016-01-06 12:00:00,3.985,0.0
2016-01-06 18:00:00,9.977,0.0
2016-01-07 00:00:00,4.402,0.0
2016-01-07 06:00:00,3.749,0.0
2016-01-07 12:00:00,3.985,0.0
2016-01-07 18:00:00,12.534,0.0
2016-01-08 00:00:00,6.0,0.0
2016-01-08 06:00:00,3.459,0.0
2016-01-08 12:00:00,4.011,0.0
2016-01-08 18:00:00,12.775,0.0
2016-01-09 00:00:00,6.56,0.0
2016-01-09 06:00:00,3.749,0.0
2016-01-09 12:00:00,2.584,0.0
2016-01-09 18:00:00,13.401,0.0
2016-01-10 00:00:00,4.558,0.0
2016-01-10 06:00:00,1.588,0.0
2016-01-10 12:00:00,1.724,0.0
2016-01-10 18:00:00,13.618,0.0
2016-01-11 00:00:00,5.36,0.0
2016-01-11 06:00:00,2.664,0.0
2016-01-11 12:00:00,2.903,0.0
2016-01-11 18:00:00,12.485,0.0
2016-01-12 00:00:00,5.437,0.0
2016-01-12 06:00:00,2.903,0.0
2016-01-12 12:00:00,2.45,0.0
2016-01-12 18:00:00,10.834,0.0
2016-01-13 00:00:00,5.565,0.0
2016-01-13 06:00:00,2.85,0.0
2016-01-13 12:00:00,2.664,0.0
2016-01-13 18:00:00,12.992,0.0
2016-01-14 00:00:00,6.077,0.0
2016-01-14 06:00:00,2.983,0.0
2016-01-14 12:00:00,4.558,0.0
2016-01-14 18:00:00,13.281,0.0
2016-01-15 00:00:00,6.179,0.0
2016-01-15 06:00:00,3.485,0.0
2016-01-15 12:00:00,4.636,0.0
2016-01-15 18:00:00,17.225,0.0
2016-01-16 00:00:00,7.142,0.0
2016-01-16 06:00:00,4.168,0.0
2016-01-16 12:00:00,4.558,0.0
2016-01-16 18:00:00,17.558,0.0
2016-01-17 00:00:00,7.015,0.0
2016-01-17 06:00:00,4.48,0.0
2016-01-17 12:00:00,4.558,0.0
2016-01-17 18:00:00,12.268,0.0
2016-01-18 00:00:00,5.102,0.0
2016-01-18 06:00:00,3.168,0.0
2016-01-18 12:00:00,3.801,0.0
2016-01-18 18:00:00,9.312,0.0
2016-01-19 00:00:00,4.636,0.2
2016-01-19 06:00:00,3.827,0.0
2016-01-19 12:00:00,3.538,0.0
2016-01-19 18:00:00,12.727,0.0
2016-01-20 00:00:00,3.696,0.6
2016-01-20 06:00:00,4.141,0.0
2016-01-20 12:00:00,4.298,0.0
2016-01-20 18:00:00,11.637,0.0
2016-01-21 00:00:00,5.024,0.2
2016-01-21 06:00:00,4.063,0.0
2016-01-21 12:00:00,3.485,0.0
2016-01-21 18:00:00,8.319,0.0
2016-01-22 00:00:00,6.051,0.0
2016-01-22 06:00:00,4.869,0.0
2016-01-22 12:00:00,4.324,0.0
2016-01-22 18:00:00,11.394,0.0
2016-01-23 00:00:00,6.306,0.0
2016-01-23 06:00:00,4.037,0.0
2016-01-23 12:00:00,4.818,0.0
2016-01-23 18:00:00,12.292,0.0
2016-01-24 00:00:00,8.444,0.0
2016-01-24 06:00:00,4.402,0.0
2016-01-24 12:00:00,6.051,0.0
2016-01-24 18:00:00,12.534,0.0
2016-01-25 00:00:00,7.066,0.0
2016-01-25 06:00:00,2.877,0.0
2016-01-25 12:00:00,2.77,0.0
2016-01-25 18:00:00,10.932,0.0
2016-01-26 00:00:00,5.668,0.0
2016-01-26 06:00:00,2.877,0.0
2016-01-26 12:00:00,1.859,0.0
2016-01-26 18:00:00,12.896,0.0
2016-01-27 00:00:00,4.22,0.0
2016-01-27 06:00:00,2.903,0.0
2016-01-27 12:00:00,3.433,0.0
2016-01-27 18:00:00,12.195,0.0
2016-01-28 00:00:00,4.61,0.0
2016-01-28 06:00:00,3.854,0.0
2016-01-28 12:00:00,3.643,0.0
2016-01-28 18:00:00,12.364,0.0
2016-01-29 00:00:00,3.036,0.2
2016-01-29 06:00:00,3.67,0.2
2016-01-29 12:00:00,3.036,0.0
2016-01-29 18:00:00,10.394,0.0
2016-01-30 00:00:00,2.903,0.6
2016-01-30 06:00:00,2.503,0.4
2016-01-30 12:00:00,2.343,0.0
2016-01-30 18:00:00,10.149,0.0
2016-01-31 00:00:00,2.744,0.2
2016-01-31 06:00:00,2.289,0.0
2016-01-31 12:00:00,2.45,0.0
2016-01-31 18:00:00,9.657,0.0
2016-02-01 00:00:00,4.558,0.0
2016-02-01 06:00:00,3.274,0.0
2016-02-01 12:00:00,2.69,0.0
2016-02-01 18:00:00,10.198,0.0
2016-02-02 00:00:00,2.61,0.2
2016-02-02 06:00:00,2.477,0.0
2016-02-02 12:00:00,3.168,0.0
2016-02-02 18:00:00,11.175,0.0
2016-02-03 00:00:00,4.48,0.0
2016-02-03 06:00:00,2.101,0.6
2016-02-03 12:00:00,2.316,0.0
2016-02-03 18:00:00,9.805,0.0
2016-02-04 00:00:00,3.564,0.0
2016-02-04 06:00:00,2.983,0.2
2016-02-04 12:00:00,2.717,0.0
2016-02-04 18:00:00,5.898,0.2
2016-02-05 00:00:00,1.615,0.4
2016-02-05 06:00:00,2.45,0.0
2016-02-05 12:00:00,3.009,0.0
2016-02-05 18:00:00,13.69,0.0
2016-02-06 00:00:00,1.317,2.4
2016-02-06 06:00:00,2.85,0.2
2016-02-06 12:00:00,2.101,0.0
2016-02-06 18:00:00,13.425,0.0
2016-02-07 00:00:00,2.637,1.0
2016-02-07 06:00:00,4.089,0.0
2016-02-07 12:00:00,4.011,0.0
2016-02-07 18:00:00,10.369,0.0
2016-02-08 00:00:00,6.458,0.0
2016-02-08 06:00:00,3.985,0.0
2016-02-08 12:00:00,3.801,0.0
2016-02-08 18:00:00,6.026,0.6
2016-02-09 00:00:00,4.766,0.0
2016-02-09 06:00:00,3.617,0.0
2016-02-09 12:00:00,2.797,0.4
2016-02-09 18:00:00,6.433,0.0
2016-02-10 00:00:00,4.532,0.0
2016-02-10 06:00:00,3.009,0.0
2016-02-10 12:00:00,3.195,0.0
2016-02-10 18:00:00,7.77,0.0
2016-02-11 00:00:00,4.141,0.0
2016-02-11 06:00:00,3.906,0.0
2016-02-11 12:00:00,2.983,0.0
2016-02-11 18:00:00,10.443,0.0
2016-02-12 00:00:00,2.155,0.2
2016-02-12 06:00:00,3.854,0.0
2016-02-12 12:00:00,3.722,0.0
2016-02-12 18:00:00,14.266,0.0
2016-02-13 00:00:00,3.38,0.0
2016-02-13 06:00:00,2.877,0.0
2016-02-13 12:00:00,2.557,0.0
2016-02-13 18:00:00,7.92,0.0
2016-02-14 00:00:00,4.844,0.0
2016-02-14 06:00:00,4.22,0.0
2016-02-14 12:00:00,3.168,0.0
2016-02-14 18:00:00,7.995,0.2
2016-02-15 00:00:00,6.433,0.0
2016-02-15 06:00:00,4.818,0.0
2016-02-15 12:00:00,4.298,0.0
2016-02-15 18:00:00,7.82,0.0
2016-02-16 00:00:00,5.949,0.0
2016-02-16 06:00:00,4.973,0.0
2016-02-16 12:00:00,3.406,0.0
2016-02-16 18:00:00,9.583,0.0
2016-02-17 00:00:00,7.469,0.0
2016-02-17 06:00:00,4.324,0.0
2016-02-17 12:00:00,4.037,0.0
2016-02-17 18:00:00,5.565,0.2
2016-02-18 00:00:00,4.454,0.0
2016-02-18 06:00:00,4.194,0.0
2016-02-18 12:00:00,4.272,0.0
2016-02-18 18:00:00,10.834,0.0
2016-02-19 00:00:00,4.454,0.0
2016-02-19 06:00:00,3.775,0.0
2016-02-19 12:00:00,3.696,0.0
2016-02-19 18:00:00,12.703,0.0
2016-02-20 00:00:00,7.619,0.0
2016-02-20 06:00:00,5.847,0.0
2016-02-20 12:00:00,4.947,0.0
2016-02-20 18:00:00,14.721,0.0
2016-02-21 00:00:00,5.334,0.0
2016-02-21 06:00:00,5.128,0.0
2016-02-21 12:00:00,3.749,0.0
2016-02-21 18:00:00,15.318,0.0
2016-02-22 00:00:00,7.091,0.0
2016-02-22 06:00:00,4.61,0.0
2016-02-22 12:00:00,3.827,0.0
2016-02-22 18:00:00,15.031,0.0
2016-02-23 00:00:00,3.985,0.0
2016-02-23 06:00:00,3.354,0.0
2016-02-23 12:00:00,3.221,0.0
2016-02-23 18:00:00,8.891,0.6
2016-02-24 00:00:00,5.282,0.0
2016-02-24 06:00:00,2.93,0.0
2016-02-24 12:00:00,3.354,0.0
2016-02-24 18:00:00,8.419,0.2
2016-02-25 00:00:00,4.818,1.0
2016-02-25 06:00:00,4.272,0.0
2016-02-25 12:00:00,3.958,0.0
2016-02-25 18:00:00,9.558,0.0
2016-02-26 00:00:00,3.009,0.0
2016-02-26 06:00:00,3.591,0.0
2016-02-26 12:00:00,4.141,0.0
2016-02-26 18:00:00,11.54,0.0
2016-02-27 00:00:00,3.827,0.4
2016-02-27 06:00:00,4.037,0.0
2016-02-27 12:00:00,2.877,0.0
2016-02-27 18:00:00,11.2,0.0
2016-02-28 00:00:00,5.411,0.0
2016-02-28 06:00:00,3.722,0.2
2016-02-28 12:00:00,3.617,0.0
2016-02-28 18:00:00,12.703,0.0
2016-02-29 00:00:00,3.195,0.6
2016-02-29 06:00:00,3.301,0.2
2016-02-29 12:00:00,3.775,0.0
2016-02-29 18:00:00,11.175,0.0
2016-03-01 00:00:00,5.411,1.8
2016-03-01 06:00:00,3.248,0.0
2016-03-01 12:00:00,4.662,0.0
2016-03-01 18:00:00,14.17,0.0
2016-03-02 00:00:00,3.827,0.4
2016-03-02 06:00:00,3.722,0.0
2016-03-02 12:00:00,3.38,0.2
2016-03-02 18:00:00,8.27,0.0
2016-03-03 00:00:00,3.116,1.8
2016-03-03 06:00:00,3.932,0.0
2016-03-03 12:00:00,3.512,0.4
2016-03-03 18:00:00,7.419,0.2
2016-03-04 00:00:00,4.298,0.0
2016-03-04 06:00:00,4.766,0.0
2016-03-04 12:00:00,3.459,0.0
2016-03-04 18:00:00,10.296,0.0
2016-03-05 00:00:00,7.569,0.0
2016-03-05 06:00:00,3.67,0.0
2016-03-05 12:00:00,3.854,0.0
2016-03-05 18:00:00,9.632,0.0
2016-03-06 00:00:00,1.425,0.0
2016-03-06 06:00:00,3.009,0.2
2016-03-06 12:00:00,2.903,0.0
2016-03-06 18:00:00,11.321,0.0
2016-03-07 00:00:00,2.182,0.2
2016-03-07 06:00:00,1.859,0.0
2016-03-07 12:00:00,2.209,0.0
2016-03-07 18:00:00,5.488,0.0
2016-03-08 00:00:00,1.778,0.4
2016-03-08 06:00:00,1.697,0.0
2016-03-08 12:00:00,1.778,0.0
2016-03-08 18:00:00,7.015,0.0
2016-03-09 00:00:00,2.262,0.4
2016-03-09 06:00:00,2.396,0.2
2016-03-09 12:00:00,2.61,0.0
2016-03-09 18:00:00,7.519,0.2
2016-03-10 00:00:00,3.063,0.0
2016-03-10 06:00:00,2.797,0.0
2016-03-10 12:00:00,2.021,0.0
2016-03-10 18:00:00,12.437,0.0
2016-03-11 00:00:00,4.324,0.6
2016-03-11 06:00:00,2.903,0.0
2016-03-11 12:00:00,3.221,0.0
2016-03-11 18:00:00,12.292,0.0
2016-03-12 00:00:00,5.076,0.0
2016-03-12 06:00:00,3.089,0.0
2016-03-12 12:00:00,2.956,0.0
2016-03-12 18:00:00,6.179,0.6
2016-03-13 00:00:00,3.195,1.4
2016-03-13 06:00:00,2.316,0.0
2016-03-13 12:00:00,2.101,0.0
2016-03-13 18:00:00,12.509,0.0
2016-03-14 00:00:00,6.433,0.0
2016-03-14 06:00:00,3.564,0.0
2016-03-14 12:00:00,2.877,0.0
2016-03-14 18:00:00,14.864,0.0
2016-03-15 00:00:00,0.825,0.8
2016-03-15 06:00:00,2.128,0.2
2016-03-15 12:00:00,2.61,0.0
2016-03-15 18:00:00,6.382,0.2
2016-03-16 00:00:00,4.973,0.0
2016-03-16 06:00:00,2.69,0.0
2016-03-16 12:00:00,1.071,0.0
2016-03-16 18:00:00,10.467,0.0
2016-03-17 00:00:00,6.535,0.0
2016-03-17 06:00:00,3.985,0.0
2016-03-17 12:00:00,3.749,0.0
2016-03-17 18:00:00,12.437,0.0
2016-03-18 00:00:00,7.041,0.0
2016-03-18 06:00:00,4.636,0.0
2016-03-18 12:00:00,2.93,0.0
2016-03-18 18:00:00,13.161,0.0
2016-03-19 00:00:00,7.645,0.0
2016-03-19 06:00:00,4.011,0.0
2016-03-19 12:00:00,4.037,0.0
2016-03-19 18:00:00,8.543,0.0
2016-03-20 00:00:00,5.949,0.0
2016-03-20 06:00:00,2.903,0.6
2016-03-20 12:00:00,3.354,0.0
2016-03-20 18:00:00,8.742,0.0
2016-03-21 00:00:00,5.154,0.2
2016-03-21 06:00:00,3.67,0.0
2016-03-21 12:00:00,4.115,0.0
2016-03-21 18:00:00,7.97,0.2
2016-03-22 00:00:00,4.324,0.2
2016-03-22 06:00:00,3.168,0.0
2016-03-22 12:00:00,2.744,0.0
2016-03-22 18:00:00,11.102,0.0
2016-03-23 00:00:00,5.591,0.0
2016-03-23 06:00:00,4.74,0.0
2016-03-23 12:00:00,4.428,0.0
2016-03-23 18:00:00,6.128,0.6
2016-03-24 00:00:00,6.0,0.0
2016-03-24 06:00:00,4.714,0.0
2016-03-24 12:00:00,3.827,0.0
2016-03-24 18:00:00,11.977,0.0
2016-03-25 00:00:00,7.318,0.0
2016-03-25 06:00:00,4.428,0.0
2016-03-25 12:00:00,4.506,0.0
2016-03-25 18:00:00,14.768,0.0
2016-03-26 00:00:00,8.27,0.0
2016-03-26 06:00:00,5.924,0.0
2016-03-26 12:00:00,3.696,0.0
2016-03-26 18:00:00,11.053,0.0
2016-03-27 00:00:00,7.293,0.0
2016-03-27 06:00:00,4.895,0.0
2016-03-27 12:00:00,3.932,0.0
2016-03-27 18:00:00,11.637,0.0
2016-03-28 00:00:00,4.402,0.0
2016-03-28 06:00:00,3.854,0.0
2016-03-28 12:00:00,5.179,0.0
2016-03-28 18:00:00,13.594,0.0
2016-03-29 00:00:00,6.535,0.0
2016-03-29 06:00:00,3.301,0.0
2016-03-29 12:00:00,3.827,0.0
2016-03-29 18:00:00,15.915,0.0
2016-03-30 00:00:00,3.722,0.8
2016-03-30 06:00:00,3.564,0.0
2016-03-30 12:00:00,3.009,0.0
2016-03-30 18:00:00,12.122,0.0
2016-03-31 00:00:00,5.77,0.0
2016-03-31 06:00:00,4.141,0.0
2016-03-31 12:00:00,3.538,0.0
2016-03-31 18:00:00,12.871,0.0
2016-04-01 00:00:00,6.408,0.0
2016-04-01 06:00:00,3.67,0.2
2016-04-01 12:00:00,2.903,0.0
2016-04-01 18:00:00,9.657,0.0
2016-04-02 00:00:00,3.906,0.2
2016-04-02 06:00:00,3.168,0.0
2016-04-02 12:00:00,3.88,0.0
2016-04-02 18:00:00,8.543,0.0
2016-04-03 00:00:00,3.327,0.4
2016-04-03 06:00:00,1.697,0.2
2016-04-03 12:00:00,2.93,0.4
2016-04-03 18:00:00,3.512,2.2
2016-04-04 00:00:00,3.538,0.0
2016-04-04 06:00:00,1.344,0.0
2016-04-04 12:00:00,2.209,0.0
2016-04-04 18:00:00,10.124,0.0
2016-04-05 00:00:00,5.539,0.0
2016-04-05 06:00:00,3.617,0.0
2016-04-05 12:00:00,2.93,0.0
2016-04-05 18:00:00,9.287,0.0
2016-04-06 00:00:00,4.74,0.0
2016-04-06 06:00:00,3.168,0.0
2016-04-06 12:00:00,2.396,0.0
2016-04-06 18:00:00,8.866,0.0
2016-04-07 00:00:00,5.668,0.0
2016-04-07 06:00:00,3.564,0.0
2016-04-07 12:00:00,1.588,0.0
2016-04-07 18:00:00,10.1,0.0
2016-04-08 00:00:00,5.514,0.0
2016-04-08 06:00:00,3.195,0.2
2016-04-08 12:00:00,2.477,0.0
2016-04-08 18:00:00,10.149,0.0
2016-04-09 00:00:00,5.102,0.4
2016-04-09 06:00:00,0.852,1.0
2016-04-09 12:00:00,1.67,0.0
2016-04-09 18:00:00,10.222,0.0
2016-04-10 00:00:00,4.246,0.6
2016-04-10 06:00:00,3.274,0.0
2016-04-10 12:00:00,3.854,0.0
2016-04-10 18:00:00,12.678,0.0
2016-04-11 00:00:00,2.503,0.8
2016-04-11 06:00:00,2.637,0.0
2016-04-11 12:00:00,2.77,0.0
2016-04-11 18:00:00,4.792,0.2
2016-04-12 00:00:00,3.116,0.0
2016-04-12 06:00:00,1.94,0.0
2016-04-12 12:00:00,2.584,0.0
2016-04-12 18:00:00,13.137,0.0
2016-04-13 00:00:00,5.024,0.0
2016-04-13 06:00:00,2.77,0.0
2016-04-13 12:00:00,3.009,0.0
2016-04-13 18:00:00,15.342,0.0
2016-04-14 00:00:00,5.462,0.0
2016-04-14 06:00:00,3.538,0.0
2016-04-14 12:00:00,3.009,0.0
2016-04-14 18:00:00,9.46,0.0
2016-04-15 00:00:00,6.077,0.0
2016-04-15 06:00:00,3.722,0.0
2016-04-15 12:00:00,3.168,0.0
2016-04-15 18:00:00,8.494,0.0
2016-04-16 00:00:00,4.636,0.0
2016-04-16 06:00:00,3.512,0.0
2016-04-16 12:00:00,3.036,0.2
2016-04-16 18:00:00,6.179,0.4
2016-04-17 00:00:00,4.011,0.6
2016-04-17 06:00:00,2.797,0.2
2016-04-17 12:00:00,3.116,0.0
2016-04-17 18:00:00,7.544,0.0
2016-04-18 00:00:00,4.792,0.0
2016-04-18 06:00:00,3.696,0.0
2016-04-18 12:00:00,4.662,0.0
2016-04-18 18:00:00,5.796,0.0
2016-04-19 00:00:00,3.696,0.0
2016-04-19 06:00:00,2.45,0.4
2016-04-19 12:00:00,1.398,0.0
2016-04-19 18:00:00,6.077,0.0
2016-04-20 00:00:00,3.459,0.0
2016-04-20 06:00:00,2.797,0.0
2016-04-20 12:00:00,2.209,0.0
2016-04-20 18:00:00,7.444,0.0
2016-04-21 00:00:00,3.827,0.0
2016-04-21 06:00:00,3.485,0.0
2016-04-21 12:00:00,1.94,0.0
2016-04-21 18:00:00,11.516,0.0
2016-04-22 00:00:00,5.924,0.0
2016-04-22 06:00:00,3.116,0.0
2016-04-22 12:00:00,2.477,0.0
2016-04-22 18:00:00,9.805,0.0
2016-04-23 00:00:00,4.662,0.0
2016-04-23 06:00:00,3.485,0.2
2016-04-23 12:00:00,3.274,0.0
2016-04-23 18:00:00,12.461,0.0
2016-04-24 00:00:00,4.298,0.0
2016-04-24 06:00:00,2.93,0.2
2016-04-24 12:00:00,2.53,0.0
2016-04-24 18:00:00,11.565,0.0
2016-04-25 00:00:00,6.306,0.0
2016-04-25 06:00:00,2.877,0.0
2016-04-25 12:00:00,2.45,0.0
2016-04-25 18:00:00,15.39,0.0
2016-04-26 00:00:00,4.194,0.4
2016-04-26 06:00:00,2.956,0.0
2016-04-26 12:00:00,1.588,0.0
2016-04-26 18:00:00,13.161,0.0
2016-04-27 00:00:00,6.179,0.0
2016-04-27 06:00:00,2.956,0.0
2016-04-27 12:00:00,2.69,0.0
2016-04-27 18:00:00,14.529,0.0
2016-04-28 00:00:00,6.458,0.0
2016-04-28 06:00:00,6.788,0.0
2016-04-28 12:00:00,5.437,0.0
2016-04-28 18:00:00,11.248,0.0
2016-04-29 00:00:00,6.23,0.0
2016-04-29 06:00:00,1.994,0.0
2016-04-29 12:00:00,1.94,0.0
2016-04-29 18:00:00,12.558,0.0
2016-04-30 00:00:00,5.565,0.0
2016-04-30 06:00:00,5.128,0.0
2016-04-30 12:00:00,3.301,0.0
2016-04-30 18:00:00,12.799,0.0
2016-05-01 00:00:00,6.331,0.0
2016-05-01 06:00:00,2.717,0.0
2016-05-01 12:00:00,2.77,0.0
2016-05-01 18:00:00,12.05,0.0
2016-05-02 00:00:00,5.539,0.0
2016-05-02 06:00:00,3.089,0.0
2016-05-02 12:00:00,2.182,0.0
2016-05-02 18:00:00,12.944,0.0
2016-05-03 00:00:00,4.947,0.0
2016-05-03 06:00:00,2.61,0.0
2016-05-03 12:00:00,1.859,0.0
2016-05-03 18:00:00,11.443,0.0
2016-05-04 00:00:00,3.696,0.0
2016-05-04 06:00:00,1.18,0.0
2016-05-04 12:00:00,0.605,0.0
2016-05-04 18:00:00,14.098,0.0
2016-05-05 00:00:00,5.616,0.0
2016-05-05 06:00:00,1.208,0.0
2016-05-05 12:00:00,0.742,0.0
2016-05-05 18:00:00,12.025,0.0
2016-05-06 00:00:00,4.895,0.0
2016-05-06 06:00:00,2.396,0.0
2016-05-06 12:00:00,1.317,0.0
2016-05-06 18:00:00,12.847,0.0
2016-05-07 00:00:00,2.823,0.2
2016-05-07 06:00:00,1.886,0.0
2016-05-07 12:00:00,1.317,0.0
2016-05-07 18:00:00,11.151,0.0
2016-05-08 00:00:00,4.74,0.0
2016-05-08 06:00:00,2.423,0.0
2016-05-08 12:00:00,1.913,0.0
2016-05-08 18:00:00,14.768,0.0
2016-05-09 00:00:00,4.766,0.0
2016-05-09 06:00:00,3.142,0.0
2016-05-09 12:00:00,1.534,0.6
2016-05-09 18:00:00,10.32,0.0
2016-05-10 00:00:00,4.74,0.0
2016-05-10 06:00:00,1.425,0.0
2016-05-10 12:00:00,1.967,0.0
2016-05-10 18:00:00,12.799,0.0
2016-05-11 00:00:00,5.642,0.0
2016-05-11 06:00:00,3.301,0.0
2016-05-11 12:00:00,2.423,0.0
2016-05-11 18:00:00,12.098,0.0
2016-05-12 00:00:00,5.179,0.0
2016-05-12 06:00:00,3.775,0.0
2016-05-12 12:00:00,2.074,0.0
2016-05-12 18:00:00,8.494,0.0
2016-05-13 00:00:00,4.22,0.0
2016-05-13 06:00:00,2.423,0.0
2016-05-13 12:00:00,1.099,0.0
2016-05-13 18:00:00,11.37,0.0
2016-05-14 00:00:00,5.462,0.0
2016-05-14 06:00:00,2.93,0.0
2016-05-14 12:00:00,1.48,0.0
2016-05-14 18:00:00,8.891,0.0
2016-05-15 00:00:00,3.854,0.0
2016-05-15 06:00:00,2.209,0.0
2016-05-15 12:00:00,1.507,0.0
2016-05-15 18:00:00,11.248,0.0
2016-05-16 00:00:00,5.411,0.0
2016-05-16 06:00:00,3.512,0.0
2016-05-16 12:00:00,2.37,0.0
2016-05-16 18:00:00,9.756,0.0
2016-05-17 00:00:00,5.949,0.0
2016-05-17 06:00:00,4.506,0.0
2016-05-17 12:00:00,4.141,0.0
2016-05-17 18:00:00,9.706,0.0
2016-05-18 00:00:00,4.089,0.0
2016-05-18 06:00:00,3.591,0.0
2016-05-18 12:00:00,2.45,0.0
2016-05-18 18:00:00,9.903,0.0
2016-05-19 00:00:00,1.778,1.0
2016-05-19 06:00:00,2.717,0.0
2016-05-19 12:00:00,1.643,0.0
2016-05-19 18:00:00,11.759,0.0
2016-05-20 00:00:00,5.282,0.0
2016-05-20 06:00:00,3.67,0.0
2016-05-20 12:00:00,3.009,0.0
2016-05-20 18:00:00,6.585,0.0
2016-05-21 00:00:00,5.257,0.0
2016-05-21 06:00:00,2.423,0.0
2016-05-21 12:00:00,1.805,0.0
2016-05-21 18:00:00,8.866,0.0
2016-05-22 00:00:00,3.958,0.2
2016-05-22 06:00:00,3.195,0.0
2016-05-22 12:00:00,3.063,0.0
2016-05-22 18:00:00,6.535,0.2
2016-05-23 00:00:00,4.298,0.0
2016-05-23 06:00:00,3.722,0.0
2016-05-23 12:00:00,2.503,0.0
2016-05-23 18:00:00,4.947,0.0
2016-05-24 00:00:00,2.956,0.0
2016-05-24 06:00:00,2.289,0.0
2016-05-24 12:00:00,2.744,0.0
2016-05-24 18:00:00,7.569,0.0
2016-05-25 00:00:00,3.775,0.0
2016-05-25 06:00:00,1.994,0.0
2016-05-25 12:00:00,1.697,0.0
2016-05-25 18:00:00,11.953,0.0
2016-05-26 00:00:00,5.179,0.0
2016-05-26 06:00:00,3.958,0.0
2016-05-26 12:00:00,2.423,0.0
2016-05-26 18:00:00,11.2,0.0
2016-05-27 00:00:00,6.255,0.0
2016-05-27 06:00:00,2.664,0.0
2016-05-27 12:00:00,1.507,0.0
2016-05-27 18:00:00,13.112,0.0
2016-05-28 00:00:00,4.636,0.0
2016-05-28 06:00:00,1.615,0.0
2016-05-28 12:00:00,1.425,0.0
2016-05-28 18:00:00,11.394,0.0
2016-05-29 00:00:00,4.584,0.0
2016-05-29 06:00:00,1.126,0.0
2016-05-29 12:00:00,2.262,0.0
2016-05-29 18:00:00,13.233,0.0
2016-05-30 00:00:00,4.35,0.0
2016-05-30 06:00:00,2.047,0.0
2016-05-30 12:00:00,2.074,0.0
2016-05-30 18:00:00,12.799,0.0
2016-05-31 00:00:00,4.272,0.0
2016-05-31 06:00:00,2.236,0.0
2016-05-31 12:00:00,0.797,0.0
2016-05-31 18:00:00,12.582,0.0
2016-06-01 00:00:00,5.411,0.0
2016-06-01 06:00:00,2.047,0.0
2016-06-01 12:00:00,0.715,0.0
2016-06-01 18:00:00,12.63,0.0
2016-06-02 00:00:00,4.999,0.0
2016-06-02 06:00:00,2.93,0.0
2016-06-02 12:00:00,0.246,0.0
2016-06-02 18:00:00,11.977,0.0
2016-06-03 00:00:00,2.956,0.6
2016-06-03 06:00:00,1.805,0.0
2016-06-03 12:00:00,1.099,0.2
2016-06-03 18:00:00,10.467,0.0
2016-06-04 00:00:00,2.101,0.0
2016-06-04 06:00:00,1.371,0.0
2016-06-04 12:00:00,1.886,0.0
2016-06-04 18:00:00,8.02,0.0
2016-06-05 00:00:00,1.805,0.4
2016-06-05 06:00:00,2.236,0.0
2016-06-05 12:00:00,2.53,0.0
2016-06-05 18:00:00,8.045,0.0
2016-06-06 00:00:00,3.564,0.0
2016-06-06 06:00:00,2.074,0.0
2016-06-06 12:00:00,0.412,0.0
2016-06-06 18:00:00,10.418,0.0
2016-06-07 00:00:00,3.38,0.0
2016-06-07 06:00:00,2.236,0.0
2016-06-07 12:00:00,1.507,0.0
2016-06-07 18:00:00,10.907,0.0
2016-06-08 00:00:00,4.376,0.0
2016-06-08 06:00:00,1.967,0.0
2016-06-08 12:00:00,2.637,0.0
2016-06-08 18:00:00,7.645,0.0
2016-06-09 00:00:00,2.877,0.0
2016-06-09 06:00:00,1.913,0.0
2016-06-09 12:00:00,1.751,0.0
2016-06-09 18:00:00,9.977,0.0
2016-06-10 00:00:00,4.402,0.0
2016-06-10 06:00:00,2.823,0.0
2016-06-10 12:00:00,2.289,0.0
2016-06-10 18:00:00,8.593,0.0
2016-06-11 00:00:00,4.141,0.0
2016-06-11 06:00:00,1.994,0.0
2016-06-11 12:00:00,1.94,0.0
2016-06-11 18:00:00,9.632,0.0
2016-06-12 00:00:00,4.141,0.0
2016-06-12 06:00:00,1.48,0.0
2016-06-12 12:00:00,1.371,0.0
2016-06-12 18:00:00,9.928,0.0
2016-06-13 00:00:00,4.011,0.0
2016-06-13 06:00:00,0.495,0.0
2016-06-13 12:00:00,-0.423,0.0
2016-06-13 18:00:00,8.27,0.0
2016-06-14 00:00:00,4.115,0.0
2016-06-14 06:00:00,2.343,0.0
2016-06-14 12:00:00,2.983,0.0
2016-06-14 18:00:00,8.195,0.0
2016-06-15 00:00:00,4.35,0.0
2016-06-15 06:00:00,2.664,0.0
2016-06-15 12:00:00,1.099,0.0
2016-06-15 18:00:00,10.296,0.0
2016-06-16 00:00:00,3.88,0.0
2016-06-16 06:00:00,2.53,0.0
2016-06-16 12:00:00,2.45,0.0
2016-06-16 18:00:00,8.444,0.0
2016-06-17 00:00:00,4.376,0.0
2016-06-17 06:00:00,2.85,0.0
2016-06-17 12:00:00,-0.171,0.0
2016-06-17 18:00:00,10.932,0.0
2016-06-18 00:00:00,3.406,0.0
2016-06-18 06:00:00,1.017,0.0
2016-06-18 12:00:00,0.079,0.0
2016-06-18 18:00:00,10.858,0.0
2016-06-19 00:00:00,4.298,0.0
2016-06-19 06:00:00,1.859,0.0
2016-06-19 12:00:00,1.017,0.0
2016-06-19 18:00:00,11.783,0.0
2016-06-20 00:00:00,4.714,0.0
2016-06-20 06:00:00,1.94,0.0
2016-06-20 12:00:00,1.859,0.0
2016-06-20 18:00:00,10.1,0.0
2016-06-21 00:00:00,5.437,0.0
2016-06-21 06:00:00,2.128,0.0
2016-06-21 12:00:00,1.778,0.0
2016-06-21 18:00:00,10.418,0.0
2016-06-22 00:00:00,4.714,0.0
2016-06-22 06:00:00,2.101,0.0
2016-06-22 12:00:00,0.962,0.0
2016-06-22 18:00:00,10.59,0.0
2016-06-23 00:00:00,3.932,0.0
2016-06-23 06:00:00,1.886,0.0
2016-06-23 12:00:00,0.218,0.0
2016-06-23 18:00:00,9.805,0.0
2016-06-24 00:00:00,4.246,0.0
2016-06-24 06:00:00,0.742,0.0
2016-06-24 12:00:00,-0.06,0.0
2016-06-24 18:00:00,12.509,0.0
2016-06-25 00:00:00,4.792,0.0
2016-06-25 06:00:00,2.664,0.0
2016-06-25 12:00:00,1.724,0.0
2016-06-25 18:00:00,11.151,0.0
2016-06-26 00:00:00,4.324,0.0
2016-06-26 06:00:00,1.289,0.0
2016-06-26 12:00:00,0.135,0.0
2016-06-26 18:00:00,10.32,0.0
2016-06-27 00:00:00,4.454,0.0
2016-06-27 06:00:00,1.453,0.8
2016-06-27 12:00:00,1.697,0.0
2016-06-27 18:00:00,6.306,0.0
2016-06-28 00:00:00,3.221,0.0
2016-06-28 06:00:00,2.182,0.0
2016-06-28 12:00:00,3.354,0.0
2016-06-28 18:00:00,8.965,0.0
2016-06-29 00:00:00,1.398,0.2
2016-06-29 06:00:00,0.577,0.0
2016-06-29 12:00:00,0.024,0.0
2016-06-29 18:00:00,9.312,0.0
2016-06-30 00:00:00,3.538,0.0
2016-06-30 06:00:00,0.962,0.0
2016-06-30 12:00:00,0.495,0.0
2016-06-30 18:00:00,8.17,0.0
2016-07-01 00:00:00,3.643,0.0
2016-07-01 06:00:00,2.93,0.0
2016-07-01 12:00:00,2.316,0.0
2016-07-01 18:00:00,9.336,0.0
2016-07-02 00:00:00,3.459,0.0
2016-07-02 06:00:00,0.522,0.0
2016-07-02 12:00:00,0.467,0.0
2016-07-02 18:00:00,10.736,0.0
2016-07-03 00:00:00,3.775,0.0
2016-07-03 06:00:00,4.194,0.0
2016-07-03 12:00:00,1.425,0.0
2016-07-03 18:00:00,9.361,0.0
2016-07-04 00:00:00,4.584,0.0
2016-07-04 06:00:00,1.126,0.0
2016-07-04 12:00:00,0.163,0.0
2016-07-04 18:00:00,10.418,0.0
2016-07-05 00:00:00,4.402,0.0
2016-07-05 06:00:00,1.588,0.0
2016-07-05 12:00:00,0.356,0.0
2016-07-05 18:00:00,13.353,0.0
2016-07-06 00:00:00,4.844,0.0
2016-07-06 06:00:00,1.886,0.0
2016-07-06 12:00:00,0.77,0.0
2016-07-06 18:00:00,9.485,0.0
2016-07-07 00:00:00,4.115,0.0
2016-07-07 06:00:00,2.021,0.0
2016-07-07 12:00:00,1.453,0.0
2016-07-07 18:00:00,7.745,0.0
2016-07-08 00:00:00,4.037,0.0
2016-07-08 06:00:00,3.433,0.0
2016-07-08 12:00:00,0.605,0.0
2016-07-08 18:00:00,10.687,0.0
2016-07-09 00:00:00,4.688,0.0
2016-07-09 06:00:00,1.371,0.0
2016-07-09 12:00:00,0.384,0.0
2016-07-09 18:00:00,9.952,0.0
2016-07-10 00:00:00,3.643,0.0
2016-07-10 06:00:00,1.371,0.0
2016-07-10 12:00:00,0.88,0.0
2016-07-10 18:00:00,10.834,0.0
2016-07-11 00:00:00,3.67,0.0
2016-07-11 06:00:00,0.632,0.0
2016-07-11 12:00:00,-0.227,0.0
2016-07-11 18:00:00,9.632,0.0
2016-07-12 00:00:00,3.854,0.0
2016-07-12 06:00:00,1.94,0.0
2016-07-12 12:00:00,2.423,0.0
2016-07-12 18:00:00,9.139,0.0
2016-07-13 00:00:00,5.179,0.0
2016-07-13 06:00:00,2.236,0.0
2016-07-13 12:00:00,0.742,0.0
2016-07-13 18:00:00,10.516,0.0
2016-07-14 00:00:00,4.089,0.0
2016-07-14 06:00:00,1.453,0.0
2016-07-14 12:00:00,0.934,0.0
2016-07-14 18:00:00,11.297,0.0
2016-07-15 00:00:00,4.999,0.0
2016-07-15 06:00:00,2.101,0.0
2016-07-15 12:00:00,0.495,0.0
2016-07-15 18:00:00,10.1,0.0
2016-07-16 00:00:00,5.205,0.0
2016-07-16 06:00:00,2.155,0.0
2016-07-16 12:00:00,0.934,0.0
2016-07-16 18:00:00,11.686,0.0
2016-07-17 00:00:00,3.88,0.0
2016-07-17 06:00:00,2.316,0.0
2016-07-17 12:00:00,0.356,0.0
2016-07-17 18:00:00,9.361,0.0
2016-07-18 00:00:00,4.921,0.0
2016-07-18 06:00:00,1.262,0.0
2016-07-18 12:00:00,0.301,0.0
2016-07-18 18:00:00,10.198,0.0
2016-07-19 00:00:00,4.454,0.0
2016-07-19 06:00:00,0.687,0.0
2016-07-19 12:00:00,1.044,0.0
2016-07-19 18:00:00,8.792,0.0
2016-07-20 00:00:00,3.406,0.0
2016-07-20 06:00:00,0.55,0.0
2016-07-20 12:00:00,1.48,0.0
2016-07-20 18:00:00,7.82,0.0
2016-07-21 00:00:00,3.722,0.0
2016-07-21 06:00:00,1.344,0.0
2016-07-21 12:00:00,0.88,0.0
2016-07-21 18:00:00,9.188,0.0
2016-07-22 00:00:00,4.22,0.0
2016-07-22 06:00:00,2.101,0.0
2016-07-22 12:00:00,-0.395,0.0
2016-07-22 18:00:00,10.761,0.0
2016-07-23 00:00:00,3.406,0.0
2016-07-23 06:00:00,0.989,0.0
2016-07-23 12:00:00,0.88,0.0
2016-07-23 18:00:00,9.854,0.0
2016-07-24 00:00:00,4.376,0.0
2016-07-24 06:00:00,1.778,0.0
2016-07-24 12:00:00,0.825,0.0
2016-07-24 18:00:00,12.509,0.0
2016-07-25 00:00:00,5.154,0.0
2016-07-25 06:00:00,1.317,0.0
2016-07-25 12:00:00,1.453,0.0
2016-07-25 18:00:00,12.509,0.0
2016-07-26 00:00:00,6.458,0.0
2016-07-26 06:00:00,2.823,0.0
2016-07-26 12:00:00,1.805,0.0
2016-07-26 18:00:00,12.944,0.0
2016-07-27 00:00:00,4.636,0.0
2016-07-27 06:00:00,1.398,0.0
2016-07-27 12:00:00,0.962,0.0
2016-07-27 18:00:00,9.336,0.0
2016-07-28 00:00:00,5.024,0.0
2016-07-28 06:00:00,1.507,0.0
2016-07-28 12:00:00,3.854,0.0
2016-07-28 18:00:00,10.565,0.0
2016-07-29 00:00:00,4.037,0.0
2016-07-29 06:00:00,2.45,0.0
2016-07-29 12:00:00,1.913,0.0
2016-07-29 18:00:00,7.569,0.0
2016-07-30 00:00:00,3.063,0.0
2016-07-30 06:00:00,0.852,0.0
2016-07-30 12:00:00,-0.479,0.0
2016-07-30 18:00:00,9.46,0.0
2016-07-31 00:00:00,4.766,0.0
2016-07-31 06:00:00,1.371,0.0
2016-07-31 12:00:00,0.384,0.0
2016-07-31 18:00:00,7.645,0.0
2016-08-01 00:00:00,3.985,0.0
2016-08-01 06:00:00,1.017,0.0
2016-08-01 12:00:00,0.605,0.0
2016-08-01 18:00:00,10.271,0.0
2016-08-02 00:00:00,3.906,0.0
2016-08-02 06:00:00,0.66,0.0
2016-08-02 12:00:00,0.88,0.0
2016-08-02 18:00:00,6.509,0.0
2016-08-03 00:00:00,3.827,0.0
2016-08-03 06:00:00,0.77,0.0
2016-08-03 12:00:00,2.423,0.0
2016-08-03 18:00:00,9.903,0.0
2016-08-04 00:00:00,3.932,0.0
2016-08-04 06:00:00,1.044,0.0
2016-08-04 12:00:00,0.356,0.0
2016-08-04 18:00:00,7.192,0.0
2016-08-05 00:00:00,3.643,0.0
2016-08-05 06:00:00,1.859,0.0
2016-08-05 12:00:00,5.591,0.0
2016-08-05 18:00:00,14.481,0.0
2016-08-06 00:00:00,5.719,0.0
2016-08-06 06:00:00,3.406,0.0
2016-08-06 12:00:00,0.439,0.0
2016-08-06 18:00:00,,
2016-08-07 00:00:00,,
2016-08-07 06:00:00,,
2016-08-07 12:00:00,,
2016-08-07 18:00:00,,
2016-08-08 00:00:00,5.334,0.0
2016-08-08 06:00:00,1.643,0.0
2016-08-08 12:00:00,0.135,0.0
2016-08-08 18:00:00,13.425,0.0
2016-08-09 00:00:00,4.973,0.0
2016-08-09 06:00:00,1.913,0.0
2016-08-09 12:00:00,0.329,0.0
2016-08-09 18:00:00,11.759,0.0
2016-08-10 00:00:00,6.204,0.0
2016-08-10 06:00:00,2.128,0.0
2016-08-10 12:00:00,0.246,0.0
2016-08-10 18:00:00,12.122,0.0
2016-08-11 00:00:00,5.154,0.0
2016-08-11 06:00:00,0.852,0.2
2016-08-11 12:00:00,0.439,0.0
2016-08-11 18:00:00,11.005,0.0
2016-08-12 00:00:00,1.044,1.2
2016-08-12 06:00:00,1.507,0.0
2016-08-12 12:00:00,0.632,0.0
2016-08-12 18:00:00,11.127,0.0
2016-08-13 00:00:00,4.921,0.0
2016-08-13 06:00:00,1.615,0.0
2016-08-13 12:00:00,0.356,0.0
2016-08-13 18:00:00,13.305,0.0
2016-08-14 00:00:00,3.142,0.0
2016-08-14 06:00:00,1.099,0.0
2016-08-14 12:00:00,1.017,0.0
2016-08-14 18:00:00,13.209,0.0
2016-08-15 00:00:00,6.433,0.0
2016-08-15 06:00:00,2.289,0.0
2016-08-15 12:00:00,1.208,0.0
2016-08-15 18:00:00,12.968,0.0
2016-08-16 00:00:00,4.532,0.0
2016-08-16 06:00:00,3.036,0.0
2016-08-16 12:00:00,0.934,0.0
2016-08-16 18:00:00,10.834,0.0
2016-08-17 00:00:00,4.558,0.0
2016-08-17 06:00:00,1.344,0.0
2016-08-17 12:00:00,0.329,0.0
2016-08-17 18:00:00,10.173,0.0
2016-08-18 00:00:00,5.024,0.0
2016-08-18 06:00:00,3.142,0.0
2016-08-18 12:00:00,0.55,0.0
2016-08-18 18:00:00,11.273,0.0
2016-08-19 00:00:00,4.61,0.0
2016-08-19 06:00:00,2.101,0.0
2016-08-19 12:00:00,1.317,0.0
2016-08-19 18:00:00,9.903,0.0
2016-08-20 00:00:00,4.532,0.0
2016-08-20 06:00:00,1.615,0.0
2016-08-20 12:00:00,0.439,0.0
2016-08-20 18:00:00,10.32,0.0
2016-08-21 00:00:00,5.05,0.0
2016-08-21 06:00:00,0.962,0.0
2016-08-21 12:00:00,0.051,0.0
2016-08-21 18:00:00,9.46,0.0
2016-08-22 00:00:00,4.947,0.0
2016-08-22 06:00:00,1.588,0.0
2016-08-22 12:00:00,0.605,0.0
2016-08-22 18:00:00,9.41,0.0
2016-08-23 00:00:00,4.869,0.0
2016-08-23 06:00:00,2.101,0.0
2016-08-23 12:00:00,1.262,0.0
2016-08-23 18:00:00,12.485,0.0
2016-08-24 00:00:00,5.924,0.0
2016-08-24 06:00:00,1.967,0.0
2016-08-24 12:00:00,0.962,0.0
2016-08-24 18:00:00,13.161,0.0
2016-08-25 00:00:00,5.128,0.0
2016-08-25 06:00:00,1.751,0.0
2016-08-25 12:00:00,1.208,0.0
2016-08-25 18:00:00,9.361,0.0
2016-08-26 00:00:00,3.906,0.0
2016-08-26 06:00:00,0.079,0.0
2016-08-26 12:00:00,-0.423,0.0
2016-08-26 18:00:00,11.88,0.0
2016-08-27 00:00:00,3.036,0.0
2016-08-27 06:00:00,1.344,0.0
2016-08-27 12:00:00,2.209,0.0
2016-08-27 18:00:00,13.954,0.0
2016-08-28 00:00:00,4.402,0.0
2016-08-28 06:00:00,2.69,0.0
2016-08-28 12:00:00,0.797,0.0
2016-08-28 18:00:00,11.759,0.0
2016-08-29 00:00:00,2.37,0.0
2016-08-29 06:00:00,0.495,0.0
2016-08-29 12:00:00,0.934,0.0
2016-08-29 18:00:00,11.565,0.0
2016-08-30 00:00:00,1.561,0.6
2016-08-30 06:00:00,1.724,0.0
2016-08-30 12:00:00,0.88,0.0
2016-08-30 18:00:00,10.883,0.0
2016-08-31 00:00:00,4.324,0.0
2016-08-31 06:00:00,1.371,0.0
2016-08-31 12:00:00,2.101,0.0
2016-08-31 18:00:00,10.247,0.0
2016-09-01 00:00:00,1.534,0.0
2016-09-01 06:00:00,0.77,0.0
2016-09-01 12:00:00,1.805,0.0
2016-09-01 18:00:00,8.195,0.0
2016-09-02 00:00:00,2.797,0.0
2016-09-02 06:00:00,0.135,0.0
2016-09-02 12:00:00,0.19,0.0
2016-09-02 18:00:00,10.149,0.0
2016-09-03 00:00:00,4.298,0.0
2016-09-03 06:00:00,1.235,0.0
2016-09-03 12:00:00,0.55,0.0
2016-09-03 18:00:00,11.078,0.0
2016-09-04 00:00:00,3.168,0.0
2016-09-04 06:00:00,-0.116,0.0
2016-09-04 12:00:00,-0.479,0.0
2016-09-04 18:00:00,11.394,0.0
2016-09-05 00:00:00,3.88,0.0
2016-09-05 06:00:00,0.825,0.0
2016-09-05 12:00:00,1.398,0.0
2016-09-05 18:00:00,11.783,0.0
2016-09-06 00:00:00,4.168,0.0
2016-09-06 06:00:00,1.778,0.0
2016-09-06 12:00:00,1.208,0.0
2016-09-06 18:00:00,12.823,0.0
2016-09-07 00:00:00,5.308,0.0
2016-09-07 06:00:00,2.021,0.2
2016-09-07 12:00:00,1.071,0.0
2016-09-07 18:00:00,11.88,0.0
2016-09-08 00:00:00,5.385,0.0
2016-09-08 06:00:00,1.94,0.0
2016-09-08 12:00:00,2.262,0.0
2016-09-08 18:00:00,12.606,0.0
2016-09-09 00:00:00,6.026,0.0
2016-09-09 06:00:00,3.063,0.0
2016-09-09 12:00:00,2.289,0.0
2016-09-09 18:00:00,11.856,0.0
2016-09-10 00:00:00,5.591,0.0
2016-09-10 06:00:00,3.749,0.0
2016-09-10 12:00:00,0.66,0.0
2016-09-10 18:00:00,9.534,0.0
2016-09-11 00:00:00,6.026,0.0
2016-09-11 06:00:00,1.994,0.0
2016-09-11 12:00:00,2.316,0.0
2016-09-11 18:00:00,8.792,0.0
2016-09-12 00:00:00,4.999,0.0
2016-09-12 06:00:00,2.823,0.0
2016-09-12 12:00:00,0.907,0.0
2016-09-12 18:00:00,11.71,0.0
2016-09-13 00:00:00,6.611,0.0
2016-09-13 06:00:00,5.334,0.0
2016-09-13 12:00:00,1.805,0.0
2016-09-13 18:00:00,13.401,0.0
2016-09-14 00:00:00,5.231,0.0
2016-09-14 06:00:00,2.021,0.0
2016-09-14 12:00:00,1.724,0.0
2016-09-14 18:00:00,14.505,0.0
2016-09-15 00:00:00,5.437,0.0
2016-09-15 06:00:00,2.93,0.0
2016-09-15 12:00:00,1.967,0.0
2016-09-15 18:00:00,9.139,0.0
2016-09-16 00:00:00,3.248,0.4
2016-09-16 06:00:00,1.751,0.0
2016-09-16 12:00:00,2.209,0.0
2016-09-16 18:00:00,7.116,0.0
2016-09-17 00:00:00,4.792,0.0
2016-09-17 06:00:00,2.074,0.0
2016-09-17 12:00:00,0.301,0.0
2016-09-17 18:00:00,5.411,0.0
2016-09-18 00:00:00,4.376,0.0
2016-09-18 06:00:00,2.074,0.0
2016-09-18 12:00:00,1.099,0.0
2016-09-18 18:00:00,10.712,0.0
2016-09-19 00:00:00,4.428,0.0
2016-09-19 06:00:00,2.236,0.0
2016-09-19 12:00:00,1.317,0.2
2016-09-19 18:00:00,8.494,0.0
2016-09-20 00:00:00,5.257,0.0
2016-09-20 06:00:00,2.53,0.0
2016-09-20 12:00:00,0.632,0.0
2016-09-20 18:00:00,8.344,0.0
2016-09-21 00:00:00,2.021,0.0
2016-09-21 06:00:00,1.886,0.0
2016-09-21 12:00:00,2.236,0.0
2016-09-21 18:00:00,9.287,0.0
2016-09-22 00:00:00,2.37,0.0
2016-09-22 06:00:00,1.534,0.0
2016-09-22 12:00:00,1.317,0.0
2016-09-22 18:00:00,7.594,0.0
2016-09-23 00:00:00,4.011,0.0
2016-09-23 06:00:00,2.396,0.0
2016-09-23 12:00:00,2.128,0.0
2016-09-23 18:00:00,11.175,0.0
2016-09-24 00:00:00,4.74,0.0
2016-09-24 06:00:00,1.778,0.0
2016-09-24 12:00:00,0.742,0.0
2016-09-24 18:00:00,7.594,0.0
2016-09-25 00:00:00,3.775,0.0
2016-09-25 06:00:00,1.994,0.0
2016-09-25 12:00:00,2.557,0.0
2016-09-25 18:00:00,5.693,0.0
2016-09-26 00:00:00,2.503,0.0
2016-09-26 06:00:00,1.425,0.0
2016-09-26 12:00:00,0.687,0.0
2016-09-26 18:00:00,11.273,0.0
2016-09-27 00:00:00,2.53,0.4
2016-09-27 06:00:00,1.453,0.0
2016-09-27 12:00:00,1.235,0.0
2016-09-27 18:00:00,4.22,0.4
2016-09-28 00:00:00,2.584,0.0
2016-09-28 06:00:00,1.697,0.0
2016-09-28 12:00:00,1.262,0.0
2016-09-28 18:00:00,7.795,0.0
2016-09-29 00:00:00,1.534,1.2
2016-09-29 06:00:00,2.047,0.0
2016-09-29 12:00:00,2.557,0.2
2016-09-29 18:00:00,13.882,0.0
2016-09-30 00:00:00,2.584,1.4
2016-09-30 06:00:00,0.715,0.0
2016-09-30 12:00:00,0.135,0.0
2016-09-30 18:00:00,11.467,0.0
2016-10-01 00:00:00,2.477,0.0
2016-10-01 06:00:00,2.101,0.0
2016-10-01 12:00:00,3.67,0.0
2016-10-01 18:00:00,7.82,0.0
2016-10-02 00:00:00,2.637,0.0
2016-10-02 06:00:00,0.605,0.0
2016-10-02 12:00:00,1.994,0.0
2016-10-02 18:00:00,11.565,0.0
2016-10-03 00:00:00,,
2016-10-03 06:00:00,,
2016-10-03 12:00:00,,
2016-10-03 18:00:00,,
2016-10-04 00:00:00,,
2016-10-04 06:00:00,,
2016-10-04 12:00:00,,
2016-10-04 18:00:00,,
2016-10-05 00:00:00,,
2016-10-05 06:00:00,,
2016-10-05 12:00:00,,
2016-10-05 18:00:00,,
2016-10-06 00:00:00,,
2016-10-06 06:00:00,,
2016-10-06 12:00:00,,
2016-10-06 18:00:00,,
2016-10-07 00:00:00,,
2016-10-07 06:00:00,,
2016-10-07 12:00:00,,
2016-10-07 18:00:00,,
2016-10-08 00:00:00,,
2016-10-08 06:00:00,,
2016-10-08 12:00:00,,
2016-10-08 18:00:00,,
2016-10-09 00:00:00,,
2016-10-09 06:00:00,,
2016-10-09 12:00:00,,
2016-10-09 18:00:00,,
2016-10-10 00:00:00,,
2016-10-10 06:00:00,,
2016-10-10 12:00:00,,
2016-10-10 18:00:00,,
2016-10-11 00:00:00,,
2016-10-11 06:00:00,,
2016-10-11 12:00:00,,
2016-10-11 18:00:00,,
2016-10-12 00:00:00,,
2016-10-12 06:00:00,,
2016-10-12 12:00:00,,
2016-10-12 18:00:00,,
2016-10-13 00:00:00,,
2016-10-13 06:00:00,,
2016-10-13 12:00:00,,
2016-10-13 18:00:00,,
2016-10-14 00:00:00,,
2016-10-14 06:00:00,,
2016-10-14 12:00:00,,
2016-10-14 18:00:00,,
2016-10-15 00:00:00,,
2016-10-15 06:00:00,,
2016-10-15 12:00:00,,
2016-10-15 18:00:00,,
2016-10-16 00:00:00,,
2016-10-16 06:00:00,,
2016-10-16 12:00:00,,
2016-10-16 18:00:00,,
2016-10-17 00:00:00,,
2016-10-17 06:00:00,,
2016-10-17 12:00:00,,
2016-10-17 18:00:00,,
2016-10-18 00:00:00,,
2016-10-18 06:00:00,,
2016-10-18 12:00:00,,
2016-10-18 18:00:00,,
2016-10-19 00:00:00,,
2016-10-19 06:00:00,,
2016-10-19 12:00:00,,
2016-10-19 18:00:00,,
2016-10-20 00:00:00,,
2016-10-20 06:00:00,,
2016-10-20 12:00:00,,
2016-10-20 18:00:00,,
2016-10-21 00:00:00,,
2016-10-21 06:00:00,,
2016-10-21 12:00:00,,
2016-10-21 18:00:00,,
2016-10-22 00:00:00,,
2016-10-22 06:00:00,,
2016-10-22 12:00:00,,
2016-10-22 18:00:00,,
2016-10-23 00:00:00,,
2016-10-23 06:00:00,,
2016-10-23 12:00:00,,
2016-10-23 18:00:00,,
2016-10-24 00:00:00,,
2016-10-24 06:00:00,,
2016-10-24 12:00:00,,
2016-10-24 18:00:00,,
2016-10-25 00:00:00,,
2016-10-25 06:00:00,,
2016-10-25 12:00:00,,
2016-10-25 18:00:00,,
2016-10-26 00:00:00,,
2016-10-26 06:00:00,,
2016-10-26 12:00:00,,
2016-10-26 18:00:00,,
2016-10-27 00:00:00,,
2016-10-27 06:00:00,,
2016-10-27 12:00:00,,
2016-10-27 18:00:00,,
2016-10-28 00:00:00,,
2016-10-28 06:00:00,,
2016-10-28 12:00:00,,
2016-10-28 18:00:00,,
2016-10-29 00:00:00,,
2016-10-29 06:00:00,,
2016-10-29 12:00:00,,
2016-10-29 18:00:00,,
2016-10-30 00:00:00,,
2016-10-30 06:00:00,,
2016-10-30 12:00:00,,
2016-10-30 18:00:00,,
2016-10-31 00:00:00,,
2016-10-31 06:00:00,,
2016-10-31 12:00:00,,
2016-10-31 18:00:00,,
2016-11-01 00:00:00,,
2016-11-01 06:00:00,,
2016-11-01 12:00:00,,
2016-11-01 18:00:00,,
2016-11-02 00:00:00,,
2016-11-02 06:00:00,,
2016-11-02 12:00:00,,
2016-11-02 18:00:00,,
2016-11-03 00:00:00,,
2016-11-03 06:00:00,,
2016-11-03 12:00:00,,
2016-11-03 18:00:00,,
2016-11-04 00:00:00,,
2016-11-04 06:00:00,,
2016-11-04 12:00:00,,
2016-11-04 18:00:00,,
2016-11-05 00:00:00,,
2016-11-05 06:00:00,,
2016-11-05 12:00:00,,
2016-11-05 18:00:00,,
2016-11-06 00:00:00,,
2016-11-06 06:00:00,,
2016-11-06 12:00:00,,
2016-11-06 18:00:00,,
2016-11-07 00:00:00,,
2016-11-07 06:00:00,,
2016-11-07 12:00:00,,
2016-11-07 18:00:00,,
2016-11-08 00:00:00,,
2016-11-08 06:00:00,,
2016-11-08 12:00:00,,
2016-11-08 18:00:00,,
2016-11-09 00:00:00,,
2016-11-09 06:00:00,,
2016-11-09 12:00:00,,
2016-11-09 18:00:00,,
2016-11-10 00:00:00,,
2016-11-10 06:00:00,,
2016-11-10 12:00:00,,
2016-11-10 18:00:00,,
2016-11-11 00:00:00,,
2016-11-11 06:00:00,,
2016-11-11 12:00:00,,
2016-11-11 18:00:00,,
2016-11-12 00:00:00,,
2016-11-12 06:00:00,,
2016-11-12 12:00:00,,
2016-11-12 18:00:00,,
2016-11-13 00:00:00,,
2016-11-13 06:00:00,,
2016-11-13 12:00:00,,
2016-11-13 18:00:00,,
2016-11-14 00:00:00,,
2016-11-14 06:00:00,,
2016-11-14 12:00:00,,
2016-11-14 18:00:00,,
2016-11-15 00:00:00,,
2016-11-15 06:00:00,,
2016-11-15 12:00:00,,
2016-11-15 18:00:00,,
2016-11-16 00:00:00,,
2016-11-16 06:00:00,,
2016-11-16 12:00:00,,
2016-11-16 18:00:00,,
2016-11-17 00:00:00,,
2016-11-17 06:00:00,,
2016-11-17 12:00:00,,
2016-11-17 18:00:00,,
2016-11-18 00:00:00,,
2016-11-18 06:00:00,,
2016-11-18 12:00:00,,
2016-11-18 18:00:00,,
2016-11-19 00:00:00,,
2016-11-19 06:00:00,,
2016-11-19 12:00:00,,
2016-11-19 18:00:00,,
2016-11-20 00:00:00,,
2016-11-20 06:00:00,,
2016-11-20 12:00:00,,
2016-11-20 18:00:00,,
2016-11-21 00:00:00,,
2016-11-21 06:00:00,,
2016-11-21 12:00:00,,
2016-11-21 18:00:00,,
2016-11-22 00:00:00,,
2016-11-22 06:00:00,,
2016-11-22 12:00:00,,
2016-11-22 18:00:00,,
2016-11-23 00:00:00,,
2016-11-23 06:00:00,,
2016-11-23 12:00:00,,
2016-11-23 18:00:00,,
2016-11-24 00:00:00,,
2016-11-24 06:00:00,,
2016-11-24 12:00:00,,
2016-11-24 18:00:00,,
2016-11-25 00:00:00,,
2016-11-25 06:00:00,,
2016-11-25 12:00:00,,
2016-11-25 18:00:00,,
2016-11-26 00:00:00,,
2016-11-26 06:00:00,,
2016-11-26 12:00:00,,
2016-11-26 18:00:00,,
2016-11-27 00:00:00,,
2016-11-27 06:00:00,,
2016-11-27 12:00:00,,
2016-11-27 18:00:00,,
2016-11-28 00:00:00,,
2016-11-28 06:00:00,,
2016-11-28 12:00:00,,
2016-11-28 18:00:00,,
2016-11-29 00:00:00,,
2016-11-29 06:00:00,,
2016-11-29 12:00:00,,
2016-11-29 18:00:00,,
2016-11-30 00:00:00,,
2016-11-30 06:00:00,,
2016-11-30 12:00:00,,
2016-11-30 18:00:00,,
2016-12-01 00:00:00,,
2016-12-01 06:00:00,,
2016-12-01 12:00:00,,
2016-12-01 18:00:00,,
2016-12-02 00:00:00,,
2016-12-02 06:00:00,,
2016-12-02 12:00:00,,
2016-12-02 18:00:00,,
2016-12-03 00:00:00,,
2016-12-03 06:00:00,,
2016-12-03 12:00:00,,
2016-12-03 18:00:00,,
2016-12-04 00:00:00,,
2016-12-04 06:00:00,,
2016-12-04 12:00:00,,
2016-12-04 18:00:00,,
2016-12-05 00:00:00,,
2016-12-05 06:00:00,,
2016-12-05 12:00:00,,
2016-12-05 18:00:00,,
2016-12-06 00:00:00,,
2016-12-06 06:00:00,,
2016-12-06 12:00:00,,
2016-12-06 18:00:00,,
2016-12-07 00:00:00,,
2016-12-07 06:00:00,,
2016-12-07 12:00:00,,
2016-12-07 18:00:00,,
2016-12-08 00:00:00,,
2016-12-08 06:00:00,,
2016-12-08 12:00:00,,
2016-12-08 18:00:00,,
2016-12-09 00:00:00,,
2016-12-09 06:00:00,,
2016-12-09 12:00:00,,
2016-12-09 18:00:00,,
2016-12-10 00:00:00,,
2016-12-10 06:00:00,,
2016-12-10 12:00:00,,
2016-12-10 18:00:00,,
2016-12-11 00:00:00,,
2016-12-11 06:00:00,,
2016-12-11 12:00:00,,
2016-12-11 18:00:00,,
2016-12-12 00:00:00,,
2016-12-12 06:00:00,,
2016-12-12 12:00:00,,
2016-12-12 18:00:00,,
2016-12-13 00:00:00,,
2016-12-13 06:00:00,,
2016-12-13 12:00:00,,
2016-12-13 18:00:00,,
2016-12-14 00:00:00,,
2016-12-14 06:00:00,,
2016-12-14 12:00:00,,
2016-12-14 18:00:00,,
2016-12-15 00:00:00,,
2016-12-15 06:00:00,,
2016-12-15 12:00:00,,
2016-12-15 18:00:00,,
2016-12-16 00:00:00,,
2016-12-16 06:00:00,,
2016-12-16 12:00:00,,
2016-12-16 18:00:00,,
2016-12-17 00:00:00,,
2016-12-17 06:00:00,,
2016-12-17 12:00:00,,
2016-12-17 18:00:00,,
2016-12-18 00:00:00,,
2016-12-18 06:00:00,,
2016-12-18 12:00:00,,
2016-12-18 18:00:00,,
2016-12-19 00:00:00,,
2016-12-19 06:00:00,,
2016-12-19 12:00:00,,
2016-12-19 18:00:00,,
2016-12-20 00:00:00,,
2016-12-20 06:00:00,,
2016-12-20 12:00:00,,
2016-12-20 18:00:00,,
2016-12-21 00:00:00,,
2016-12-21 06:00:00,,
2016-12-21 12:00:00,,
2016-12-21 18:00:00,,
2016-12-22 00:00:00,,
2016-12-22 06:00:00,,
2016-12-22 12:00:00,,
2016-12-22 18:00:00,,
2016-12-23 00:00:00,,
2016-12-23 06:00:00,,
2016-12-23 12:00:00,,
2016-12-23 18:00:00,,
2016-12-24 00:00:00,,
2016-12-24 06:00:00,,
2016-12-24 12:00:00,,
2016-12-24 18:00:00,,
2016-12-25 00:00:00,,
2016-12-25 06:00:00,,
2016-12-25 12:00:00,,
2016-12-25 18:00:00,,
2016-12-26 00:00:00,,
2016-12-26 06:00:00,,
2016-12-26 12:00:00,,
2016-12-26 18:00:00,,
2016-12-27 00:00:00,,
2016-12-27 06:00:00,,
2016-12-27 12:00:00,,
2016-12-27 18:00:00,,
2016-12-28 00:00:00,,
2016-12-28 06:00:00,,
2016-12-28 12:00:00,,
2016-12-28 18:00:00,,
2016-12-29 00:00:00,,
2016-12-29 06:00:00,,
2016-12-29 12:00:00,,
2016-12-29 18:00:00,,
2016-12-30 00:00:00,,
2016-12-30 06:00:00,,
2016-12-30 12:00:00,,
2016-12-30 18:00:00,,
2016-12-31 00:00:00,,
2016-12-31 06:00:00,,
2016-12-31 12:00:00,,
2016-12-31 18:00:00,,
2017-01-01 00:00:00,,
2017-01-01 06:00:00,,
2017-01-01 12:00:00,,
2017-01-01 18:00:00,,
2017-01-02 00:00:00,,
2017-01-02 06:00:00,,
2017-01-02 12:00:00,,
2017-01-02 18:00:00,,
2017-01-03 00:00:00,,
2017-01-03 06:00:00,,
2017-01-03 12:00:00,,
2017-01-03 18:00:00,,
2017-01-04 00:00:00,,
2017-01-04 06:00:00,,
2017-01-04 12:00:00,,
2017-01-04 18:00:00,,
2017-01-05 00:00:00,,
2017-01-05 06:00:00,,
2017-01-05 12:00:00,,
2017-01-05 18:00:00,,
2017-01-06 00:00:00,,
2017-01-06 06:00:00,,
2017-01-06 12:00:00,,
2017-01-06 18:00:00,,
2017-01-07 00:00:00,,
2017-01-07 06:00:00,,
2017-01-07 12:00:00,,
2017-01-07 18:00:00,,
2017-01-08 00:00:00,,
2017-01-08 06:00:00,,
2017-01-08 12:00:00,,
2017-01-08 18:00:00,,
2017-01-09 00:00:00,,
2017-01-09 06:00:00,,
2017-01-09 12:00:00,,
2017-01-09 18:00:00,,
2017-01-10 00:00:00,,
2017-01-10 06:00:00,,
2017-01-10 12:00:00,,
2017-01-10 18:00:00,,
2017-01-11 00:00:00,,
2017-01-11 06:00:00,,
2017-01-11 12:00:00,,
2017-01-11 18:00:00,,
2017-01-12 00:00:00,,
2017-01-12 06:00:00,,
2017-01-12 12:00:00,,
2017-01-12 18:00:00,,
2017-01-13 00:00:00,,
2017-01-13 06:00:00,,
2017-01-13 12:00:00,,
2017-01-13 18:00:00,,
2017-01-14 00:00:00,,
2017-01-14 06:00:00,,
2017-01-14 12:00:00,,
2017-01-14 18:00:00,,
2017-01-15 00:00:00,,
2017-01-15 06:00:00,,
2017-01-15 12:00:00,,
2017-01-15 18:00:00,,
2017-01-16 00:00:00,,
2017-01-16 06:00:00,,
2017-01-16 12:00:00,,
2017-01-16 18:00:00,,
2017-01-17 00:00:00,,
2017-01-17 06:00:00,,
2017-01-17 12:00:00,,
2017-01-17 18:00:00,,
2017-01-18 00:00:00,,
2017-01-18 06:00:00,,
2017-01-18 12:00:00,,
2017-01-18 18:00:00,,
2017-01-19 00:00:00,,
2017-01-19 06:00:00,,
2017-01-19 12:00:00,,
2017-01-19 18:00:00,,
2017-01-20 00:00:00,,
2017-01-20 06:00:00,,
2017-01-20 12:00:00,,
2017-01-20 18:00:00,,
2017-01-21 00:00:00,,
2017-01-21 06:00:00,,
2017-01-21 12:00:00,,
2017-01-21 18:00:00,,
2017-01-22 00:00:00,,
2017-01-22 06:00:00,,
2017-01-22 12:00:00,,
2017-01-22 18:00:00,,
2017-01-23 00:00:00,,
2017-01-23 06:00:00,,
2017-01-23 12:00:00,,
2017-01-23 18:00:00,,
2017-01-24 00:00:00,,
2017-01-24 06:00:00,,
2017-01-24 12:00:00,,
2017-01-24 18:00:00,,
2017-01-25 00:00:00,,
2017-01-25 06:00:00,,
2017-01-25 12:00:00,,
2017-01-25 18:00:00,,
2017-01-26 00:00:00,,
2017-01-26 06:00:00,,
2017-01-26 12:00:00,,
2017-01-26 18:00:00,,
2017-01-27 00:00:00,,
2017-01-27 06:00:00,,
2017-01-27 12:00:00,,
2017-01-27 18:00:00,,
2017-01-28 00:00:00,,
2017-01-28 06:00:00,,
2017-01-28 12:00:00,,
2017-01-28 18:00:00,,
2017-01-29 00:00:00,,
2017-01-29 06:00:00,,
2017-01-29 12:00:00,,
2017-01-29 18:00:00,,
2017-01-30 00:00:00,,
2017-01-30 06:00:00,,
2017-01-30 12:00:00,,
2017-01-30 18:00:00,,
2017-01-31 00:00:00,,
2017-01-31 06:00:00,,
2017-01-31 12:00:00,,
2017-01-31 18:00:00,,
2017-02-01 00:00:00,,
2017-02-01 06:00:00,,
2017-02-01 12:00:00,,
2017-02-01 18:00:00,,
2017-02-02 00:00:00,,
2017-02-02 06:00:00,,
2017-02-02 12:00:00,,
2017-02-02 18:00:00,,
2017-02-03 00:00:00,,
2017-02-03 06:00:00,,
2017-02-03 12:00:00,,
2017-02-03 18:00:00,,
2017-02-04 00:00:00,,
2017-02-04 06:00:00,,
2017-02-04 12:00:00,,
2017-02-04 18:00:00,,
2017-02-05 00:00:00,,
2017-02-05 06:00:00,,
2017-02-05 12:00:00,,
2017-02-05 18:00:00,,
2017-02-06 00:00:00,,
2017-02-06 06:00:00,,
2017-02-06 12:00:00,,
2017-02-06 18:00:00,,
2017-02-07 00:00:00,,
2017-02-07 06:00:00,,
2017-02-07 12:00:00,,
2017-02-07 18:00:00,,
2017-02-08 00:00:00,,
2017-02-08 06:00:00,,
2017-02-08 12:00:00,,
2017-02-08 18:00:00,,
2017-02-09 00:00:00,,
2017-02-09 06:00:00,,
2017-02-09 12:00:00,,
2017-02-09 18:00:00,,
2017-02-10 00:00:00,,
2017-02-10 06:00:00,,
2017-02-10 12:00:00,,
2017-02-10 18:00:00,,
2017-02-11 00:00:00,,
2017-02-11 06:00:00,,
2017-02-11 12:00:00,,
2017-02-11 18:00:00,,
2017-02-12 00:00:00,,
2017-02-12 06:00:00,,
2017-02-12 12:00:00,,
2017-02-12 18:00:00,,
2017-02-13 00:00:00,,
2017-02-13 06:00:00,,
2017-02-13 12:00:00,,
2017-02-13 18:00:00,,
2017-02-14 00:00:00,,
2017-02-14 06:00:00,,
2017-02-14 12:00:00,,
2017-02-14 18:00:00,,
2017-02-15 00:00:00,,
2017-02-15 06:00:00,,
2017-02-15 12:00:00,,
2017-02-15 18:00:00,,
2017-02-16 00:00:00,,
2017-02-16 06:00:00,,
2017-02-16 12:00:00,,
2017-02-16 18:00:00,,
2017-02-17 00:00:00,,
2017-02-17 06:00:00,,
2017-02-17 12:00:00,,
2017-02-17 18:00:00,,
2017-02-18 00:00:00,,
2017-02-18 06:00:00,,
2017-02-18 12:00:00,,
2017-02-18 18:00:00,,
2017-02-19 00:00:00,,
2017-02-19 06:00:00,,
2017-02-19 12:00:00,,
2017-02-19 18:00:00,,
2017-02-20 00:00:00,,
2017-02-20 06:00:00,,
2017-02-20 12:00:00,,
2017-02-20 18:00:00,,
2017-02-21 00:00:00,,
2017-02-21 06:00:00,,
2017-02-21 12:00:00,,
2017-02-21 18:00:00,,
2017-02-22 00:00:00,,
2017-02-22 06:00:00,,
2017-02-22 12:00:00,,
2017-02-22 18:00:00,,
2017-02-23 00:00:00,,
2017-02-23 06:00:00,,
2017-02-23 12:00:00,,
2017-02-23 18:00:00,,
2017-02-24 00:00:00,,
2017-02-24 06:00:00,,
2017-02-24 12:00:00,,
2017-02-24 18:00:00,,
2017-02-25 00:00:00,,
2017-02-25 06:00:00,,
2017-02-25 12:00:00,,
2017-02-25 18:00:00,,
2017-02-26 00:00:00,,
2017-02-26 06:00:00,,
2017-02-26 12:00:00,,
2017-02-26 18:00:00,,
2017-02-27 00:00:00,,
2017-02-27 06:00:00,,
2017-02-27 12:00:00,,
2017-02-27 18:00:00,,
2017-02-28 00:00:00,,
2017-02-28 06:00:00,,
2017-02-28 12:00:00,,
2017-02-28 18:00:00,,
2017-03-01 00:00:00,,
2017-03-01 06:00:00,,
2017-03-01 12:00:00,,
2017-03-01 18:00:00,,
2017-03-02 00:00:00,,
2017-03-02 06:00:00,,
2017-03-02 12:00:00,,
2017-03-02 18:00:00,,
2017-03-03 00:00:00,,
2017-03-03 06:00:00,,
2017-03-03 12:00:00,,
2017-03-03 18:00:00,,
2017-03-04 00:00:00,,
2017-03-04 06:00:00,,
2017-03-04 12:00:00,,
2017-03-04 18:00:00,,
2017-03-05 00:00:00,,
2017-03-05 06:00:00,,
2017-03-05 12:00:00,,
2017-03-05 18:00:00,,
2017-03-06 00:00:00,,
2017-03-06 06:00:00,,
2017-03-06 12:00:00,,
2017-03-06 18:00:00,,
2017-03-07 00:00:00,,
2017-03-07 06:00:00,,
2017-03-07 12:00:00,,
2017-03-07 18:00:00,,
2017-03-08 00:00:00,,
2017-03-08 06:00:00,,
2017-03-08 12:00:00,,
2017-03-08 18:00:00,,
2017-03-09 00:00:00,,
2017-03-09 06:00:00,,
2017-03-09 12:00:00,,
2017-03-09 18:00:00,,
2017-03-10 00:00:00,,
2017-03-10 06:00:00,,
2017-03-10 12:00:00,,
2017-03-10 18:00:00,,
2017-03-11 00:00:00,,
2017-03-11 06:00:00,,
2017-03-11 12:00:00,,
2017-03-11 18:00:00,,
2017-03-12 00:00:00,,
2017-03-12 06:00:00,,
2017-03-12 12:00:00,,
2017-03-12 18:00:00,,
2017-03-13 00:00:00,,
2017-03-13 06:00:00,,
2017-03-13 12:00:00,,
2017-03-13 18:00:00,,
2017-03-14 00:00:00,,
2017-03-14 06:00:00,,
2017-03-14 12:00:00,,
2017-03-14 18:00:00,,
2017-03-15 00:00:00,,
2017-03-15 06:00:00,,
2017-03-15 12:00:00,,
2017-03-15 18:00:00,,
2017-03-16 00:00:00,,
2017-03-16 06:00:00,,
2017-03-16 12:00:00,,
2017-03-16 18:00:00,,
2017-03-17 00:00:00,,
2017-03-17 06:00:00,,
2017-03-17 12:00:00,,
2017-03-17 18:00:00,,
2017-03-18 00:00:00,,
2017-03-18 06:00:00,,
2017-03-18 12:00:00,,
2017-03-18 18:00:00,,
2017-03-19 00:00:00,,
2017-03-19 06:00:00,,
2017-03-19 12:00:00,,
2017-03-19 18:00:00,,
2017-03-20 00:00:00,,
2017-03-20 06:00:00,,
2017-03-20 12:00:00,,
2017-03-20 18:00:00,,
2017-03-21 00:00:00,,
2017-03-21 06:00:00,,
2017-03-21 12:00:00,,
2017-03-21 18:00:00,,
2017-03-22 00:00:00,,
2017-03-22 06:00:00,,
2017-03-22 12:00:00,,
2017-03-22 18:00:00,,
2017-03-23 00:00:00,,
2017-03-23 06:00:00,,
2017-03-23 12:00:00,,
2017-03-23 18:00:00,,
2017-03-24 00:00:00,,
2017-03-24 06:00:00,,
2017-03-24 12:00:00,,
2017-03-24 18:00:00,,
2017-03-25 00:00:00,,
2017-03-25 06:00:00,,
2017-03-25 12:00:00,,
2017-03-25 18:00:00,,
2017-03-26 00:00:00,,
2017-03-26 06:00:00,,
2017-03-26 12:00:00,,
2017-03-26 18:00:00,,
2017-03-27 00:00:00,,
2017-03-27 06:00:00,,
2017-03-27 12:00:00,,
2017-03-27 18:00:00,,
2017-03-28 00:00:00,,
2017-03-28 06:00:00,,
2017-03-28 12:00:00,,
2017-03-28 18:00:00,,
2017-03-29 00:00:00,,
2017-03-29 06:00:00,,
2017-03-29 12:00:00,,
2017-03-29 18:00:00,,
2017-03-30 00:00:00,,
2017-03-30 06:00:00,,
2017-03-30 12:00:00,,
2017-03-30 18:00:00,,
2017-03-31 00:00:00,,
2017-03-31 06:00:00,,
2017-03-31 12:00:00,,
2017-03-31 18:00:00,,
2017-04-01 00:00:00,,
2017-04-01 06:00:00,,
2017-04-01 12:00:00,,
2017-04-01 18:00:00,,
2017-04-02 00:00:00,,
2017-04-02 06:00:00,,
2017-04-02 12:00:00,,
2017-04-02 18:00:00,,
2017-04-03 00:00:00,,
2017-04-03 06:00:00,,
2017-04-03 12:00:00,,
2017-04-03 18:00:00,,
2017-04-04 00:00:00,,
2017-04-04 06:00:00,,
2017-04-04 12:00:00,,
2017-04-04 18:00:00,,
2017-04-05 00:00:00,,
2017-04-05 06:00:00,,
2017-04-05 12:00:00,,
2017-04-05 18:00:00,,
2017-04-06 00:00:00,,
2017-04-06 06:00:00,,
2017-04-06 12:00:00,,
2017-04-06 18:00:00,,
2017-04-07 00:00:00,,
2017-04-07 06:00:00,,
2017-04-07 12:00:00,,
2017-04-07 18:00:00,,
2017-04-08 00:00:00,,
2017-04-08 06:00:00,,
2017-04-08 12:00:00,,
2017-04-08 18:00:00,,
2017-04-09 00:00:00,,
2017-04-09 06:00:00,,
2017-04-09 12:00:00,,
2017-04-09 18:00:00,,
2017-04-10 00:00:00,,
2017-04-10 06:00:00,,
2017-04-10 12:00:00,,
2017-04-10 18:00:00,,
2017-04-11 00:00:00,,
2017-04-11 06:00:00,,
2017-04-11 12:00:00,,
2017-04-11 18:00:00,,
2017-04-12 00:00:00,,
2017-04-12 06:00:00,,
2017-04-12 12:00:00,,
2017-04-12 18:00:00,,
2017-04-13 00:00:00,,
2017-04-13 06:00:00,,
2017-04-13 12:00:00,,
2017-04-13 18:00:00,,
2017-04-14 00:00:00,,
2017-04-14 06:00:00,,
2017-04-14 12:00:00,,
2017-04-14 18:00:00,,
2017-04-15 00:00:00,,
2017-04-15 06:00:00,,
2017-04-15 12:00:00,,
2017-04-15 18:00:00,,
2017-04-16 00:00:00,,
2017-04-16 06:00:00,,
2017-04-16 12:00:00,,
2017-04-16 18:00:00,,
2017-04-17 00:00:00,,
2017-04-17 06:00:00,,
2017-04-17 12:00:00,,
2017-04-17 18:00:00,,
2017-04-18 00:00:00,,
2017-04-18 06:00:00,,
2017-04-18 12:00:00,,
2017-04-18 18:00:00,,
2017-04-19 00:00:00,,
2017-04-19 06:00:00,,
2017-04-19 12:00:00,,
2017-04-19 18:00:00,,
2017-04-20 00:00:00,,
2017-04-20 06:00:00,,
2017-04-20 12:00:00,,
2017-04-20 18:00:00,,
2017-04-21 00:00:00,,
2017-04-21 06:00:00,,
2017-04-21 12:00:00,,
2017-04-21 18:00:00,,
2017-04-22 00:00:00,,
2017-04-22 06:00:00,,
2017-04-22 12:00:00,,
2017-04-22 18:00:00,,
2017-04-23 00:00:00,,
2017-04-23 06:00:00,,
2017-04-23 12:00:00,,
2017-04-23 18:00:00,,
2017-04-24 00:00:00,,
2017-04-24 06:00:00,,
2017-04-24 12:00:00,,
2017-04-24 18:00:00,,
2017-04-25 00:00:00,,
2017-04-25 06:00:00,,
2017-04-25 12:00:00,,
2017-04-25 18:00:00,,
2017-04-26 00:00:00,,
2017-04-26 06:00:00,,
2017-04-26 12:00:00,,
2017-04-26 18:00:00,,
2017-04-27 00:00:00,,
2017-04-27 06:00:00,,
2017-04-27 12:00:00,,
2017-04-27 18:00:00,,
2017-04-28 00:00:00,,
2017-04-28 06:00:00,,
2017-04-28 12:00:00,,
2017-04-28 18:00:00,,
2017-04-29 00:00:00,,
2017-04-29 06:00:00,,
2017-04-29 12:00:00,,
2017-04-29 18:00:00,,
2017-04-30 00:00:00,,
2017-04-30 06:00:00,,
2017-04-30 12:00:00,,
2017-04-30 18:00:00,,
2017-05-01 00:00:00,,
2017-05-01 06:00:00,,
2017-05-01 12:00:00,,
2017-05-01 18:00:00,,
2017-05-02 00:00:00,,
2017-05-02 06:00:00,,
2017-05-02 12:00:00,,
2017-05-02 18:00:00,,
2017-05-03 00:00:00,,
2017-05-03 06:00:00,,
2017-05-03 12:00:00,,
2017-05-03 18:00:00,,
2017-05-04 00:00:00,,
2017-05-04 06:00:00,,
2017-05-04 12:00:00,,
2017-05-04 18:00:00,,
2017-05-05 00:00:00,,
2017-05-05 06:00:00,,
2017-05-05 12:00:00,,
2017-05-05 18:00:00,,
2017-05-06 00:00:00,,
2017-05-06 06:00:00,,
2017-05-06 12:00:00,,
2017-05-06 18:00:00,,
2017-05-07 00:00:00,,
2017-05-07 06:00:00,,
2017-05-07 12:00:00,,
2017-05-07 18:00:00,,
2017-05-08 00:00:00,,
2017-05-08 06:00:00,,
2017-05-08 12:00:00,,
2017-05-08 18:00:00,,
2017-05-09 00:00:00,,
2017-05-09 06:00:00,,
2017-05-09 12:00:00,,
2017-05-09 18:00:00,,
2017-05-10 00:00:00,,
2017-05-10 06:00:00,,
2017-05-10 12:00:00,,
2017-05-10 18:00:00,,
2017-05-11 00:00:00,,
2017-05-11 06:00:00,,
2017-05-11 12:00:00,,
2017-05-11 18:00:00,,
2017-05-12 00:00:00,,
2017-05-12 06:00:00,,
2017-05-12 12:00:00,,
2017-05-12 18:00:00,,
2017-05-13 00:00:00,,
2017-05-13 06:00:00,,
2017-05-13 12:00:00,,
2017-05-13 18:00:00,,
2017-05-14 00:00:00,,
2017-05-14 06:00:00,,
2017-05-14 12:00:00,,
2017-05-14 18:00:00,,
2017-05-15 00:00:00,,
2017-05-15 06:00:00,,
2017-05-15 12:00:00,,
2017-05-15 18:00:00,,
2017-05-16 00:00:00,,
2017-05-16 06:00:00,,
2017-05-16 12:00:00,,
2017-05-16 18:00:00,,
2017-05-17 00:00:00,,
2017-05-17 06:00:00,,
2017-05-17 12:00:00,,
2017-05-17 18:00:00,,
2017-05-18 00:00:00,,
2017-05-18 06:00:00,,
2017-05-18 12:00:00,,
2017-05-18 18:00:00,,
2017-05-19 00:00:00,,
2017-05-19 06:00:00,,
2017-05-19 12:00:00,,
2017-05-19 18:00:00,,
2017-05-20 00:00:00,,
2017-05-20 06:00:00,,
2017-05-20 12:00:00,,
2017-05-20 18:00:00,,
2017-05-21 00:00:00,,
2017-05-21 06:00:00,,
2017-05-21 12:00:00,,
2017-05-21 18:00:00,,
2017-05-22 00:00:00,,
2017-05-22 06:00:00,,
2017-05-22 12:00:00,,
2017-05-22 18:00:00,,
2017-05-23 00:00:00,,
2017-05-23 06:00:00,,
2017-05-23 12:00:00,,
2017-05-23 18:00:00,,
2017-05-24 00:00:00,,
2017-05-24 06:00:00,,
2017-05-24 12:00:00,,
2017-05-24 18:00:00,,
2017-05-25 00:00:00,,
2017-05-25 06:00:00,,
2017-05-25 12:00:00,,
2017-05-25 18:00:00,,
2017-05-26 00:00:00,,
2017-05-26 06:00:00,,
2017-05-26 12:00:00,,
2017-05-26 18:00:00,,
2017-05-27 00:00:00,,
2017-05-27 06:00:00,,
2017-05-27 12:00:00,,
2017-05-27 18:00:00,,
2017-05-28 00:00:00,,
2017-05-28 06:00:00,,
2017-05-28 12:00:00,,
2017-05-28 18:00:00,,
2017-05-29 00:00:00,,
2017-05-29 06:00:00,,
2017-05-29 12:00:00,,
2017-05-29 18:00:00,,
2017-05-30 00:00:00,,
2017-05-30 06:00:00,,
2017-05-30 12:00:00,,
2017-05-30 18:00:00,,
2017-05-31 00:00:00,,
2017-05-31 06:00:00,,
2017-05-31 12:00:00,,
2017-05-31 18:00:00,,
2017-06-01 00:00:00,,
2017-06-01 06:00:00,,
2017-06-01 12:00:00,,
2017-06-01 18:00:00,,
2017-06-02 00:00:00,,
2017-06-02 06:00:00,,
2017-06-02 12:00:00,,
2017-06-02 18:00:00,,
2017-06-03 00:00:00,,
2017-06-03 06:00:00,,
2017-06-03 12:00:00,,
2017-06-03 18:00:00,,
2017-06-04 00:00:00,,
2017-06-04 06:00:00,,
2017-06-04 12:00:00,,
2017-06-04 18:00:00,,
2017-06-05 00:00:00,,
2017-06-05 06:00:00,,
2017-06-05 12:00:00,,
2017-06-05 18:00:00,,
2017-06-06 00:00:00,,
2017-06-06 06:00:00,,
2017-06-06 12:00:00,,
2017-06-06 18:00:00,,
2017-06-07 00:00:00,,
2017-06-07 06:00:00,,
2017-06-07 12:00:00,,
2017-06-07 18:00:00,,
2017-06-08 00:00:00,,
2017-06-08 06:00:00,,
2017-06-08 12:00:00,,
2017-06-08 18:00:00,,
2017-06-09 00:00:00,,
2017-06-09 06:00:00,,
2017-06-09 12:00:00,,
2017-06-09 18:00:00,,
2017-06-10 00:00:00,,
2017-06-10 06:00:00,,
2017-06-10 12:00:00,,
2017-06-10 18:00:00,,
2017-06-11 00:00:00,,
2017-06-11 06:00:00,,
2017-06-11 12:00:00,,
2017-06-11 18:00:00,,
2017-06-12 00:00:00,,
2017-06-12 06:00:00,,
2017-06-12 12:00:00,,
2017-06-12 18:00:00,,
2017-06-13 00:00:00,,
2017-06-13 06:00:00,,
2017-06-13 12:00:00,,
2017-06-13 18:00:00,,
2017-06-14 00:00:00,,
2017-06-14 06:00:00,,
2017-06-14 12:00:00,,
2017-06-14 18:00:00,,
2017-06-15 00:00:00,,
2017-06-15 06:00:00,,
2017-06-15 12:00:00,,
2017-06-15 18:00:00,,
2017-06-16 00:00:00,,
2017-06-16 06:00:00,,
2017-06-16 12:00:00,,
2017-06-16 18:00:00,,
2017-06-17 00:00:00,,
2017-06-17 06:00:00,,
2017-06-17 12:00:00,,
2017-06-17 18:00:00,,
2017-06-18 00:00:00,,
2017-06-18 06:00:00,,
2017-06-18 12:00:00,,
2017-06-18 18:00:00,,
2017-06-19 00:00:00,,
2017-06-19 06:00:00,,
2017-06-19 12:00:00,,
2017-06-19 18:00:00,,
2017-06-20 00:00:00,,
2017-06-20 06:00:00,,
2017-06-20 12:00:00,,
2017-06-20 18:00:00,,
2017-06-21 00:00:00,,
2017-06-21 06:00:00,,
2017-06-21 12:00:00,,
2017-06-21 18:00:00,,
2017-06-22 00:00:00,,
2017-06-22 06:00:00,,
2017-06-22 12:00:00,,
2017-06-22 18:00:00,,
2017-06-23 00:00:00,4.818,0.0
2017-06-23 06:00:00,1.697,0.0
2017-06-23 12:00:00,0.135,0.0
2017-06-23 18:00:00,11.565,0.0
2017-06-24 00:00:00,5.437,0.0
2017-06-24 06:00:00,1.778,0.0
2017-06-24 12:00:00,0.88,0.0
2017-06-24 18:00:00,9.336,0.0
2017-06-25 00:00:00,3.722,0.0
2017-06-25 06:00:00,1.017,0.0
2017-06-25 12:00:00,-0.367,0.0
2017-06-25 18:00:00,10.026,0.0
2017-06-26 00:00:00,4.063,0.0
2017-06-26 06:00:00,1.099,0.0
2017-06-26 12:00:00,-0.507,0.0
2017-06-26 18:00:00,11.394,0.0
2017-06-27 00:00:00,4.558,0.0
2017-06-27 06:00:00,1.18,0.0
2017-06-27 12:00:00,0.135,0.0
2017-06-27 18:00:00,7.945,0.0
2017-06-28 00:00:00,3.009,0.0
2017-06-28 06:00:00,1.153,0.0
2017-06-28 12:00:00,0.384,0.0
2017-06-28 18:00:00,8.494,0.0
2017-06-29 00:00:00,4.35,0.0
2017-06-29 06:00:00,2.85,0.0
2017-06-29 12:00:00,2.85,0.0
2017-06-29 18:00:00,9.78,0.0
2017-06-30 00:00:00,4.324,0.0
2017-06-30 06:00:00,1.832,0.0
2017-06-30 12:00:00,0.825,0.0
2017-06-30 18:00:00,5.539,0.0
2017-07-01 00:00:00,3.406,0.0
2017-07-01 06:00:00,2.021,0.0
2017-07-01 12:00:00,1.697,0.0
2017-07-01 18:00:00,4.272,0.2
2017-07-02 00:00:00,2.61,0.0
2017-07-02 06:00:00,0.77,0.0
2017-07-02 12:00:00,0.632,0.0
2017-07-02 18:00:00,9.583,0.0
2017-07-03 00:00:00,4.168,0.0
2017-07-03 06:00:00,1.126,0.0
2017-07-03 12:00:00,-0.032,0.0
2017-07-03 18:00:00,10.075,0.0
2017-07-04 00:00:00,4.298,0.0
2017-07-04 06:00:00,1.289,0.0
2017-07-04 12:00:00,-0.339,0.0
2017-07-04 18:00:00,9.46,0.0
2017-07-05 00:00:00,4.115,0.0
2017-07-05 06:00:00,1.208,0.0
2017-07-05 12:00:00,0.107,0.0
2017-07-05 18:00:00,9.435,0.0
2017-07-06 00:00:00,3.932,0.0
2017-07-06 06:00:00,1.534,0.0
2017-07-06 12:00:00,0.467,0.0
2017-07-06 18:00:00,8.245,0.0
2017-07-07 00:00:00,3.221,0.0
2017-07-07 06:00:00,1.507,0.0
2017-07-07 12:00:00,0.356,0.0
2017-07-07 18:00:00,5.77,0.0
2017-07-08 00:00:00,3.722,0.0
2017-07-08 06:00:00,1.099,0.0
2017-07-08 12:00:00,-0.004,0.0
2017-07-08 18:00:00,8.593,0.0
2017-07-09 00:00:00,3.906,0.0
2017-07-09 06:00:00,1.67,0.0
2017-07-09 12:00:00,0.356,0.0
2017-07-09 18:00:00,7.091,0.0
2017-07-10 00:00:00,3.195,0.0
2017-07-10 06:00:00,1.099,0.0
2017-07-10 12:00:00,0.218,0.0
2017-07-10 18:00:00,10.883,0.0
2017-07-11 00:00:00,2.744,0.0
2017-07-11 06:00:00,0.797,0.0
2017-07-11 12:00:00,-0.088,0.0
2017-07-11 18:00:00,7.795,0.0
2017-07-12 00:00:00,2.69,0.0
2017-07-12 06:00:00,1.153,0.0
2017-07-12 12:00:00,-0.451,0.0
2017-07-12 18:00:00,12.195,0.0
2017-07-13 00:00:00,5.154,0.0
2017-07-13 06:00:00,1.778,0.0
2017-07-13 12:00:00,1.778,0.0
2017-07-13 18:00:00,10.32,0.0
2017-07-14 00:00:00,4.61,0.0
2017-07-14 06:00:00,1.994,0.0
2017-07-14 12:00:00,1.398,0.0
2017-07-14 18:00:00,13.137,0.0
2017-07-15 00:00:00,4.584,0.0
2017-07-15 06:00:00,1.859,0.0
2017-07-15 12:00:00,1.126,0.0
2017-07-15 18:00:00,12.485,0.0
2017-07-16 00:00:00,4.532,0.0
2017-07-16 06:00:00,2.289,0.0
2017-07-16 12:00:00,0.412,0.0
2017-07-16 18:00:00,12.968,0.0
2017-07-17 00:00:00,5.308,0.0
2017-07-17 06:00:00,1.507,0.0
2017-07-17 12:00:00,0.797,0.0
2017-07-17 18:00:00,8.444,0.0
2017-07-18 00:00:00,3.985,0.0
2017-07-18 06:00:00,0.88,0.0
2017-07-18 12:00:00,0.852,0.0
2017-07-18 18:00:00,8.145,0.0
2017-07-19 00:00:00,4.844,0.0
2017-07-19 06:00:00,1.94,0.0
2017-07-19 12:00:00,1.453,0.0
2017-07-19 18:00:00,12.485,0.0
2017-07-20 00:00:00,5.745,0.0
2017-07-20 06:00:00,2.262,0.0
2017-07-20 12:00:00,1.099,0.0
2017-07-20 18:00:00,12.05,0.0
2017-07-21 00:00:00,4.454,0.0
2017-07-21 06:00:00,2.047,0.0
2017-07-21 12:00:00,0.742,0.0
2017-07-21 18:00:00,11.589,0.0
2017-07-22 00:00:00,3.932,0.0
2017-07-22 06:00:00,1.017,0.0
2017-07-22 12:00:00,0.107,0.0
2017-07-22 18:00:00,9.854,0.0
2017-07-23 00:00:00,2.956,0.0
2017-07-23 06:00:00,-0.367,0.0
2017-07-23 12:00:00,-1.128,0.0
2017-07-23 18:00:00,9.78,0.0
2017-07-24 00:00:00,3.88,0.0
2017-07-24 06:00:00,0.77,0.0
2017-07-24 12:00:00,1.913,0.0
2017-07-24 18:00:00,9.089,0.0
2017-07-25 00:00:00,3.116,0.0
2017-07-25 06:00:00,0.605,0.0
2017-07-25 12:00:00,1.643,0.0
2017-07-25 18:00:00,9.188,0.0
2017-07-26 00:00:00,2.61,0.0
2017-07-26 06:00:00,3.354,0.0
2017-07-26 12:00:00,1.289,0.0
2017-07-26 18:00:00,9.534,0.0
2017-07-27 00:00:00,3.089,0.0
2017-07-27 06:00:00,0.577,0.0
2017-07-27 12:00:00,0.632,0.0
2017-07-27 18:00:00,8.145,0.0
2017-07-28 00:00:00,3.67,0.0
2017-07-28 06:00:00,0.467,0.0
2017-07-28 12:00:00,-0.76,0.0
2017-07-28 18:00:00,9.558,0.0
2017-07-29 00:00:00,3.775,0.0
2017-07-29 06:00:00,1.453,0.0
2017-07-29 12:00:00,0.19,0.0
2017-07-29 18:00:00,11.565,0.0
2017-07-30 00:00:00,4.844,0.0
2017-07-30 06:00:00,1.071,0.0
2017-07-30 12:00:00,0.384,0.0
2017-07-30 18:00:00,10.516,0.0
2017-07-31 00:00:00,4.532,0.0
2017-07-31 06:00:00,1.371,0.0
2017-07-31 12:00:00,-0.199,0.0
2017-07-31 18:00:00,11.589,0.0
2017-08-01 00:00:00,4.089,0.0
2017-08-01 06:00:00,1.507,0.0
2017-08-01 12:00:00,0.88,0.0
2017-08-01 18:00:00,11.807,0.0
2017-08-02 00:00:00,5.898,0.0
2017-08-02 06:00:00,2.209,0.0
2017-08-02 12:00:00,3.538,0.0
2017-08-02 18:00:00,13.281,0.0
2017-08-03 00:00:00,5.719,0.0
2017-08-03 06:00:00,1.317,0.0
2017-08-03 12:00:00,-0.004,0.0
2017-08-03 18:00:00,10.712,0.0
2017-08-04 00:00:00,4.011,0.0
2017-08-04 06:00:00,1.099,0.0
2017-08-04 12:00:00,0.246,0.0
2017-08-04 18:00:00,13.161,0.0
2017-08-05 00:00:00,5.821,0.0
2017-08-05 06:00:00,2.503,0.0
2017-08-05 12:00:00,1.588,0.0
2017-08-05 18:00:00,9.064,0.0
2017-08-06 00:00:00,5.719,0.0
2017-08-06 06:00:00,2.53,0.0
2017-08-06 12:00:00,1.344,0.0
2017-08-06 18:00:00,10.271,0.0
2017-08-07 00:00:00,6.128,0.0
2017-08-07 06:00:00,2.021,0.0
2017-08-07 12:00:00,0.384,0.0
2017-08-07 18:00:00,10.663,0.0
2017-08-08 00:00:00,5.05,0.0
2017-08-08 06:00:00,1.886,0.0
2017-08-08 12:00:00,0.962,0.0
2017-08-08 18:00:00,9.805,0.0
2017-08-09 00:00:00,5.076,0.0
2017-08-09 06:00:00,1.643,0.0
2017-08-09 12:00:00,-0.591,0.0
2017-08-09 18:00:00,11.005,0.0
2017-08-10 00:00:00,4.376,0.0
2017-08-10 06:00:00,0.742,0.0
2017-08-10 12:00:00,0.852,0.0
2017-08-10 18:00:00,11.613,0.0
2017-08-11 00:00:00,3.38,0.0
2017-08-11 06:00:00,0.55,0.0
2017-08-11 12:00:00,0.605,0.0
2017-08-11 18:00:00,8.419,0.0
2017-08-12 00:00:00,2.45,0.0
2017-08-12 06:00:00,0.66,0.0
2017-08-12 12:00:00,-0.227,0.0
2017-08-12 18:00:00,11.71,0.0
2017-08-13 00:00:00,3.564,0.0
2017-08-13 06:00:00,1.317,0.0
2017-08-13 12:00:00,-0.032,0.0
2017-08-13 18:00:00,11.419,0.0
2017-08-14 00:00:00,4.714,0.0
2017-08-14 06:00:00,1.67,0.0
2017-08-14 12:00:00,-0.255,0.0
2017-08-14 18:00:00,12.63,0.0
2017-08-15 00:00:00,3.512,0.0
2017-08-15 06:00:00,1.643,0.0
2017-08-15 12:00:00,0.742,0.0
2017-08-15 18:00:00,10.858,0.0
2017-08-16 00:00:00,4.61,0.0
2017-08-16 06:00:00,1.724,0.0
2017-08-16 12:00:00,1.262,0.0
2017-08-16 18:00:00,12.509,0.0
2017-08-17 00:00:00,4.921,0.0
2017-08-17 06:00:00,1.561,0.0
2017-08-17 12:00:00,0.273,0.0
2017-08-17 18:00:00,11.977,0.0
2017-08-18 00:00:00,4.584,0.0
2017-08-18 06:00:00,1.398,0.0
2017-08-18 12:00:00,1.153,0.0
2017-08-18 18:00:00,5.719,0.0
2017-08-19 00:00:00,2.664,0.0
2017-08-19 06:00:00,-0.032,0.0
2017-08-19 12:00:00,-0.62,0.0
2017-08-19 18:00:00,11.053,0.0
2017-08-20 00:00:00,4.714,0.0
2017-08-20 06:00:00,1.534,0.0
2017-08-20 12:00:00,0.907,0.0
2017-08-20 18:00:00,13.161,0.0
2017-08-21 00:00:00,3.88,0.0
2017-08-21 06:00:00,1.615,0.2
2017-08-21 12:00:00,1.615,0.4
2017-08-21 18:00:00,4.532,0.0
2017-08-22 00:00:00,4.194,0.0
2017-08-22 06:00:00,2.047,0.0
2017-08-22 12:00:00,0.687,0.0
2017-08-22 18:00:00,8.767,0.0
2017-08-23 00:00:00,3.749,0.0
2017-08-23 06:00:00,0.632,0.0
2017-08-23 12:00:00,1.371,0.0
2017-08-23 18:00:00,10.712,0.0
2017-08-24 00:00:00,5.154,0.0
2017-08-24 06:00:00,2.262,0.0
2017-08-24 12:00:00,1.832,0.0
2017-08-24 18:00:00,12.558,0.0
2017-08-25 00:00:00,3.406,0.0
2017-08-25 06:00:00,0.687,0.0
2017-08-25 12:00:00,0.079,0.0
2017-08-25 18:00:00,11.346,0.0
2017-08-26 00:00:00,4.35,0.0
2017-08-26 06:00:00,1.643,0.0
2017-08-26 12:00:00,1.48,0.0
2017-08-26 18:00:00,10.247,0.0
2017-08-27 00:00:00,1.778,0.8
2017-08-27 06:00:00,0.989,0.0
2017-08-27 12:00:00,0.273,0.0
2017-08-27 18:00:00,7.519,0.0
2017-08-28 00:00:00,3.009,0.0
2017-08-28 06:00:00,1.044,0.0
2017-08-28 12:00:00,1.967,0.0
2017-08-28 18:00:00,5.539,0.0
2017-08-29 00:00:00,0.522,0.0
2017-08-29 06:00:00,1.67,0.0
2017-08-29 12:00:00,0.384,0.0
2017-08-29 18:00:00,8.22,0.0
2017-08-30 00:00:00,3.116,0.0
2017-08-30 06:00:00,2.262,0.0
2017-08-30 12:00:00,1.778,0.0
2017-08-30 18:00:00,10.394,0.0
2017-08-31 00:00:00,4.35,0.0
2017-08-31 06:00:00,1.778,0.0
2017-08-31 12:00:00,1.262,0.0
2017-08-31 18:00:00,10.687,0.0
2017-09-01 00:00:00,4.688,0.0
2017-09-01 06:00:00,1.371,0.0
2017-09-01 12:00:00,0.356,0.0
2017-09-01 18:00:00,9.534,0.0
2017-09-02 00:00:00,5.076,0.0
2017-09-02 06:00:00,2.209,0.0
2017-09-02 12:00:00,2.021,0.0
2017-09-02 18:00:00,3.775,0.0
2017-09-03 00:00:00,2.93,0.0
2017-09-03 06:00:00,0.495,0.0
2017-09-03 12:00:00,-0.143,0.0
2017-09-03 18:00:00,10.051,0.0
2017-09-04 00:00:00,4.999,0.0
2017-09-04 06:00:00,2.477,0.0
2017-09-04 12:00:00,1.697,0.0
2017-09-04 18:00:00,9.756,0.0
2017-09-05 00:00:00,5.024,0.0
2017-09-05 06:00:00,2.637,0.0
2017-09-05 12:00:00,0.605,0.0
2017-09-05 18:00:00,6.153,0.0
2017-09-06 00:00:00,4.298,0.0
2017-09-06 06:00:00,2.637,0.0
2017-09-06 12:00:00,0.495,0.0
2017-09-06 18:00:00,10.614,0.0
2017-09-07 00:00:00,4.454,0.0
2017-09-07 06:00:00,1.507,0.0
2017-09-07 12:00:00,0.77,0.0
2017-09-07 18:00:00,9.015,0.0
2017-09-08 00:00:00,3.063,0.0
2017-09-08 06:00:00,0.163,0.0
2017-09-08 12:00:00,0.218,0.0
2017-09-08 18:00:00,10.516,0.0
2017-09-09 00:00:00,3.274,0.0
2017-09-09 06:00:00,0.907,0.0
2017-09-09 12:00:00,-0.845,0.0
2017-09-09 18:00:00,10.736,0.0
2017-09-10 00:00:00,4.61,0.0
2017-09-10 06:00:00,0.632,0.0
2017-09-10 12:00:00,0.55,0.0
2017-09-10 18:00:00,10.443,0.0
2017-09-11 00:00:00,5.385,0.0
2017-09-11 06:00:00,0.825,0.0
2017-09-11 12:00:00,1.317,0.0
2017-09-11 18:00:00,4.662,0.0
2017-09-12 00:00:00,3.459,0.0
2017-09-12 06:00:00,0.384,0.0
2017-09-12 12:00:00,1.832,0.0
2017-09-12 18:00:00,6.204,0.0
2017-09-13 00:00:00,2.877,0.0
2017-09-13 06:00:00,1.398,0.0
2017-09-13 12:00:00,2.155,0.6
2017-09-13 18:00:00,10.516,0.0
2017-09-14 00:00:00,3.301,0.0
2017-09-14 06:00:00,2.664,0.0
2017-09-14 12:00:00,1.886,0.4
2017-09-14 18:00:00,12.292,0.0
2017-09-15 00:00:00,2.744,0.6
2017-09-15 06:00:00,2.262,0.4
2017-09-15 12:00:00,2.37,0.0
2017-09-15 18:00:00,3.88,0.2
2017-09-16 00:00:00,4.324,0.0
2017-09-16 06:00:00,1.94,0.0
2017-09-16 12:00:00,2.37,0.0
2017-09-16 18:00:00,5.257,0.4
2017-09-17 00:00:00,3.801,0.0
2017-09-17 06:00:00,1.886,0.0
2017-09-17 12:00:00,2.236,0.0
2017-09-17 18:00:00,6.077,0.2
2017-09-18 00:00:00,1.94,0.6
2017-09-18 06:00:00,2.262,0.0
2017-09-18 12:00:00,1.615,0.0
2017-09-18 18:00:00,9.829,0.0
2017-09-19 00:00:00,4.818,0.0
2017-09-19 06:00:00,1.967,0.0
2017-09-19 12:00:00,2.877,0.0
2017-09-19 18:00:00,10.369,0.0
2017-09-20 00:00:00,5.898,0.0
2017-09-20 06:00:00,3.248,0.0
2017-09-20 12:00:00,3.248,0.0
2017-09-20 18:00:00,11.175,0.0
2017-09-21 00:00:00,7.041,0.0
2017-09-21 06:00:00,3.38,0.0
2017-09-21 12:00:00,1.886,0.0
2017-09-21 18:00:00,13.04,0.0
2017-09-22 00:00:00,5.05,0.0
2017-09-22 06:00:00,2.503,0.0
2017-09-22 12:00:00,2.316,0.0
2017-09-22 18:00:00,13.618,0.0
2017-09-23 00:00:00,5.668,0.0
2017-09-23 06:00:00,3.827,0.0
2017-09-23 12:00:00,2.93,0.0
2017-09-23 18:00:00,11.078,0.0
2017-09-24 00:00:00,5.102,0.0
2017-09-24 06:00:00,3.248,0.0
2017-09-24 12:00:00,2.53,0.0
2017-09-24 18:00:00,9.534,0.0
2017-09-25 00:00:00,3.643,0.0
2017-09-25 06:00:00,1.044,0.0
2017-09-25 12:00:00,3.406,1.0
2017-09-25 18:00:00,9.312,0.0
2017-09-26 00:00:00,2.903,0.2
2017-09-26 06:00:00,1.832,0.0
2017-09-26 12:00:00,2.717,0.0
2017-09-26 18:00:00,7.318,0.0
2017-09-27 00:00:00,3.854,0.0
2017-09-27 06:00:00,2.37,0.0
2017-09-27 12:00:00,1.262,0.0
2017-09-27 18:00:00,11.832,0.0
2017-09-28 00:00:00,3.906,0.0
2017-09-28 06:00:00,0.742,0.0
2017-09-28 12:00:00,0.907,0.0
2017-09-28 18:00:00,13.882,0.0
2017-09-29 00:00:00,5.616,0.0
2017-09-29 06:00:00,2.45,0.0
2017-09-29 12:00:00,3.538,0.0
2017-09-29 18:00:00,11.029,0.0
2017-09-30 00:00:00,2.316,1.8
2017-09-30 06:00:00,3.301,0.0
2017-09-30 12:00:00,2.128,0.0
2017-09-30 18:00:00,9.139,0.0
2017-10-01 00:00:00,6.128,0.0
2017-10-01 06:00:00,1.317,0.0
2017-10-01 12:00:00,0.797,0.0
2017-10-01 18:00:00,14.768,0.0
2017-10-02 00:00:00,6.179,0.0
2017-10-02 06:00:00,2.983,0.0
2017-10-02 12:00:00,3.327,0.0
2017-10-02 18:00:00,12.751,0.0
2017-10-03 00:00:00,4.714,0.0
2017-10-03 06:00:00,2.744,0.0
2017-10-03 12:00:00,1.588,0.0
2017-10-03 18:00:00,12.147,0.0
2017-10-04 00:00:00,4.141,0.0
2017-10-04 06:00:00,3.406,0.0
2017-10-04 12:00:00,1.453,0.0
2017-10-04 18:00:00,7.343,0.0
2017-10-05 00:00:00,2.956,0.0
2017-10-05 06:00:00,1.208,0.0
2017-10-05 12:00:00,1.262,0.0
2017-10-05 18:00:00,12.001,0.0
2017-10-06 00:00:00,5.411,0.0
2017-10-06 06:00:00,4.402,0.0
2017-10-06 12:00:00,2.797,0.0
2017-10-06 18:00:00,11.492,0.0
2017-10-07 00:00:00,3.564,0.0
2017-10-07 06:00:00,3.643,0.0
2017-10-07 12:00:00,2.503,0.0
2017-10-07 18:00:00,7.594,0.0
2017-10-08 00:00:00,2.584,0.0
2017-10-08 06:00:00,1.398,0.0
2017-10-08 12:00:00,2.983,0.0
2017-10-08 18:00:00,10.956,0.0
2017-10-09 00:00:00,1.751,0.0
2017-10-09 06:00:00,0.246,0.0
2017-10-09 12:00:00,1.262,0.0
2017-10-09 18:00:00,14.553,0.0
2017-10-10 00:00:00,4.402,0.0
2017-10-10 06:00:00,2.182,0.0
2017-10-10 12:00:00,1.344,0.0
2017-10-10 18:00:00,11.88,0.0
2017-10-11 00:00:00,5.462,0.0
2017-10-11 06:00:00,2.584,0.0
2017-10-11 12:00:00,2.584,0.0
2017-10-11 18:00:00,9.558,0.0
2017-10-12 00:00:00,3.116,0.0
2017-10-12 06:00:00,2.396,0.0
2017-10-12 12:00:00,1.94,0.0
2017-10-12 18:00:00,5.719,0.0
2017-10-13 00:00:00,3.142,0.0
2017-10-13 06:00:00,1.126,0.0
2017-10-13 12:00:00,2.877,0.0
2017-10-13 18:00:00,8.941,0.0
2017-10-14 00:00:00,4.037,0.0
2017-10-14 06:00:00,2.877,0.0
2017-10-14 12:00:00,3.406,0.2
2017-10-14 18:00:00,9.706,0.0
2017-10-15 00:00:00,4.869,0.0
2017-10-15 06:00:00,3.354,0.0
2017-10-15 12:00:00,3.036,0.0
2017-10-15 18:00:00,6.357,0.0
2017-10-16 00:00:00,2.823,0.0
2017-10-16 06:00:00,2.182,0.0
2017-10-16 12:00:00,3.827,0.0
2017-10-16 18:00:00,11.977,0.0
2017-10-17 00:00:00,4.792,0.0
2017-10-17 06:00:00,1.859,0.0
2017-10-17 12:00:00,2.69,0.0
2017-10-17 18:00:00,10.124,0.0
2017-10-18 00:00:00,3.168,0.0
2017-10-18 06:00:00,2.209,0.0
2017-10-18 12:00:00,2.209,0.0
2017-10-18 18:00:00,12.171,0.0
2017-10-19 00:00:00,4.688,0.0
2017-10-19 06:00:00,3.354,0.0
2017-10-19 12:00:00,2.823,0.0
2017-10-19 18:00:00,13.209,0.0
2017-10-20 00:00:00,6.813,0.0
2017-10-20 06:00:00,4.688,0.0
2017-10-20 12:00:00,3.801,0.0
2017-10-20 18:00:00,13.161,0.0
2017-10-21 00:00:00,5.179,0.0
2017-10-21 06:00:00,3.301,0.0
2017-10-21 12:00:00,4.506,0.0
2017-10-21 18:00:00,7.619,0.0
2017-10-22 00:00:00,4.558,0.0
2017-10-22 06:00:00,3.248,0.0
2017-10-22 12:00:00,3.221,0.0
2017-10-22 18:00:00,13.185,0.0
2017-10-23 00:00:00,1.561,0.8
2017-10-23 06:00:00,1.859,0.0
2017-10-23 12:00:00,2.209,0.0
2017-10-23 18:00:00,4.115,0.0
2017-10-24 00:00:00,3.036,0.0
2017-10-24 06:00:00,1.615,0.0
2017-10-24 12:00:00,3.433,0.0
2017-10-24 18:00:00,11.662,0.0
2017-10-25 00:00:00,4.376,0.0
2017-10-25 06:00:00,2.155,0.0
2017-10-25 12:00:00,3.485,0.0
2017-10-25 18:00:00,11.613,0.0
2017-10-26 00:00:00,5.024,0.0
2017-10-26 06:00:00,1.18,0.0
2017-10-26 12:00:00,4.35,0.0
2017-10-26 18:00:00,13.594,0.0
2017-10-27 00:00:00,5.872,0.0
2017-10-27 06:00:00,4.168,0.0
2017-10-27 12:00:00,3.485,0.0
2017-10-27 18:00:00,12.896,0.0
2017-10-28 00:00:00,4.089,0.0
2017-10-28 06:00:00,1.778,0.0
2017-10-28 12:00:00,2.93,0.0
2017-10-28 18:00:00,9.879,0.0
2017-10-29 00:00:00,4.662,0.0
2017-10-29 06:00:00,2.77,0.0
2017-10-29 12:00:00,2.584,0.0
2017-10-29 18:00:00,7.594,0.0
2017-10-30 00:00:00,-0.116,0.0
2017-10-30 06:00:00,0.079,0.0
2017-10-30 12:00:00,1.805,0.0
2017-10-30 18:00:00,8.344,0.0
2017-10-31 00:00:00,1.832,0.0
2017-10-31 06:00:00,-0.395,0.0
2017-10-31 12:00:00,1.425,0.0
2017-10-31 18:00:00,13.69,0.0
2017-11-01 00:00:00,3.538,0.0
2017-11-01 06:00:00,1.099,0.0
2017-11-01 12:00:00,2.69,0.0
2017-11-01 18:00:00,12.34,0.0
2017-11-02 00:00:00,4.662,0.0
2017-11-02 06:00:00,1.208,0.0
2017-11-02 12:00:00,4.74,0.0
2017-11-02 18:00:00,11.856,0.0
2017-11-03 00:00:00,3.354,0.0
2017-11-03 06:00:00,1.67,0.0
2017-11-03 12:00:00,2.262,0.0
2017-11-03 18:00:00,12.074,0.0
2017-11-04 00:00:00,3.67,0.0
2017-11-04 06:00:00,3.617,0.0
2017-11-04 12:00:00,4.48,0.0
2017-11-04 18:00:00,11.102,0.0
2017-11-05 00:00:00,4.324,0.0
2017-11-05 06:00:00,2.823,0.0
2017-11-05 12:00:00,2.61,0.0
2017-11-05 18:00:00,10.883,0.0
2017-11-06 00:00:00,2.53,0.2
2017-11-06 06:00:00,1.832,0.0
2017-11-06 12:00:00,3.036,0.2
2017-11-06 18:00:00,10.075,0.0
2017-11-07 00:00:00,3.696,0.2
2017-11-07 06:00:00,2.584,0.0
2017-11-07 12:00:00,0.55,0.4
2017-11-07 18:00:00,0.962,0.6
2017-11-08 00:00:00,2.074,0.0
2017-11-08 06:00:00,1.153,0.0
2017-11-08 12:00:00,3.775,0.0
2017-11-08 18:00:00,14.17,0.0
2017-11-09 00:00:00,3.696,0.0
2017-11-09 06:00:00,1.017,0.0
2017-11-09 12:00:00,0.024,0.0
2017-11-09 18:00:00,10.32,0.0
2017-11-10 00:00:00,2.85,0.2
2017-11-10 06:00:00,3.036,0.0
2017-11-10 12:00:00,2.664,0.0
2017-11-10 18:00:00,10.638,0.0
2017-11-11 00:00:00,2.877,1.0
2017-11-11 06:00:00,2.637,0.0
2017-11-11 12:00:00,3.089,0.0
2017-11-11 18:00:00,7.142,0.0
2017-11-12 00:00:00,3.827,0.2
2017-11-12 06:00:00,2.209,0.0
2017-11-12 12:00:00,4.662,0.0
2017-11-12 18:00:00,1.94,2.0
2017-11-13 00:00:00,3.906,0.0
2017-11-13 06:00:00,1.67,0.0
2017-11-13 12:00:00,4.844,0.0
2017-11-13 18:00:00,13.088,0.0
2017-11-14 00:00:00,4.714,0.0
2017-11-14 06:00:00,1.832,0.0
2017-11-14 12:00:00,3.827,0.0
2017-11-14 18:00:00,11.953,0.0
2017-11-15 00:00:00,4.895,0.0
2017-11-15 06:00:00,1.994,0.0
2017-11-15 12:00:00,3.168,0.0
2017-11-15 18:00:00,7.82,0.0
2017-11-16 00:00:00,3.38,0.0
2017-11-16 06:00:00,2.101,0.0
2017-11-16 12:00:00,4.063,0.0
2017-11-16 18:00:00,10.687,0.0
2017-11-17 00:00:00,3.459,0.0
2017-11-17 06:00:00,1.94,0.0
2017-11-17 12:00:00,3.089,0.0
2017-11-17 18:00:00,8.866,0.0
2017-11-18 00:00:00,3.38,0.0
2017-11-18 06:00:00,3.009,0.0
2017-11-18 12:00:00,1.453,0.0
2017-11-18 18:00:00,8.22,0.0
2017-11-19 00:00:00,0.467,0.0
2017-11-19 06:00:00,0.412,0.0
2017-11-19 12:00:00,2.584,0.0
2017-11-19 18:00:00,9.312,0.0
2017-11-20 00:00:00,2.797,0.0
2017-11-20 06:00:00,0.742,0.0
2017-11-20 12:00:00,3.67,0.0
2017-11-20 18:00:00,11.904,0.0
2017-11-21 00:00:00,4.584,0.0
2017-11-21 06:00:00,2.823,0.0
2017-11-21 12:00:00,3.827,0.0
2017-11-21 18:00:00,10.247,0.0
2017-11-22 00:00:00,2.396,0.0
2017-11-22 06:00:00,5.257,0.0
2017-11-22 12:00:00,5.514,0.0
2017-11-22 18:00:00,9.805,0.0
2017-11-23 00:00:00,2.877,0.0
2017-11-23 06:00:00,3.512,0.0
2017-11-23 12:00:00,3.591,0.0
2017-11-23 18:00:00,13.449,0.0
2017-11-24 00:00:00,0.273,0.0
2017-11-24 06:00:00,1.859,0.0
2017-11-24 12:00:00,3.749,0.0
2017-11-24 18:00:00,8.344,0.0
2017-11-25 00:00:00,2.637,0.4
2017-11-25 06:00:00,3.538,0.0
2017-11-25 12:00:00,3.749,0.0
2017-11-25 18:00:00,5.437,0.0
2017-11-26 00:00:00,4.662,0.0
2017-11-26 06:00:00,2.877,0.0
2017-11-26 12:00:00,3.274,0.0
2017-11-26 18:00:00,5.411,0.2
2017-11-27 00:00:00,3.142,0.0
2017-11-27 06:00:00,3.009,0.0
2017-11-27 12:00:00,4.037,0.0
2017-11-27 18:00:00,6.813,0.0
2017-11-28 00:00:00,4.506,0.0
2017-11-28 06:00:00,2.956,0.0
2017-11-28 12:00:00,4.714,0.0
2017-11-28 18:00:00,4.973,0.2
2017-11-29 00:00:00,3.063,0.0
2017-11-29 06:00:00,2.956,0.0
2017-11-29 12:00:00,5.642,0.0
2017-11-29 18:00:00,8.742,0.0
2017-11-30 00:00:00,4.688,0.0
2017-11-30 06:00:00,3.406,0.0
2017-11-30 12:00:00,6.94,0.0
2017-11-30 18:00:00,13.329,0.0
2017-12-01 00:00:00,4.168,0.0
2017-12-01 06:00:00,3.406,0.0
2017-12-01 12:00:00,2.956,0.0
2017-12-01 18:00:00,11.565,0.0
2017-12-02 00:00:00,2.557,0.0
2017-12-02 06:00:00,2.503,0.2
2017-12-02 12:00:00,2.423,0.0
2017-12-02 18:00:00,5.231,0.2
2017-12-03 00:00:00,1.588,0.0
2017-12-03 06:00:00,1.153,0.0
2017-12-03 12:00:00,1.615,0.0
2017-12-03 18:00:00,6.408,0.0
2017-12-04 00:00:00,0.495,0.0
2017-12-04 06:00:00,1.289,0.0
2017-12-04 12:00:00,3.38,0.6
2017-12-04 18:00:00,9.78,0.0
2017-12-05 00:00:00,2.236,0.6
2017-12-05 06:00:00,1.615,0.2
2017-12-05 12:00:00,2.128,0.0
2017-12-05 18:00:00,4.089,0.2
2017-12-06 00:00:00,2.343,0.8
2017-12-06 06:00:00,-0.032,0.0
2017-12-06 12:00:00,0.107,0.0
2017-12-06 18:00:00,7.645,0.0
2017-12-07 00:00:00,0.384,0.0
2017-12-07 06:00:00,1.832,0.0
2017-12-07 12:00:00,4.089,0.2
2017-12-07 18:00:00,5.847,0.0
2017-12-08 00:00:00,1.235,0.4
2017-12-08 06:00:00,1.317,0.0
2017-12-08 12:00:00,3.459,0.0
2017-12-08 18:00:00,11.977,0.0
2017-12-09 00:00:00,1.805,1.6
2017-12-09 06:00:00,1.044,0.0
2017-12-09 12:00:00,1.778,0.0
2017-12-09 18:00:00,6.965,0.0
2017-12-10 00:00:00,3.696,0.2
2017-12-10 06:00:00,1.534,0.0
2017-12-10 12:00:00,5.411,0.0
2017-12-10 18:00:00,14.194,0.0
2017-12-11 00:00:00,5.076,0.0
2017-12-11 06:00:00,3.354,0.0
2017-12-11 12:00:00,1.561,0.0
2017-12-11 18:00:00,8.27,0.0
2017-12-12 00:00:00,3.749,0.0
2017-12-12 06:00:00,3.696,0.0
2017-12-12 12:00:00,2.983,0.0
2017-12-12 18:00:00,7.343,0.0
2017-12-13 00:00:00,4.063,0.0
2017-12-13 06:00:00,0.962,0.0
2017-12-13 12:00:00,0.715,0.0
2017-12-13 18:00:00,8.618,0.0
2017-12-14 00:00:00,2.316,0.0
2017-12-14 06:00:00,1.913,0.0
2017-12-14 12:00:00,3.932,0.0
2017-12-14 18:00:00,13.93,0.0
2017-12-15 00:00:00,5.591,0.0
2017-12-15 06:00:00,3.512,0.0
2017-12-15 12:00:00,0.825,0.4
2017-12-15 18:00:00,7.192,0.0
2017-12-16 00:00:00,0.66,0.0
2017-12-16 06:00:00,2.797,1.0
2017-12-16 12:00:00,3.591,0.0
2017-12-16 18:00:00,11.953,0.0
2017-12-17 00:00:00,3.327,0.0
2017-12-17 06:00:00,1.859,0.4
2017-12-17 12:00:00,5.076,0.0
2017-12-17 18:00:00,8.27,0.0
2017-12-18 00:00:00,0.522,0.0
2017-12-18 06:00:00,2.664,0.0
2017-12-18 12:00:00,3.195,0.0
2017-12-18 18:00:00,11.175,0.0
2017-12-19 00:00:00,4.947,0.0
2017-12-19 06:00:00,3.512,0.0
2017-12-19 12:00:00,3.775,0.0
2017-12-19 18:00:00,2.983,0.4
2017-12-20 00:00:00,3.116,0.0
2017-12-20 06:00:00,3.089,0.0
2017-12-20 12:00:00,4.714,0.0
2017-12-20 18:00:00,13.088,0.0
2017-12-21 00:00:00,2.289,0.2
2017-12-21 06:00:00,2.047,0.2
2017-12-21 12:00:00,3.801,0.0
2017-12-21 18:00:00,12.703,0.0
2017-12-22 00:00:00,4.428,0.2
2017-12-22 06:00:00,2.903,0.0
2017-12-22 12:00:00,2.45,0.0
2017-12-22 18:00:00,14.529,0.0
2017-12-23 00:00:00,2.637,0.6
2017-12-23 06:00:00,1.588,0.0
2017-12-23 12:00:00,2.101,0.0
2017-12-23 18:00:00,8.045,0.0
2017-12-24 00:00:00,3.406,0.2
2017-12-24 06:00:00,1.099,0.0
2017-12-24 12:00:00,4.792,0.0
2017-12-24 18:00:00,13.858,0.0
2017-12-25 00:00:00,1.778,0.2
2017-12-25 06:00:00,1.425,0.0
2017-12-25 12:00:00,2.021,0.0
2017-12-25 18:00:00,13.594,0.0
2017-12-26 00:00:00,2.423,0.0
2017-12-26 06:00:00,1.697,0.0
2017-12-26 12:00:00,1.588,0.0
2017-12-26 18:00:00,9.632,0.0
2017-12-27 00:00:00,0.88,0.6
2017-12-27 06:00:00,0.797,0.4
2017-12-27 12:00:00,2.047,0.6
2017-12-27 18:00:00,10.687,0.0
2017-12-28 00:00:00,2.584,0.2
2017-12-28 06:00:00,1.913,0.2
2017-12-28 12:00:00,1.588,0.0
2017-12-28 18:00:00,12.292,0.0
2017-12-29 00:00:00,1.044,0.0
2017-12-29 06:00:00,1.344,0.0
2017-12-29 12:00:00,0.024,0.0
2017-12-29 18:00:00,3.459,0.0
2017-12-30 00:00:00,1.126,0.2
2017-12-30 06:00:00,1.153,0.0
2017-12-30 12:00:00,1.017,0.0
2017-12-30 18:00:00,7.87,0.0
2017-12-31 00:00:00,1.371,0.2
2017-12-31 06:00:00,1.153,0.0
2017-12-31 12:00:00,1.507,0.0
2017-12-31 18:00:00,6.737,0.0
2018-01-01 00:00:00,1.859,0.0
2018-01-01 06:00:00,0.439,0.0
2018-01-01 12:00:00,1.967,0.0
2018-01-01 18:00:00,11.248,0.0
2018-01-02 00:00:00,3.749,0.0
2018-01-02 06:00:00,0.797,0.0
2018-01-02 12:00:00,1.805,0.0
2018-01-02 18:00:00,10.81,0.0
2018-01-03 00:00:00,3.591,0.0
2018-01-03 06:00:00,0.687,0.0
2018-01-03 12:00:00,2.717,0.0
2018-01-03 18:00:00,13.425,0.0
2018-01-04 00:00:00,2.182,1.0
2018-01-04 06:00:00,1.398,0.0
2018-01-04 12:00:00,1.534,0.0
2018-01-04 18:00:00,4.037,0.0
2018-01-05 00:00:00,2.503,0.0
2018-01-05 06:00:00,1.099,0.0
2018-01-05 12:00:00,0.989,0.0
2018-01-05 18:00:00,8.792,0.0
2018-01-06 00:00:00,2.797,1.0
2018-01-06 06:00:00,0.218,0.0
2018-01-06 12:00:00,0.66,0.0
2018-01-06 18:00:00,3.854,0.0
2018-01-07 00:00:00,1.18,0.2
2018-01-07 06:00:00,0.384,0.0
2018-01-07 12:00:00,1.561,0.0
2018-01-07 18:00:00,8.07,0.0
2018-01-08 00:00:00,-0.032,0.0
2018-01-08 06:00:00,-0.088,0.0
2018-01-08 12:00:00,-0.732,0.0
2018-01-08 18:00:00,4.089,0.0
2018-01-09 00:00:00,0.384,0.4
2018-01-09 06:00:00,-0.116,0.0
2018-01-09 12:00:00,0.934,0.2
2018-01-09 18:00:00,6.56,0.0
2018-01-10 00:00:00,1.724,0.4
2018-01-10 06:00:00,1.507,0.0
2018-01-10 12:00:00,1.371,0.0
2018-01-10 18:00:00,6.737,0.0
2018-01-11 00:00:00,1.153,0.0
2018-01-11 06:00:00,1.153,0.0
2018-01-11 12:00:00,1.099,0.2
2018-01-11 18:00:00,9.706,0.2
2018-01-12 00:00:00,3.036,0.0
2018-01-12 06:00:00,1.262,0.0
2018-01-12 12:00:00,2.074,0.0
2018-01-12 18:00:00,13.064,0.0
2018-01-13 00:00:00,1.859,0.0
2018-01-13 06:00:00,1.044,0.4
2018-01-13 12:00:00,1.67,0.0
2018-01-13 18:00:00,9.361,0.0
2018-01-14 00:00:00,0.218,0.0
2018-01-14 06:00:00,0.329,0.0
2018-01-14 12:00:00,-0.845,0.0
2018-01-14 18:00:00,10.98,0.0
2018-01-15 00:00:00,0.522,0.2
2018-01-15 06:00:00,0.825,0.0
2018-01-15 12:00:00,-1.441,0.0
2018-01-15 18:00:00,6.509,0.0
2018-01-16 00:00:00,-0.171,0.0
2018-01-16 06:00:00,0.495,0.0
2018-01-16 12:00:00,0.88,0.0
2018-01-16 18:00:00,4.999,0.2
2018-01-17 00:00:00,2.477,0.2
2018-01-17 06:00:00,1.126,0.4
2018-01-17 12:00:00,1.153,0.0
2018-01-17 18:00:00,10.785,0.0
2018-01-18 00:00:00,2.717,0.0
2018-01-18 06:00:00,1.317,0.4
2018-01-18 12:00:00,0.329,0.0
2018-01-18 18:00:00,8.17,0.0
2018-01-19 00:00:00,1.724,0.2
2018-01-19 06:00:00,2.074,0.0
2018-01-19 12:00:00,1.697,0.0
2018-01-19 18:00:00,4.22,0.4
2018-01-20 00:00:00,0.797,0.8
2018-01-20 06:00:00,0.439,0.0
2018-01-20 12:00:00,1.017,0.0
2018-01-20 18:00:00,5.514,0.0
2018-01-21 00:00:00,2.047,0.2
2018-01-21 06:00:00,1.886,0.0
2018-01-21 12:00:00,1.697,0.0
2018-01-21 18:00:00,6.382,0.0
2018-01-22 00:00:00,4.194,0.0
2018-01-22 06:00:00,0.024,0.0
2018-01-22 12:00:00,0.356,0.0
2018-01-22 18:00:00,3.932,2.201
2018-01-23 00:00:00,-0.088,0.0
2018-01-23 06:00:00,0.246,0.0
2018-01-23 12:00:00,0.495,0.0
2018-01-23 18:00:00,12.364,0.0
2018-01-24 00:00:00,0.797,0.2
2018-01-24 06:00:00,1.126,0.0
2018-01-24 12:00:00,0.934,0.0
2018-01-24 18:00:00,10.345,0.0
2018-01-25 00:00:00,0.742,0.0
2018-01-25 06:00:00,1.317,0.0
2018-01-25 12:00:00,-0.255,0.0
2018-01-25 18:00:00,7.091,0.0
2018-01-26 00:00:00,1.071,0.2
2018-01-26 06:00:00,1.913,0.0
2018-01-26 12:00:00,1.18,0.0
2018-01-26 18:00:00,6.914,0.0
2018-01-27 00:00:00,1.289,0.0
2018-01-27 06:00:00,0.301,0.0
2018-01-27 12:00:00,1.778,0.0
2018-01-27 18:00:00,12.389,0.0
2018-01-28 00:00:00,0.522,0.0
2018-01-28 06:00:00,2.182,0.0
2018-01-28 12:00:00,2.956,0.0
2018-01-28 18:00:00,13.69,0.0
2018-01-29 00:00:00,7.066,0.0
2018-01-29 06:00:00,3.221,0.0
2018-01-29 12:00:00,3.354,0.0
2018-01-29 18:00:00,13.04,0.0
2018-01-30 00:00:00,2.956,0.0
2018-01-30 06:00:00,1.643,0.0
2018-01-30 12:00:00,2.289,0.0
2018-01-30 18:00:00,11.127,0.0
2018-01-31 00:00:00,6.458,0.0
2018-01-31 06:00:00,2.877,0.0
2018-01-31 12:00:00,2.61,0.0
2018-01-31 18:00:00,12.582,0.0
2018-02-01 00:00:00,4.973,0.0
2018-02-01 06:00:00,1.561,0.0
2018-02-01 12:00:00,1.561,0.0
2018-02-01 18:00:00,12.606,0.0
2018-02-02 00:00:00,4.454,0.0
2018-02-02 06:00:00,1.289,0.0
2018-02-02 12:00:00,1.48,0.0
2018-02-02 18:00:00,11.734,0.0
2018-02-03 00:00:00,4.428,0.0
2018-02-03 06:00:00,2.209,0.0
2018-02-03 12:00:00,2.983,0.0
2018-02-03 18:00:00,11.54,0.0
2018-02-04 00:00:00,5.591,0.0
2018-02-04 06:00:00,2.155,0.0
2018-02-04 12:00:00,2.744,0.0
2018-02-04 18:00:00,15.27,0.0
2018-02-05 00:00:00,5.77,0.2
2018-02-05 06:00:00,3.591,0.0
2018-02-05 12:00:00,2.155,0.0
2018-02-05 18:00:00,13.522,0.0
2018-02-06 00:00:00,6.636,0.0
2018-02-06 06:00:00,3.801,0.0
2018-02-06 12:00:00,2.877,0.4
2018-02-06 18:00:00,9.213,0.0
2018-02-07 00:00:00,4.74,0.0
2018-02-07 06:00:00,2.93,0.0
2018-02-07 12:00:00,2.155,0.0
2018-02-07 18:00:00,8.494,0.0
2018-02-08 00:00:00,4.48,0.2
2018-02-08 06:00:00,3.142,0.2
2018-02-08 12:00:00,2.69,0.0
2018-02-08 18:00:00,13.016,0.0
2018-02-09 00:00:00,3.248,0.0
2018-02-09 06:00:00,2.877,0.2
2018-02-09 12:00:00,0.467,0.0
2018-02-09 18:00:00,6.23,0.0
2018-02-10 00:00:00,2.77,0.4
2018-02-10 06:00:00,2.236,0.0
2018-02-10 12:00:00,0.412,0.2
2018-02-10 18:00:00,5.924,0.2
2018-02-11 00:00:00,1.099,0.6
2018-02-11 06:00:00,1.48,0.0
2018-02-11 12:00:00,1.289,0.0
2018-02-11 18:00:00,7.444,0.0
2018-02-12 00:00:00,2.343,0.2
2018-02-12 06:00:00,2.262,0.0
2018-02-12 12:00:00,1.724,0.0
2018-02-12 18:00:00,11.88,0.0
2018-02-13 00:00:00,2.956,0.4
2018-02-13 06:00:00,2.744,0.0
2018-02-13 12:00:00,2.584,0.0
2018-02-13 18:00:00,12.654,0.0
2018-02-14 00:00:00,4.895,0.0
2018-02-14 06:00:00,3.301,0.0
2018-02-14 12:00:00,3.301,0.0
2018-02-14 18:00:00,12.654,0.0
2018-02-15 00:00:00,5.488,0.0
2018-02-15 06:00:00,2.797,0.0
2018-02-15 12:00:00,3.089,0.8
2018-02-15 18:00:00,9.238,0.0
2018-02-16 00:00:00,1.099,1.0
2018-02-16 06:00:00,0.467,0.6
2018-02-16 12:00:00,2.101,0.2
2018-02-16 18:00:00,5.642,0.0
2018-02-17 00:00:00,3.801,0.0
2018-02-17 06:00:00,2.823,0.0
2018-02-17 12:00:00,3.009,0.0
2018-02-17 18:00:00,8.045,0.0
2018-02-18 00:00:00,2.717,1.4
2018-02-18 06:00:00,2.477,0.0
2018-02-18 12:00:00,2.182,0.0
2018-02-18 18:00:00,7.469,0.2
2018-02-19 00:00:00,1.615,0.8
2018-02-19 06:00:00,1.67,0.0
2018-02-19 12:00:00,1.262,0.0
2018-02-19 18:00:00,3.063,0.6
2018-02-20 00:00:00,2.45,0.0
2018-02-20 06:00:00,0.88,0.0
2018-02-20 12:00:00,-0.591,0.0
2018-02-20 18:00:00,8.841,0.0
2018-02-21 00:00:00,2.503,0.0
2018-02-21 06:00:00,0.356,0.0
2018-02-21 12:00:00,-0.732,0.0
2018-02-21 18:00:00,9.188,0.0
2018-02-22 00:00:00,2.93,0.0
2018-02-22 06:00:00,0.495,0.0
2018-02-22 12:00:00,1.371,0.0
2018-02-22 18:00:00,12.074,0.0
2018-02-23 00:00:00,3.775,0.0
2018-02-23 06:00:00,1.453,0.0
2018-02-23 12:00:00,2.128,0.0
2018-02-23 18:00:00,11.419,0.0
2018-02-24 00:00:00,3.116,0.0
2018-02-24 06:00:00,1.344,0.0
2018-02-24 12:00:00,0.522,0.0
2018-02-24 18:00:00,13.762,0.0
2018-02-25 00:00:00,4.011,0.0
2018-02-25 06:00:00,1.208,0.0
2018-02-25 12:00:00,1.099,0.0
2018-02-25 18:00:00,7.594,0.0
2018-02-26 00:00:00,1.805,0.0
2018-02-26 06:00:00,-0.032,0.0
2018-02-26 12:00:00,0.495,0.0
2018-02-26 18:00:00,8.394,0.0
2018-02-27 00:00:00,3.274,0.0
2018-02-27 06:00:00,0.797,0.2
2018-02-27 12:00:00,1.534,0.0
2018-02-27 18:00:00,5.385,0.4
2018-02-28 00:00:00,2.45,0.4
2018-02-28 06:00:00,0.907,0.0
2018-02-28 12:00:00,1.262,0.0
2018-02-28 18:00:00,13.257,0.0
2018-03-01 00:00:00,3.459,0.4
2018-03-01 06:00:00,0.605,0.0
2018-03-01 12:00:00,1.48,0.0
2018-03-01 18:00:00,5.668,1.0
2018-03-02 00:00:00,0.412,0.0
2018-03-02 06:00:00,1.805,0.0
2018-03-02 12:00:00,1.913,0.2
2018-03-02 18:00:00,8.145,0.0
2018-03-03 00:00:00,3.801,0.0
2018-03-03 06:00:00,1.805,0.0
2018-03-03 12:00:00,2.557,0.0
2018-03-03 18:00:00,6.94,0.0
2018-03-04 00:00:00,3.958,0.0
2018-03-04 06:00:00,2.423,0.0
2018-03-04 12:00:00,2.074,0.0
2018-03-04 18:00:00,7.82,0.0
2018-03-05 00:00:00,2.903,0.0
2018-03-05 06:00:00,1.994,0.0
2018-03-05 12:00:00,1.94,0.0
2018-03-05 18:00:00,11.54,0.0
2018-03-06 00:00:00,1.208,1.6
2018-03-06 06:00:00,1.371,0.0
2018-03-06 12:00:00,2.209,0.8
2018-03-06 18:00:00,7.066,0.0
2018-03-07 00:00:00,0.19,0.0
2018-03-07 06:00:00,0.577,0.0
2018-03-07 12:00:00,1.289,0.0
2018-03-07 18:00:00,4.999,0.0
2018-03-08 00:00:00,4.532,0.0
2018-03-08 06:00:00,1.994,0.0
2018-03-08 12:00:00,2.021,0.0
2018-03-08 18:00:00,12.63,0.0
2018-03-09 00:00:00,5.462,0.0
2018-03-09 06:00:00,3.116,0.0
2018-03-09 12:00:00,2.69,0.0
2018-03-09 18:00:00,10.907,0.0
2018-03-10 00:00:00,1.751,1.2
2018-03-10 06:00:00,3.248,0.0
2018-03-10 12:00:00,3.327,0.0
2018-03-10 18:00:00,10.369,0.0
2018-03-11 00:00:00,5.719,0.0
2018-03-11 06:00:00,2.93,0.0
2018-03-11 12:00:00,3.749,0.0
2018-03-11 18:00:00,9.139,0.0
2018-03-12 00:00:00,5.05,0.0
2018-03-12 06:00:00,3.433,0.0
2018-03-12 12:00:00,1.588,0.0
2018-03-12 18:00:00,11.443,0.0
2018-03-13 00:00:00,3.354,0.0
2018-03-13 06:00:00,1.289,0.4
2018-03-13 12:00:00,2.182,0.0
2018-03-13 18:00:00,13.858,0.0
2018-03-14 00:00:00,3.88,0.4
2018-03-14 06:00:00,2.53,0.0
2018-03-14 12:00:00,1.289,0.0
2018-03-14 18:00:00,8.668,0.0
2018-03-15 00:00:00,1.208,0.4
2018-03-15 06:00:00,3.221,0.0
2018-03-15 12:00:00,1.044,0.0
2018-03-15 18:00:00,9.731,0.0
2018-03-16 00:00:00,3.38,0.0
2018-03-16 06:00:00,1.805,0.0
2018-03-16 12:00:00,0.412,0.0
2018-03-16 18:00:00,12.534,0.0
2018-03-17 00:00:00,3.906,0.0
2018-03-17 06:00:00,2.744,0.0
2018-03-17 12:00:00,2.209,0.0
2018-03-17 18:00:00,9.731,0.0
2018-03-18 00:00:00,2.37,1.4
2018-03-18 06:00:00,1.425,0.2
2018-03-18 12:00:00,0.135,0.0
2018-03-18 18:00:00,7.192,0.0
2018-03-19 00:00:00,2.477,0.2
2018-03-19 06:00:00,2.128,0.0
2018-03-19 12:00:00,1.724,0.0
2018-03-19 18:00:00,5.36,0.2
2018-03-20 00:00:00,2.209,0.4
2018-03-20 06:00:00,2.021,0.0
2018-03-20 12:00:00,1.886,0.0
2018-03-20 18:00:00,12.074,0.0
2018-03-21 00:00:00,3.221,0.0
2018-03-21 06:00:00,3.116,0.0
2018-03-21 12:00:00,0.605,0.0
2018-03-21 18:00:00,7.594,0.0
2018-03-22 00:00:00,4.298,0.0
2018-03-22 06:00:00,2.503,0.0
2018-03-22 12:00:00,2.101,0.0
2018-03-22 18:00:00,12.098,0.0
2018-03-23 00:00:00,0.715,0.0
2018-03-23 06:00:00,2.262,0.0
2018-03-23 12:00:00,0.439,0.0
2018-03-23 18:00:00,5.205,0.4
2018-03-24 00:00:00,0.163,0.0
2018-03-24 06:00:00,0.687,0.0
2018-03-24 12:00:00,1.398,0.0
2018-03-24 18:00:00,9.731,0.0
2018-03-25 00:00:00,0.852,0.0
2018-03-25 06:00:00,1.778,0.2
2018-03-25 12:00:00,1.126,0.0
2018-03-25 18:00:00,9.805,0.0
2018-03-26 00:00:00,0.88,1.0
2018-03-26 06:00:00,0.962,0.6
2018-03-26 12:00:00,3.221,0.4
2018-03-26 18:00:00,10.541,0.0
2018-03-27 00:00:00,2.236,0.4
2018-03-27 06:00:00,0.989,0.8
2018-03-27 12:00:00,0.467,0.0
2018-03-27 18:00:00,6.636,0.0
2018-03-28 00:00:00,0.797,0.4
2018-03-28 06:00:00,0.742,0.0
2018-03-28 12:00:00,1.262,0.0
2018-03-28 18:00:00,6.408,0.0
2018-03-29 00:00:00,3.009,0.4
2018-03-29 06:00:00,2.557,0.0
2018-03-29 12:00:00,2.128,0.0
2018-03-29 18:00:00,12.001,0.0
2018-03-30 00:00:00,4.766,0.0
2018-03-30 06:00:00,2.396,0.0
2018-03-30 12:00:00,1.398,0.0
2018-03-30 18:00:00,10.516,0.0
2018-03-31 00:00:00,4.141,0.0
2018-03-31 06:00:00,2.557,0.0
2018-03-31 12:00:00,1.967,0.0
2018-03-31 18:00:00,11.565,0.0
2018-04-01 00:00:00,3.354,0.0
2018-04-01 06:00:00,1.67,0.0
2018-04-01 12:00:00,1.235,0.0
2018-04-01 18:00:00,7.945,0.0
2018-04-02 00:00:00,2.343,0.0
2018-04-02 06:00:00,1.534,0.0
2018-04-02 12:00:00,2.101,0.0
2018-04-02 18:00:00,5.821,0.0
2018-04-03 00:00:00,3.063,0.0
2018-04-03 06:00:00,2.396,0.0
2018-04-03 12:00:00,1.044,0.0
2018-04-03 18:00:00,8.866,0.0
2018-04-04 00:00:00,1.398,0.8
2018-04-04 06:00:00,1.153,0.0
2018-04-04 12:00:00,0.715,0.0
2018-04-04 18:00:00,10.296,0.0
2018-04-05 00:00:00,2.717,0.0
2018-04-05 06:00:00,1.751,0.0
2018-04-05 12:00:00,1.561,0.0
2018-04-05 18:00:00,4.115,0.0
2018-04-06 00:00:00,1.48,0.2
2018-04-06 06:00:00,0.66,0.0
2018-04-06 12:00:00,1.262,0.0
2018-04-06 18:00:00,10.222,0.0
2018-04-07 00:00:00,0.273,0.0
2018-04-07 06:00:00,3.564,0.0
2018-04-07 12:00:00,2.61,0.0
2018-04-07 18:00:00,10.98,0.0
2018-04-08 00:00:00,1.534,0.2
2018-04-08 06:00:00,0.384,0.0
2018-04-08 12:00:00,0.66,0.0
2018-04-08 18:00:00,4.115,0.2
2018-04-09 00:00:00,1.317,0.0
2018-04-09 06:00:00,0.522,0.0
2018-04-09 12:00:00,1.126,0.0
2018-04-09 18:00:00,4.089,0.2
2018-04-10 00:00:00,1.017,0.2
2018-04-10 06:00:00,1.724,0.0
2018-04-10 12:00:00,1.126,0.0
2018-04-10 18:00:00,7.015,0.0
2018-04-11 00:00:00,1.017,0.0
2018-04-11 06:00:00,1.371,0.0
2018-04-11 12:00:00,1.208,0.0
2018-04-11 18:00:00,12.461,0.0
2018-04-12 00:00:00,0.687,0.0
2018-04-12 06:00:00,2.903,0.0
2018-04-12 12:00:00,1.289,0.0
2018-04-12 18:00:00,11.589,0.0
2018-04-13 00:00:00,2.209,0.2
2018-04-13 06:00:00,3.801,0.0
2018-04-13 12:00:00,1.071,0.0
2018-04-13 18:00:00,5.102,0.0
2018-04-14 00:00:00,0.632,0.0
2018-04-14 06:00:00,0.19,0.0
2018-04-14 12:00:00,1.371,0.0
2018-04-14 18:00:00,2.93,0.2
2018-04-15 00:00:00,1.697,0.0
2018-04-15 06:00:00,1.615,0.0
2018-04-15 12:00:00,1.886,0.0
2018-04-15 18:00:00,9.558,0.0
2018-04-16 00:00:00,3.301,0.0
2018-04-16 06:00:00,1.099,0.0
2018-04-16 12:00:00,2.93,0.0
2018-04-16 18:00:00,9.756,0.0
2018-04-17 00:00:00,5.282,0.0
2018-04-17 06:00:00,2.797,0.0
2018-04-17 12:00:00,1.071,0.0
2018-04-17 18:00:00,11.297,0.0
2018-04-18 00:00:00,6.0,0.0
2018-04-18 06:00:00,2.45,0.0
2018-04-18 12:00:00,0.962,0.0
2018-04-18 18:00:00,10.271,0.0
2018-04-19 00:00:00,5.334,0.0
2018-04-19 06:00:00,2.289,0.0
2018-04-19 12:00:00,1.778,0.0
2018-04-19 18:00:00,11.589,0.0
2018-04-20 00:00:00,4.869,0.0
2018-04-20 06:00:00,3.538,0.0
2018-04-20 12:00:00,2.69,0.0
2018-04-20 18:00:00,11.224,0.0
2018-04-21 00:00:00,3.906,0.0
2018-04-21 06:00:00,1.805,0.0
2018-04-21 12:00:00,0.495,0.0
2018-04-21 18:00:00,10.149,0.0
2018-04-22 00:00:00,3.512,0.0
2018-04-22 06:00:00,1.588,0.2
2018-04-22 12:00:00,1.289,0.0
2018-04-22 18:00:00,10.271,0.0
2018-04-23 00:00:00,3.116,0.0
2018-04-23 06:00:00,1.859,0.0
2018-04-23 12:00:00,1.044,0.0
2018-04-23 18:00:00,8.866,0.0
2018-04-24 00:00:00,2.956,0.0
2018-04-24 06:00:00,0.742,0.0
2018-04-24 12:00:00,1.425,0.0
2018-04-24 18:00:00,10.663,0.0
2018-04-25 00:00:00,2.45,0.4
2018-04-25 06:00:00,1.153,0.4
2018-04-25 12:00:00,0.989,0.0
2018-04-25 18:00:00,11.321,0.0
2018-04-26 00:00:00,2.983,0.0
2018-04-26 06:00:00,2.289,0.0
2018-04-26 12:00:00,1.886,0.0
2018-04-26 18:00:00,5.565,0.0
2018-04-27 00:00:00,2.956,0.0
2018-04-27 06:00:00,2.289,0.0
2018-04-27 12:00:00,2.37,0.0
2018-04-27 18:00:00,5.821,0.0
2018-04-28 00:00:00,3.722,0.0
2018-04-28 06:00:00,2.289,0.0
2018-04-28 12:00:00,1.561,0.0
2018-04-28 18:00:00,4.428,0.0
2018-04-29 00:00:00,2.45,0.0
2018-04-29 06:00:00,2.236,0.0
2018-04-29 12:00:00,0.55,0.0
2018-04-29 18:00:00,7.695,0.0
2018-04-30 00:00:00,3.221,0.0
2018-04-30 06:00:00,2.047,0.0
2018-04-30 12:00:00,1.208,0.0
2018-04-30 18:00:00,9.04,0.0
2018-05-01 00:00:00,4.22,0.0
2018-05-01 06:00:00,1.832,0.0
2018-05-01 12:00:00,2.584,0.0
2018-05-01 18:00:00,9.336,0.0
2018-05-02 00:00:00,3.274,0.0
2018-05-02 06:00:00,2.316,0.0
2018-05-02 12:00:00,1.805,0.0
2018-05-02 18:00:00,6.255,0.0
2018-05-03 00:00:00,5.462,0.0
2018-05-03 06:00:00,2.262,0.0
2018-05-03 12:00:00,1.126,0.0
2018-05-03 18:00:00,11.419,0.0
2018-05-04 00:00:00,4.662,0.0
2018-05-04 06:00:00,1.371,0.0
2018-05-04 12:00:00,1.317,0.0
2018-05-04 18:00:00,11.175,0.0
2018-05-05 00:00:00,4.194,0.0
2018-05-05 06:00:00,2.877,0.0
2018-05-05 12:00:00,1.724,0.0
2018-05-05 18:00:00,11.734,0.0
2018-05-06 00:00:00,4.61,0.0
2018-05-06 06:00:00,1.507,0.2
2018-05-06 12:00:00,1.044,0.0
2018-05-06 18:00:00,10.32,0.0
2018-05-07 00:00:00,3.538,0.0
2018-05-07 06:00:00,2.182,0.0
2018-05-07 12:00:00,1.778,0.0
2018-05-07 18:00:00,11.37,0.0
2018-05-08 00:00:00,2.823,0.0
2018-05-08 06:00:00,3.38,0.0
2018-05-08 12:00:00,1.994,0.0
2018-05-08 18:00:00,5.693,0.2
2018-05-09 00:00:00,3.195,0.0
2018-05-09 06:00:00,1.805,0.2
2018-05-09 12:00:00,1.805,0.2
2018-05-09 18:00:00,9.04,0.0
2018-05-10 00:00:00,2.956,0.0
2018-05-10 06:00:00,1.18,0.4
2018-05-10 12:00:00,0.852,0.0
2018-05-10 18:00:00,9.977,0.0
2018-05-11 00:00:00,4.74,0.0
2018-05-11 06:00:00,2.316,0.0
2018-05-11 12:00:00,1.778,0.0
2018-05-11 18:00:00,7.293,0.0
2018-05-12 00:00:00,4.792,0.0
2018-05-12 06:00:00,4.74,0.0
2018-05-12 12:00:00,1.344,0.0
2018-05-12 18:00:00,10.736,0.0
2018-05-13 00:00:00,3.827,0.0
2018-05-13 06:00:00,2.182,0.0
2018-05-13 12:00:00,3.036,0.0
2018-05-13 18:00:00,7.97,0.0
2018-05-14 00:00:00,2.717,0.0
2018-05-14 06:00:00,3.116,0.0
2018-05-14 12:00:00,2.396,0.0
2018-05-14 18:00:00,10.907,0.0
2018-05-15 00:00:00,4.194,0.6
2018-05-15 06:00:00,1.724,0.0
2018-05-15 12:00:00,1.832,0.0
2018-05-15 18:00:00,10.59,0.0
2018-05-16 00:00:00,4.636,0.0
2018-05-16 06:00:00,3.036,0.0
2018-05-16 12:00:00,1.67,0.0
2018-05-16 18:00:00,11.273,0.0
2018-05-17 00:00:00,4.246,0.0
2018-05-17 06:00:00,1.289,0.0
2018-05-17 12:00:00,0.962,0.0
2018-05-17 18:00:00,12.074,0.0
2018-05-18 00:00:00,1.425,0.6
2018-05-18 06:00:00,1.967,0.4
2018-05-18 12:00:00,0.934,0.0
2018-05-18 18:00:00,6.763,0.0
2018-05-19 00:00:00,1.398,0.0
2018-05-19 06:00:00,2.021,0.0
2018-05-19 12:00:00,0.88,0.0
2018-05-19 18:00:00,10.443,0.0
2018-05-20 00:00:00,4.506,0.0
2018-05-20 06:00:00,2.53,0.0
2018-05-20 12:00:00,0.907,0.0
2018-05-20 18:00:00,10.075,0.0
2018-05-21 00:00:00,0.77,0.0
2018-05-21 06:00:00,1.859,0.0
2018-05-21 12:00:00,1.262,0.0
2018-05-21 18:00:00,10.296,0.0
2018-05-22 00:00:00,1.18,0.0
2018-05-22 06:00:00,1.48,0.0
2018-05-22 12:00:00,1.859,0.0
2018-05-22 18:00:00,10.883,0.0
2018-05-23 00:00:00,1.561,1.0
2018-05-23 06:00:00,1.751,0.0
2018-05-23 12:00:00,0.962,0.0
2018-05-23 18:00:00,11.346,0.0
2018-05-24 00:00:00,4.428,0.0
2018-05-24 06:00:00,1.886,0.0
2018-05-24 12:00:00,0.273,0.0
2018-05-24 18:00:00,9.879,0.0
2018-05-25 00:00:00,4.869,0.0
2018-05-25 06:00:00,1.262,0.0
2018-05-25 12:00:00,0.384,0.0
2018-05-25 18:00:00,11.759,0.0
2018-05-26 00:00:00,4.194,0.0
2018-05-26 06:00:00,0.989,0.0
2018-05-26 12:00:00,-0.004,0.0
2018-05-26 18:00:00,11.686,0.0
2018-05-27 00:00:00,4.324,0.0
2018-05-27 06:00:00,1.832,0.0
2018-05-27 12:00:00,1.044,0.0
2018-05-27 18:00:00,12.243,0.0
2018-05-28 00:00:00,4.74,0.0
2018-05-28 06:00:00,2.289,0.0
2018-05-28 12:00:00,1.967,0.0
2018-05-28 18:00:00,12.847,0.0
2018-05-29 00:00:00,5.616,0.0
2018-05-29 06:00:00,1.208,0.0
2018-05-29 12:00:00,1.071,0.0
2018-05-29 18:00:00,11.467,0.0
2018-05-30 00:00:00,3.38,0.0
2018-05-30 06:00:00,1.724,0.0
2018-05-30 12:00:00,1.751,0.0
2018-05-30 18:00:00,10.075,0.0
2018-05-31 00:00:00,4.584,0.0
2018-05-31 06:00:00,1.859,0.0
2018-05-31 12:00:00,1.371,0.0
2018-05-31 18:00:00,10.369,0.0
2018-06-01 00:00:00,3.643,0.0
2018-06-01 06:00:00,1.615,0.0
2018-06-01 12:00:00,1.208,0.0
2018-06-01 18:00:00,13.57,0.0
2018-06-02 00:00:00,3.985,0.0
2018-06-02 06:00:00,2.155,0.0
2018-06-02 12:00:00,1.832,0.0
2018-06-02 18:00:00,6.433,0.0
2018-06-03 00:00:00,3.459,0.0
2018-06-03 06:00:00,1.588,0.0
2018-06-03 12:00:00,1.017,0.2
2018-06-03 18:00:00,4.089,0.4
2018-06-04 00:00:00,0.66,0.0
2018-06-04 06:00:00,1.044,0.0
2018-06-04 12:00:00,1.071,0.0
2018-06-04 18:00:00,8.792,0.0
2018-06-05 00:00:00,3.38,0.0
2018-06-05 06:00:00,4.973,0.0
2018-06-05 12:00:00,4.246,0.0
2018-06-05 18:00:00,10.075,0.0
2018-06-06 00:00:00,4.532,0.0
2018-06-06 06:00:00,1.453,0.0
2018-06-06 12:00:00,3.142,0.0
2018-06-06 18:00:00,10.1,0.0
2018-06-07 00:00:00,4.48,0.0
2018-06-07 06:00:00,2.316,0.0
2018-06-07 12:00:00,2.074,0.0
2018-06-07 18:00:00,8.568,0.0
2018-06-08 00:00:00,4.324,0.0
2018-06-08 06:00:00,3.168,0.0
2018-06-08 12:00:00,1.751,0.0
2018-06-08 18:00:00,8.319,0.0
2018-06-09 00:00:00,3.009,0.0
2018-06-09 06:00:00,0.439,0.0
2018-06-09 12:00:00,1.453,0.0
2018-06-09 18:00:00,8.965,0.0
2018-06-10 00:00:00,4.141,0.0
2018-06-10 06:00:00,1.153,0.0
2018-06-10 12:00:00,-0.648,0.0
2018-06-10 18:00:00,11.856,0.0
2018-06-11 00:00:00,4.636,0.0
2018-06-11 06:00:00,0.852,0.0
2018-06-11 12:00:00,-1.043,0.0
2018-06-11 18:00:00,12.799,0.0
2018-06-12 00:00:00,4.818,0.0
2018-06-12 06:00:00,1.317,0.0
2018-06-12 12:00:00,-0.199,0.0
2018-06-12 18:00:00,12.34,0.0
2018-06-13 00:00:00,4.22,0.0
2018-06-13 06:00:00,1.126,0.0
2018-06-13 12:00:00,0.742,0.0
2018-06-13 18:00:00,9.114,0.0
2018-06-14 00:00:00,3.38,0.0
2018-06-14 06:00:00,0.107,0.0
2018-06-14 12:00:00,-1.1,0.0
2018-06-14 18:00:00,11.832,0.0
2018-06-15 00:00:00,4.947,0.0
2018-06-15 06:00:00,1.044,0.0
2018-06-15 12:00:00,0.577,0.0
2018-06-15 18:00:00,11.127,0.0
2018-06-16 00:00:00,3.801,0.0
2018-06-16 06:00:00,1.235,0.0
2018-06-16 12:00:00,0.163,0.0
2018-06-16 18:00:00,8.543,0.0
2018-06-17 00:00:00,3.485,0.0
2018-06-17 06:00:00,0.797,0.0
2018-06-17 12:00:00,-0.339,0.0
2018-06-17 18:00:00,8.195,0.0
2018-06-18 00:00:00,2.797,0.0
2018-06-18 06:00:00,0.024,0.0
2018-06-18 12:00:00,-0.199,0.0
2018-06-18 18:00:00,7.845,0.0
2018-06-19 00:00:00,3.036,0.0
2018-06-19 06:00:00,-0.507,0.0
2018-06-19 12:00:00,-0.817,0.0
2018-06-19 18:00:00,8.568,0.0
2018-06-20 00:00:00,4.558,0.0
2018-06-20 06:00:00,0.605,0.0
2018-06-20 12:00:00,0.218,0.0
2018-06-20 18:00:00,10.516,0.0
2018-06-21 00:00:00,3.88,0.0
2018-06-21 06:00:00,0.467,0.0
2018-06-21 12:00:00,-0.507,0.0
2018-06-21 18:00:00,10.932,0.0
2018-06-22 00:00:00,3.459,0.0
2018-06-22 06:00:00,1.425,0.0
2018-06-22 12:00:00,0.495,0.0
2018-06-22 18:00:00,10.394,0.0
2018-06-23 00:00:00,2.77,0.0
2018-06-23 06:00:00,0.051,0.0
2018-06-23 12:00:00,0.218,0.0
2018-06-23 18:00:00,12.268,0.0
2018-06-24 00:00:00,3.932,0.0
2018-06-24 06:00:00,1.262,0.0
2018-06-24 12:00:00,0.522,0.0
2018-06-24 18:00:00,9.632,0.0
2018-06-25 00:00:00,3.274,0.0
2018-06-25 06:00:00,0.079,0.0
2018-06-25 12:00:00,1.044,0.0
2018-06-25 18:00:00,5.076,0.0
2018-06-26 00:00:00,2.877,0.0
2018-06-26 06:00:00,0.079,0.0
2018-06-26 12:00:00,1.643,0.0
2018-06-26 18:00:00,10.761,0.0
2018-06-27 00:00:00,2.823,0.0
2018-06-27 06:00:00,-0.591,0.0
2018-06-27 12:00:00,-0.004,0.0
2018-06-27 18:00:00,10.492,0.0
2018-06-28 00:00:00,2.823,0.0
2018-06-28 06:00:00,-0.902,0.0
2018-06-28 12:00:00,-0.367,0.0
2018-06-28 18:00:00,10.565,0.0
2018-06-29 00:00:00,2.584,0.0
2018-06-29 06:00:00,0.439,0.0
2018-06-29 12:00:00,-0.032,0.0
2018-06-29 18:00:00,9.78,0.0
2018-06-30 00:00:00,3.248,0.0
2018-06-30 06:00:00,0.051,0.0
2018-06-30 12:00:00,-0.732,0.0
2018-06-30 18:00:00,10.026,0.0
2018-07-01 00:00:00,3.327,0.0
2018-07-01 06:00:00,0.687,0.0
2018-07-01 12:00:00,-0.479,0.0
2018-07-01 18:00:00,10.32,0.0
2018-07-02 00:00:00,4.792,0.0
2018-07-02 06:00:00,0.962,0.0
2018-07-02 12:00:00,-1.584,0.0
2018-07-02 18:00:00,10.149,0.0
2018-07-03 00:00:00,3.854,0.0
2018-07-03 06:00:00,-0.676,0.0
2018-07-03 12:00:00,0.329,0.0
2018-07-03 18:00:00,10.907,0.0
2018-07-04 00:00:00,3.88,0.0
2018-07-04 06:00:00,0.989,0.0
2018-07-04 12:00:00,-0.004,0.0
2018-07-04 18:00:00,6.56,0.0
2018-07-05 00:00:00,3.274,0.0
2018-07-05 06:00:00,2.289,0.0
2018-07-05 12:00:00,1.071,0.0
2018-07-05 18:00:00,9.583,0.0
2018-07-06 00:00:00,4.298,0.0
2018-07-06 06:00:00,0.934,0.0
2018-07-06 12:00:00,0.135,0.0
2018-07-06 18:00:00,10.98,0.0
2018-07-07 00:00:00,4.714,0.0
2018-07-07 06:00:00,1.588,0.0
2018-07-07 12:00:00,0.051,0.0
2018-07-07 18:00:00,9.312,0.0
2018-07-08 00:00:00,4.115,0.0
2018-07-08 06:00:00,1.371,0.0
2018-07-08 12:00:00,0.079,0.0
2018-07-08 18:00:00,9.336,0.0
2018-07-09 00:00:00,3.827,0.0
2018-07-09 06:00:00,0.934,0.0
2018-07-09 12:00:00,-0.507,0.0
2018-07-09 18:00:00,9.114,0.0
2018-07-10 00:00:00,4.584,0.0
2018-07-10 06:00:00,2.101,0.0
2018-07-10 12:00:00,0.218,0.0
2018-07-10 18:00:00,7.368,0.0
2018-07-11 00:00:00,2.45,0.0
2018-07-11 06:00:00,-0.116,0.0
2018-07-11 12:00:00,-0.283,0.0
2018-07-11 18:00:00,8.494,0.0
2018-07-12 00:00:00,3.801,0.0
2018-07-12 06:00:00,1.751,0.0
2018-07-12 12:00:00,-0.171,0.0
2018-07-12 18:00:00,6.839,0.0
2018-07-13 00:00:00,3.301,0.0
2018-07-13 06:00:00,0.079,0.0
2018-07-13 12:00:00,-0.283,0.0
2018-07-13 18:00:00,7.242,0.0
2018-07-14 00:00:00,3.696,0.0
2018-07-14 06:00:00,0.384,0.0
2018-07-14 12:00:00,-0.93,0.0
2018-07-14 18:00:00,10.173,0.0
2018-07-15 00:00:00,2.93,0.0
2018-07-15 06:00:00,0.715,0.0
2018-07-15 12:00:00,-0.451,0.0
2018-07-15 18:00:00,10.516,0.0
2018-07-16 00:00:00,3.775,0.0
2018-07-16 06:00:00,0.907,0.0
2018-07-16 12:00:00,-1.27,0.0
2018-07-16 18:00:00,7.167,0.0
2018-07-17 00:00:00,3.327,0.0
2018-07-17 06:00:00,0.218,0.0
2018-07-17 12:00:00,0.962,0.0
2018-07-17 18:00:00,7.995,0.0
2018-07-18 00:00:00,4.428,0.0
2018-07-18 06:00:00,4.037,0.0
2018-07-18 12:00:00,2.85,0.0
2018-07-18 18:00:00,7.268,0.0
2018-07-19 00:00:00,3.168,0.0
2018-07-19 06:00:00,3.512,0.0
2018-07-19 12:00:00,2.823,0.0
2018-07-19 18:00:00,8.145,0.0
2018-07-20 00:00:00,3.617,0.0
2018-07-20 06:00:00,2.69,0.0
2018-07-20 12:00:00,2.37,0.0
2018-07-20 18:00:00,7.318,0.0
2018-07-21 00:00:00,4.792,0.0
2018-07-21 06:00:00,0.934,0.0
2018-07-21 12:00:00,2.209,0.0
2018-07-21 18:00:00,6.153,0.0
2018-07-22 00:00:00,5.411,0.0
2018-07-22 06:00:00,0.77,0.0
2018-07-22 12:00:00,-0.395,0.0
2018-07-22 18:00:00,10.736,0.0
2018-07-23 00:00:00,4.636,0.0
2018-07-23 06:00:00,1.751,0.0
2018-07-23 12:00:00,0.412,0.0
2018-07-23 18:00:00,10.932,0.0
2018-07-24 00:00:00,3.38,0.0
2018-07-24 06:00:00,0.577,0.0
2018-07-24 12:00:00,-0.088,0.0
2018-07-24 18:00:00,8.941,0.0
2018-07-25 00:00:00,4.141,0.0
2018-07-25 06:00:00,-0.367,0.0
2018-07-25 12:00:00,0.19,0.0
2018-07-25 18:00:00,9.188,0.0
2018-07-26 00:00:00,4.089,0.0
2018-07-26 06:00:00,1.751,0.0
2018-07-26 12:00:00,0.577,0.0
2018-07-26 18:00:00,9.287,0.0
2018-07-27 00:00:00,3.827,0.0
2018-07-27 06:00:00,0.605,0.0
2018-07-27 12:00:00,-0.732,0.0
2018-07-27 18:00:00,11.248,0.0
2018-07-28 00:00:00,4.168,0.0
2018-07-28 06:00:00,1.561,0.0
2018-07-28 12:00:00,0.825,0.0
2018-07-28 18:00:00,11.613,0.0
2018-07-29 00:00:00,3.88,0.0
2018-07-29 06:00:00,0.797,0.0
2018-07-29 12:00:00,-0.032,0.0
2018-07-29 18:00:00,11.273,0.0
2018-07-30 00:00:00,,0.0
2018-07-30 06:00:00,,0.0
2018-07-30 12:00:00,,0.0
2018-07-30 18:00:00,,0.0
2018-07-31 00:00:00,,0.0
2018-07-31 06:00:00,,0.0
2018-07-31 12:00:00,,0.0
2018-07-31 18:00:00,,0.0
2018-08-01 00:00:00,,0.0
2018-08-01 06:00:00,,0.0
2018-08-01 12:00:00,,0.0
2018-08-01 18:00:00,,0.0
2018-08-02 00:00:00,,0.0
2018-08-02 06:00:00,,0.0
2018-08-02 12:00:00,,0.0
2018-08-02 18:00:00,,0.0
2018-08-03 00:00:00,,0.0
2018-08-03 06:00:00,,0.0
2018-08-03 12:00:00,,0.0
2018-08-03 18:00:00,,0.0
2018-08-04 00:00:00,,0.2
2018-08-04 06:00:00,,0.0
2018-08-04 12:00:00,,0.0
2018-08-04 18:00:00,,0.0
2018-08-05 00:00:00,,0.0
2018-08-05 06:00:00,,0.0
2018-08-05 12:00:00,,0.0
2018-08-05 18:00:00,,0.0
2018-08-06 00:00:00,,0.0
2018-08-06 06:00:00,,0.0
2018-08-06 12:00:00,,0.0
2018-08-06 18:00:00,,0.0
2018-08-07 00:00:00,,0.0
2018-08-07 06:00:00,,0.0
2018-08-07 12:00:00,,0.0
2018-08-07 18:00:00,,0.0
2018-08-08 00:00:00,,0.0
2018-08-08 06:00:00,,0.0
2018-08-08 12:00:00,,0.0
2018-08-08 18:00:00,,1.4
2018-08-09 00:00:00,,0.0
2018-08-09 06:00:00,,0.0
2018-08-09 12:00:00,,0.0
2018-08-09 18:00:00,,0.0
2018-08-10 00:00:00,,0.0
2018-08-10 06:00:00,,0.0
2018-08-10 12:00:00,,0.0
2018-08-10 18:00:00,,0.0
2018-08-11 00:00:00,,0.0
2018-08-11 06:00:00,,0.0
2018-08-11 12:00:00,,0.0
2018-08-11 18:00:00,,0.0
2018-08-12 00:00:00,,0.0
2018-08-12 06:00:00,,0.0
2018-08-12 12:00:00,,0.0
2018-08-12 18:00:00,,0.0
2018-08-13 00:00:00,,0.0
2018-08-13 06:00:00,,0.0
2018-08-13 12:00:00,,0.0
2018-08-13 18:00:00,,0.0
2018-08-14 00:00:00,,0.0
2018-08-14 06:00:00,,0.0
2018-08-14 12:00:00,,0.0
2018-08-14 18:00:00,,0.0
2018-08-15 00:00:00,,0.0
2018-08-15 06:00:00,,0.0
2018-08-15 12:00:00,,0.0
2018-08-15 18:00:00,,0.0
2018-08-16 00:00:00,,0.0
2018-08-16 06:00:00,,0.0
2018-08-16 12:00:00,,0.0
2018-08-16 18:00:00,,0.0
2018-08-17 00:00:00,,0.0
2018-08-17 06:00:00,,0.0
2018-08-17 12:00:00,,0.0
2018-08-17 18:00:00,,0.0
2018-08-18 00:00:00,,0.0
2018-08-18 06:00:00,,0.0
2018-08-18 12:00:00,,0.0
2018-08-18 18:00:00,,0.0
2018-08-19 00:00:00,,0.0
2018-08-19 06:00:00,,0.0
2018-08-19 12:00:00,,0.0
2018-08-19 18:00:00,,0.0
2018-08-20 00:00:00,,0.0
2018-08-20 06:00:00,,0.0
2018-08-20 12:00:00,,0.0
2018-08-20 18:00:00,,0.0
2018-08-21 00:00:00,,0.0
2018-08-21 06:00:00,,0.0
2018-08-21 12:00:00,,0.0
2018-08-21 18:00:00,,0.0
2018-08-22 00:00:00,,0.0
2018-08-22 06:00:00,,0.0
2018-08-22 12:00:00,,0.0
2018-08-22 18:00:00,,0.0
2018-08-23 00:00:00,,0.0
2018-08-23 06:00:00,,0.0
2018-08-23 12:00:00,,0.0
2018-08-23 18:00:00,,0.0
2018-08-24 00:00:00,,0.0
2018-08-24 06:00:00,,0.0
2018-08-24 12:00:00,,0.0
2018-08-24 18:00:00,,0.0
2018-08-25 00:00:00,,0.0
2018-08-25 06:00:00,,0.0
2018-08-25 12:00:00,,0.0
2018-08-25 18:00:00,,0.0
2018-08-26 00:00:00,,0.0
2018-08-26 06:00:00,,0.0
2018-08-26 12:00:00,,0.0
2018-08-26 18:00:00,,0.0
2018-08-27 00:00:00,,0.0
2018-08-27 06:00:00,,0.0
2018-08-27 12:00:00,,0.0
2018-08-27 18:00:00,,0.0
2018-08-28 00:00:00,,0.0
2018-08-28 06:00:00,,0.0
2018-08-28 12:00:00,,0.0
2018-08-28 18:00:00,,0.0
2018-08-29 00:00:00,,0.0
2018-08-29 06:00:00,,0.0
2018-08-29 12:00:00,,0.0
2018-08-29 18:00:00,,0.0
2018-08-30 00:00:00,,0.0
2018-08-30 06:00:00,,0.0
2018-08-30 12:00:00,,0.0
2018-08-30 18:00:00,,0.0
2018-08-31 00:00:00,,0.0
2018-08-31 06:00:00,,0.0
2018-08-31 12:00:00,,0.0
2018-08-31 18:00:00,,0.0
2018-09-01 00:00:00,,0.0
2018-09-01 06:00:00,,0.0
2018-09-01 12:00:00,,0.0
2018-09-01 18:00:00,,0.0
2018-09-02 00:00:00,,0.0
2018-09-02 06:00:00,,0.0
2018-09-02 12:00:00,,0.0
2018-09-02 18:00:00,,0.0
2018-09-03 00:00:00,,0.0
2018-09-03 06:00:00,,0.0
2018-09-03 12:00:00,,0.0
2018-09-03 18:00:00,,0.0
2018-09-04 00:00:00,,0.0
2018-09-04 06:00:00,,0.0
2018-09-04 12:00:00,,0.0
2018-09-04 18:00:00,,0.0
2018-09-05 00:00:00,,0.0
2018-09-05 06:00:00,,0.0
2018-09-05 12:00:00,,0.0
2018-09-05 18:00:00,,0.0
2018-09-06 00:00:00,,0.0
2018-09-06 06:00:00,,0.0
2018-09-06 12:00:00,,0.0
2018-09-06 18:00:00,,0.0
2018-09-07 00:00:00,,0.0
2018-09-07 06:00:00,,0.0
2018-09-07 12:00:00,,0.0
2018-09-07 18:00:00,,0.0
2018-09-08 00:00:00,,0.0
2018-09-08 06:00:00,,0.0
2018-09-08 12:00:00,,0.0
2018-09-08 18:00:00,,0.0
2018-09-09 00:00:00,,0.0
2018-09-09 06:00:00,,0.0
2018-09-09 12:00:00,,0.0
2018-09-09 18:00:00,,0.0
2018-09-10 00:00:00,,0.0
2018-09-10 06:00:00,,0.0
2018-09-10 12:00:00,,0.0
2018-09-10 18:00:00,,0.0
2018-09-11 00:00:00,,0.0
2018-09-11 06:00:00,,0.0
2018-09-11 12:00:00,,0.0
2018-09-11 18:00:00,,0.0
2018-09-12 00:00:00,,0.0
2018-09-12 06:00:00,,0.0
2018-09-12 12:00:00,,0.0
2018-09-12 18:00:00,,0.0
2018-09-13 00:00:00,,0.0
2018-09-13 06:00:00,,0.0
2018-09-13 12:00:00,,0.0
2018-09-13 18:00:00,,0.0
2018-09-14 00:00:00,,0.0
2018-09-14 06:00:00,,0.0
2018-09-14 12:00:00,,0.0
2018-09-14 18:00:00,,0.0
2018-09-15 00:00:00,,0.0
2018-09-15 06:00:00,,0.0
2018-09-15 12:00:00,,0.0
2018-09-15 18:00:00,,0.0
2018-09-16 00:00:00,,0.0
2018-09-16 06:00:00,,0.0
2018-09-16 12:00:00,,0.0
2018-09-16 18:00:00,,0.0
2018-09-17 00:00:00,,0.2
2018-09-17 06:00:00,,0.0
2018-09-17 12:00:00,,0.0
2018-09-17 18:00:00,,0.0
2018-09-18 00:00:00,,0.0
2018-09-18 06:00:00,,0.6
2018-09-18 12:00:00,,0.0
2018-09-18 18:00:00,,0.0
2018-09-19 00:00:00,,0.0
2018-09-19 06:00:00,,0.0
2018-09-19 12:00:00,,0.0
2018-09-19 18:00:00,,0.0
2018-09-20 00:00:00,,0.0
2018-09-20 06:00:00,,0.0
2018-09-20 12:00:00,,0.0
2018-09-20 18:00:00,,0.0
2018-09-21 00:00:00,,0.0
2018-09-21 06:00:00,,0.0
2018-09-21 12:00:00,,0.0
2018-09-21 18:00:00,,0.0
2018-09-22 00:00:00,,0.0
2018-09-22 06:00:00,,0.0
2018-09-22 12:00:00,,0.0
2018-09-22 18:00:00,,0.0
2018-09-23 00:00:00,,0.0
2018-09-23 06:00:00,,0.0
2018-09-23 12:00:00,,0.0
2018-09-23 18:00:00,,0.0
2018-09-24 00:00:00,,0.0
2018-09-24 06:00:00,,0.4
2018-09-24 12:00:00,,0.2
2018-09-24 18:00:00,,0.0
2018-09-25 00:00:00,,0.0
2018-09-25 06:00:00,,0.0
2018-09-25 12:00:00,,0.0
2018-09-25 18:00:00,,0.0
2018-09-26 00:00:00,,0.0
2018-09-26 06:00:00,,0.0
2018-09-26 12:00:00,,0.0
2018-09-26 18:00:00,,0.0
2018-09-27 00:00:00,,0.0
2018-09-27 06:00:00,,0.0
2018-09-27 12:00:00,,0.0
2018-09-27 18:00:00,,0.0
2018-09-28 00:00:00,,0.0
2018-09-28 06:00:00,,0.0
2018-09-28 12:00:00,,0.0
2018-09-28 18:00:00,,0.0
2018-09-29 00:00:00,,0.0
2018-09-29 06:00:00,,0.0
2018-09-29 12:00:00,,0.0
2018-09-29 18:00:00,,0.0
2018-09-30 00:00:00,,0.0
2018-09-30 06:00:00,,0.0
2018-09-30 12:00:00,,0.0
2018-09-30 18:00:00,,0.0
2018-10-01 00:00:00,,0.0
2018-10-01 06:00:00,,0.0
2018-10-01 12:00:00,,0.0
2018-10-01 18:00:00,,0.4
2018-10-02 00:00:00,,0.0
2018-10-02 06:00:00,,0.0
2018-10-02 12:00:00,,0.0
2018-10-02 18:00:00,,0.0
2018-10-03 00:00:00,,0.0
2018-10-03 06:00:00,,0.0
2018-10-03 12:00:00,,0.0
2018-10-03 18:00:00,,0.0
2018-10-04 00:00:00,,0.0
2018-10-04 06:00:00,,0.0
2018-10-04 12:00:00,,0.0
2018-10-04 18:00:00,,0.0
2018-10-05 00:00:00,,0.0
2018-10-05 06:00:00,,0.0
2018-10-05 12:00:00,,0.0
2018-10-05 18:00:00,,0.0
2018-10-06 00:00:00,,0.2
2018-10-06 06:00:00,,0.0
2018-10-06 12:00:00,,0.0
2018-10-06 18:00:00,,0.0
2018-10-07 00:00:00,,0.0
2018-10-07 06:00:00,,0.0
2018-10-07 12:00:00,,0.0
2018-10-07 18:00:00,,0.0
2018-10-08 00:00:00,,0.0
2018-10-08 06:00:00,,0.0
2018-10-08 12:00:00,,0.0
2018-10-08 18:00:00,,0.0
2018-10-09 00:00:00,,0.0
2018-10-09 06:00:00,,0.0
2018-10-09 12:00:00,,0.0
2018-10-09 18:00:00,,0.0
2018-10-10 00:00:00,,0.0
2018-10-10 06:00:00,,0.0
2018-10-10 12:00:00,,0.0
2018-10-10 18:00:00,,0.0
2018-10-11 00:00:00,,0.0
2018-10-11 06:00:00,,0.0
2018-10-11 12:00:00,,0.0
2018-10-11 18:00:00,,0.0
2018-10-12 00:00:00,,0.0
2018-10-12 06:00:00,,0.0
2018-10-12 12:00:00,,0.0
2018-10-12 18:00:00,,0.0
2018-10-13 00:00:00,,0.0
2018-10-13 06:00:00,,0.0
2018-10-13 12:00:00,,0.0
2018-10-13 18:00:00,,0.0
2018-10-14 00:00:00,,0.0
2018-10-14 06:00:00,,0.0
2018-10-14 12:00:00,,0.0
2018-10-14 18:00:00,,0.0
2018-10-15 00:00:00,,0.0
2018-10-15 06:00:00,,0.0
2018-10-15 12:00:00,,0.0
2018-10-15 18:00:00,,0.0
2018-10-16 00:00:00,,0.0
2018-10-16 06:00:00,,0.0
2018-10-16 12:00:00,,0.0
2018-10-16 18:00:00,,0.0
2018-10-17 00:00:00,,0.2
2018-10-17 06:00:00,,0.0
2018-10-17 12:00:00,,0.0
2018-10-17 18:00:00,,0.0
2018-10-18 00:00:00,,0.0
2018-10-18 06:00:00,,0.0
2018-10-18 12:00:00,,0.0
2018-10-18 18:00:00,,0.0
2018-10-19 00:00:00,,0.0
2018-10-19 06:00:00,,1.0
2018-10-19 12:00:00,,0.6
2018-10-19 18:00:00,,0.0
2018-10-20 00:00:00,,0.0
2018-10-20 06:00:00,,0.0
2018-10-20 12:00:00,,0.0
2018-10-20 18:00:00,,0.0
2018-10-21 00:00:00,,1.2
2018-10-21 06:00:00,,0.0
2018-10-21 12:00:00,,1.0
2018-10-21 18:00:00,,0.0
2018-10-22 00:00:00,,0.2
2018-10-22 06:00:00,,0.0
2018-10-22 12:00:00,,0.0
2018-10-22 18:00:00,,0.0
2018-10-23 00:00:00,,0.0
2018-10-23 06:00:00,,0.0
2018-10-23 12:00:00,,0.0
2018-10-23 18:00:00,,0.0
2018-10-24 00:00:00,,0.6
2018-10-24 06:00:00,,0.2
2018-10-24 12:00:00,,0.0
2018-10-24 18:00:00,,0.0
2018-10-25 00:00:00,,0.0
2018-10-25 06:00:00,,0.0
2018-10-25 12:00:00,,0.0
2018-10-25 18:00:00,,0.0
2018-10-26 00:00:00,,0.2
2018-10-26 06:00:00,,0.0
2018-10-26 12:00:00,,0.0
2018-10-26 18:00:00,,0.0
2018-10-27 00:00:00,,0.2
2018-10-27 06:00:00,,0.0
2018-10-27 12:00:00,,0.0
2018-10-27 18:00:00,,0.0
2018-10-28 00:00:00,,0.0
2018-10-28 06:00:00,,0.0
2018-10-28 12:00:00,,0.0
2018-10-28 18:00:00,,0.0
2018-10-29 00:00:00,,0.0
2018-10-29 06:00:00,,0.0
2018-10-29 12:00:00,,0.0
2018-10-29 18:00:00,,0.0
2018-10-30 00:00:00,,0.0
2018-10-30 06:00:00,,0.2
2018-10-30 12:00:00,,0.0
2018-10-30 18:00:00,,0.0
2018-10-31 00:00:00,,0.0
2018-10-31 06:00:00,,0.4
2018-10-31 12:00:00,,0.0
2018-10-31 18:00:00,,0.0
2018-11-01 00:00:00,,0.0
2018-11-01 06:00:00,,0.0
2018-11-01 12:00:00,,0.0
2018-11-01 18:00:00,,0.0
2018-11-02 00:00:00,,0.2
2018-11-02 06:00:00,,0.0
2018-11-02 12:00:00,,0.0
2018-11-02 18:00:00,,0.0
2018-11-03 00:00:00,,0.0
2018-11-03 06:00:00,,0.0
2018-11-03 12:00:00,,0.0
2018-11-03 18:00:00,,0.0
2018-11-04 00:00:00,,0.0
2018-11-04 06:00:00,,0.2
2018-11-04 12:00:00,,0.0
2018-11-04 18:00:00,,0.0
2018-11-05 00:00:00,,0.0
2018-11-05 06:00:00,,0.0
2018-11-05 12:00:00,,0.0
2018-11-05 18:00:00,,0.0
2018-11-06 00:00:00,,0.0
2018-11-06 06:00:00,,0.0
2018-11-06 12:00:00,,0.0
2018-11-06 18:00:00,,0.0
2018-11-07 00:00:00,,0.0
2018-11-07 06:00:00,,0.0
2018-11-07 12:00:00,,0.0
2018-11-07 18:00:00,,0.0
2018-11-08 00:00:00,,0.2
2018-11-08 06:00:00,,0.0
2018-11-08 12:00:00,,0.0
2018-11-08 18:00:00,,0.0
2018-11-09 00:00:00,,0.0
2018-11-09 06:00:00,,0.0
2018-11-09 12:00:00,,0.0
2018-11-09 18:00:00,,0.0
2018-11-10 00:00:00,,0.0
2018-11-10 06:00:00,,0.0
2018-11-10 12:00:00,,0.0
2018-11-10 18:00:00,,0.0
2018-11-11 00:00:00,,0.0
2018-11-11 06:00:00,,1.0
2018-11-11 12:00:00,,0.0
2018-11-11 18:00:00,,0.6
2018-11-12 00:00:00,,0.0
2018-11-12 06:00:00,,0.0
2018-11-12 12:00:00,,0.0
2018-11-12 18:00:00,,0.0
2018-11-13 00:00:00,,0.0
2018-11-13 06:00:00,,0.0
2018-11-13 12:00:00,,0.0
2018-11-13 18:00:00,,0.0
2018-11-14 00:00:00,,0.0
2018-11-14 06:00:00,,0.0
2018-11-14 12:00:00,,0.0
2018-11-14 18:00:00,,0.0
2018-11-15 00:00:00,,0.2
2018-11-15 06:00:00,,0.0
2018-11-15 12:00:00,,0.6
2018-11-15 18:00:00,,0.0
2018-11-16 00:00:00,,1.2
2018-11-16 06:00:00,,0.0
2018-11-16 12:00:00,,0.0
2018-11-16 18:00:00,,0.0
2018-11-17 00:00:00,,0.0
2018-11-17 06:00:00,,0.0
2018-11-17 12:00:00,,0.0
2018-11-17 18:00:00,,0.0
2018-11-18 00:00:00,,0.0
2018-11-18 06:00:00,,0.0
2018-11-18 12:00:00,,0.0
2018-11-18 18:00:00,,0.2
2018-11-19 00:00:00,,0.8
2018-11-19 06:00:00,,0.0
2018-11-19 12:00:00,,0.0
2018-11-19 18:00:00,,0.0
2018-11-20 00:00:00,,0.0
2018-11-20 06:00:00,,0.2
2018-11-20 12:00:00,,0.0
2018-11-20 18:00:00,,0.2
2018-11-21 00:00:00,,1.2
2018-11-21 06:00:00,,0.0
2018-11-21 12:00:00,,0.0
2018-11-21 18:00:00,,0.0
2018-11-22 00:00:00,,0.0
2018-11-22 06:00:00,,0.0
2018-11-22 12:00:00,,0.0
2018-11-22 18:00:00,,0.0
2018-11-23 00:00:00,,0.0
2018-11-23 06:00:00,,0.0
2018-11-23 12:00:00,,0.0
2018-11-23 18:00:00,,0.0
2018-11-24 00:00:00,,0.8
2018-11-24 06:00:00,,0.0
2018-11-24 12:00:00,,1.2
2018-11-24 18:00:00,,0.0
2018-11-25 00:00:00,,0.0
2018-11-25 06:00:00,,0.0
2018-11-25 12:00:00,,0.0
2018-11-25 18:00:00,,0.0
2018-11-26 00:00:00,,0.4
2018-11-26 06:00:00,,0.6
2018-11-26 12:00:00,,0.2
2018-11-26 18:00:00,,0.2
2018-11-27 00:00:00,,0.0
2018-11-27 06:00:00,,0.0
2018-11-27 12:00:00,,0.0
2018-11-27 18:00:00,,0.0
2018-11-28 00:00:00,,0.0
2018-11-28 06:00:00,,0.0
2018-11-28 12:00:00,,0.0
2018-11-28 18:00:00,,0.0
2018-11-29 00:00:00,,0.0
2018-11-29 06:00:00,,0.0
2018-11-29 12:00:00,,0.0
2018-11-29 18:00:00,,0.0
2018-11-30 00:00:00,,0.0
2018-11-30 06:00:00,,0.0
2018-11-30 12:00:00,,0.0
2018-11-30 18:00:00,,0.0
2018-12-01 00:00:00,,0.0
2018-12-01 06:00:00,,0.0
2018-12-01 12:00:00,,0.0
2018-12-01 18:00:00,,0.0
2018-12-02 00:00:00,,0.0
2018-12-02 06:00:00,,0.0
2018-12-02 12:00:00,,0.0
2018-12-02 18:00:00,,0.0
2018-12-03 00:00:00,,0.0
2018-12-03 06:00:00,,0.0
2018-12-03 12:00:00,,0.0
2018-12-03 18:00:00,,0.0
2018-12-04 00:00:00,,0.0
2018-12-04 06:00:00,,0.0
2018-12-04 12:00:00,,0.0
2018-12-04 18:00:00,,0.0
2018-12-05 00:00:00,,0.0
2018-12-05 06:00:00,,0.0
2018-12-05 12:00:00,,0.0
2018-12-05 18:00:00,,0.0
2018-12-06 00:00:00,,0.0
2018-12-06 06:00:00,,0.0
2018-12-06 12:00:00,,0.0
2018-12-06 18:00:00,,0.0
2018-12-07 00:00:00,,0.0
2018-12-07 06:00:00,,0.0
2018-12-07 12:00:00,,0.2
2018-12-07 18:00:00,,0.4
2018-12-08 00:00:00,,0.0
2018-12-08 06:00:00,,0.0
2018-12-08 12:00:00,,0.0
2018-12-08 18:00:00,,0.0
2018-12-09 00:00:00,,0.2
2018-12-09 06:00:00,,0.0
2018-12-09 12:00:00,,0.0
2018-12-09 18:00:00,,0.0
2018-12-10 00:00:00,,0.0
2018-12-10 06:00:00,,0.0
2018-12-10 12:00:00,,0.0
2018-12-10 18:00:00,,0.0
2018-12-11 00:00:00,,0.0
2018-12-11 06:00:00,,0.0
2018-12-11 12:00:00,,0.2
2018-12-11 18:00:00,,0.2
2018-12-12 00:00:00,,0.2
2018-12-12 06:00:00,,0.0
2018-12-12 12:00:00,,0.0
2018-12-12 18:00:00,,0.0
2018-12-13 00:00:00,,0.0
2018-12-13 06:00:00,,0.0
2018-12-13 12:00:00,,0.0
2018-12-13 18:00:00,,0.0
2018-12-14 00:00:00,,0.0
2018-12-14 06:00:00,,0.0
2018-12-14 12:00:00,,0.2
2018-12-14 18:00:00,,0.0
2018-12-15 00:00:00,,0.0
2018-12-15 06:00:00,,0.0
2018-12-15 12:00:00,,0.0
2018-12-15 18:00:00,,0.0
2018-12-16 00:00:00,,0.0
2018-12-16 06:00:00,,0.0
2018-12-16 12:00:00,,0.0
2018-12-16 18:00:00,,0.2
2018-12-17 00:00:00,,0.0
2018-12-17 06:00:00,,0.6
2018-12-17 12:00:00,,0.0
2018-12-17 18:00:00,,0.0
2018-12-18 00:00:00,,0.8
2018-12-18 06:00:00,,0.0
2018-12-18 12:00:00,,0.0
2018-12-18 18:00:00,,0.0
2018-12-19 00:00:00,,0.4
2018-12-19 06:00:00,,0.0
2018-12-19 12:00:00,,0.0
2018-12-19 18:00:00,,0.2
2018-12-20 00:00:00,,0.6
2018-12-20 06:00:00,,0.2
2018-12-20 12:00:00,,0.4
2018-12-20 18:00:00,,0.0
2018-12-21 00:00:00,,0.4
2018-12-21 06:00:00,,0.8
2018-12-21 12:00:00,,0.0
2018-12-21 18:00:00,,0.8
2018-12-22 00:00:00,,0.0
2018-12-22 06:00:00,,0.2
2018-12-22 12:00:00,,0.0
2018-12-22 18:00:00,,0.0
2018-12-23 00:00:00,,0.0
2018-12-23 06:00:00,,0.0
2018-12-23 12:00:00,,0.0
2018-12-23 18:00:00,,0.0
2018-12-24 00:00:00,,0.6
2018-12-24 06:00:00,,0.0
2018-12-24 12:00:00,,0.0
2018-12-24 18:00:00,,0.0
2018-12-25 00:00:00,,0.0
2018-12-25 06:00:00,,0.0
2018-12-25 12:00:00,,0.0
2018-12-25 18:00:00,,0.0
2018-12-26 00:00:00,,0.0
2018-12-26 06:00:00,,0.0
2018-12-26 12:00:00,,0.0
2018-12-26 18:00:00,,0.0
2018-12-27 00:00:00,,0.0
2018-12-27 06:00:00,,0.0
2018-12-27 12:00:00,,0.0
2018-12-27 18:00:00,,0.0
2018-12-28 00:00:00,,0.0
2018-12-28 06:00:00,,0.2
2018-12-28 12:00:00,,0.0
2018-12-28 18:00:00,,0.0
2018-12-29 00:00:00,,0.0
2018-12-29 06:00:00,,0.0
2018-12-29 12:00:00,,0.0
2018-12-29 18:00:00,,0.0
2018-12-30 00:00:00,,0.0
2018-12-30 06:00:00,,0.0
2018-12-30 12:00:00,,0.0
2018-12-30 18:00:00,,0.0
2018-12-31 00:00:00,,0.0
2018-12-31 06:00:00,,0.0
2018-12-31 12:00:00,,0.0
2018-12-31 18:00:00,,0.0
2019-01-01 00:00:00,,0.0
2019-01-01 06:00:00,,0.0
2019-01-01 12:00:00,,0.0
2019-01-01 18:00:00,,0.0
2019-01-02 00:00:00,,0.0
2019-01-02 06:00:00,,0.0
2019-01-02 12:00:00,,0.0
2019-01-02 18:00:00,,0.0
2019-01-03 00:00:00,,0.0
2019-01-03 06:00:00,,0.0
2019-01-03 12:00:00,,0.0
2019-01-03 18:00:00,,0.0
2019-01-04 00:00:00,,0.0
2019-01-04 06:00:00,,0.0
2019-01-04 12:00:00,,0.0
2019-01-04 18:00:00,,0.0
2019-01-05 00:00:00,,0.0
2019-01-05 06:00:00,,0.0
2019-01-05 12:00:00,,0.0
2019-01-05 18:00:00,,0.0
2019-01-06 00:00:00,,0.2
2019-01-06 06:00:00,,0.0
2019-01-06 12:00:00,,0.0
2019-01-06 18:00:00,,0.0
2019-01-07 00:00:00,,0.4
2019-01-07 06:00:00,,0.0
2019-01-07 12:00:00,,0.0
2019-01-07 18:00:00,,0.0
2019-01-08 00:00:00,,1.2
2019-01-08 06:00:00,,0.0
2019-01-08 12:00:00,,0.0
2019-01-08 18:00:00,,0.0
2019-01-09 00:00:00,,0.6
2019-01-09 06:00:00,,0.0
2019-01-09 12:00:00,,0.0
2019-01-09 18:00:00,,0.0
2019-01-10 00:00:00,,0.8
2019-01-10 06:00:00,,0.0
2019-01-10 12:00:00,,0.0
2019-01-10 18:00:00,,0.0
2019-01-11 00:00:00,,0.2
2019-01-11 06:00:00,,0.0
2019-01-11 12:00:00,,0.2
2019-01-11 18:00:00,,0.0
2019-01-12 00:00:00,,0.0
2019-01-12 06:00:00,,0.0
2019-01-12 12:00:00,,0.0
2019-01-12 18:00:00,,0.0
2019-01-13 00:00:00,,0.0
2019-01-13 06:00:00,,0.2
2019-01-13 12:00:00,,0.0
2019-01-13 18:00:00,,0.0
2019-01-14 00:00:00,,0.0
2019-01-14 06:00:00,,0.0
2019-01-14 12:00:00,,0.0
2019-01-14 18:00:00,,0.0
2019-01-15 00:00:00,,0.0
2019-01-15 06:00:00,,0.0
2019-01-15 12:00:00,,0.0
2019-01-15 18:00:00,,0.0
2019-01-16 00:00:00,,0.4
2019-01-16 06:00:00,,0.0
2019-01-16 12:00:00,,0.0
2019-01-16 18:00:00,,0.0
2019-01-17 00:00:00,,0.0
2019-01-17 06:00:00,,0.2
2019-01-17 12:00:00,,0.2
2019-01-17 18:00:00,,0.0
2019-01-18 00:00:00,,0.4
2019-01-18 06:00:00,,0.0
2019-01-18 12:00:00,,0.2
2019-01-18 18:00:00,,0.0
2019-01-19 00:00:00,,1.4
2019-01-19 06:00:00,,0.0
2019-01-19 12:00:00,,0.0
2019-01-19 18:00:00,,0.0
2019-01-20 00:00:00,,0.0
2019-01-20 06:00:00,,0.0
2019-01-20 12:00:00,,0.0
2019-01-20 18:00:00,,0.0
2019-01-21 00:00:00,,1.2
2019-01-21 06:00:00,,0.0
2019-01-21 12:00:00,,0.0
2019-01-21 18:00:00,,0.0
2019-01-22 00:00:00,,0.6
2019-01-22 06:00:00,,0.2
2019-01-22 12:00:00,,0.0
2019-01-22 18:00:00,,0.8
2019-01-23 00:00:00,,0.8
2019-01-23 06:00:00,,0.2
2019-01-23 12:00:00,,0.0
2019-01-23 18:00:00,,0.0
2019-01-24 00:00:00,,0.2
2019-01-24 06:00:00,,0.0
2019-01-24 12:00:00,,0.0
2019-01-24 18:00:00,,0.0
2019-01-25 00:00:00,,0.4
2019-01-25 06:00:00,,1.0
2019-01-25 12:00:00,,0.0
2019-01-25 18:00:00,,0.0
2019-01-26 00:00:00,,0.0
2019-01-26 06:00:00,,0.0
2019-01-26 12:00:00,,0.6
2019-01-26 18:00:00,,0.0
2019-01-27 00:00:00,,0.2
2019-01-27 06:00:00,,0.0
2019-01-27 12:00:00,,0.0
2019-01-27 18:00:00,,0.0
2019-01-28 00:00:00,,0.0
2019-01-28 06:00:00,,0.0
2019-01-28 12:00:00,,0.0
2019-01-28 18:00:00,,0.2
2019-01-29 00:00:00,,0.0
2019-01-29 06:00:00,,0.0
2019-01-29 12:00:00,,0.0
2019-01-29 18:00:00,,0.0
2019-01-30 00:00:00,,1.2
2019-01-30 06:00:00,,0.0
2019-01-30 12:00:00,,0.0
2019-01-30 18:00:00,,0.0
2019-01-31 00:00:00,,0.0
2019-01-31 06:00:00,,0.0
2019-01-31 12:00:00,,0.2
2019-01-31 18:00:00,,0.0
2019-02-01 00:00:00,,0.0
2019-02-01 06:00:00,,0.2
2019-02-01 12:00:00,,0.0
2019-02-01 18:00:00,,0.0
2019-02-02 00:00:00,,0.0
2019-02-02 06:00:00,,0.0
2019-02-02 12:00:00,,0.0
2019-02-02 18:00:00,,0.0
2019-02-03 00:00:00,,0.0
2019-02-03 06:00:00,,0.0
2019-02-03 12:00:00,,0.0
2019-02-03 18:00:00,,0.0
2019-02-04 00:00:00,,0.0
2019-02-04 06:00:00,,0.0
2019-02-04 12:00:00,,0.0
2019-02-04 18:00:00,,0.4
2019-02-05 00:00:00,,0.4
2019-02-05 06:00:00,,0.2
2019-02-05 12:00:00,,0.2
2019-02-05 18:00:00,,0.2
2019-02-06 00:00:00,,0.0
2019-02-06 06:00:00,,0.2
2019-02-06 12:00:00,,0.0
2019-02-06 18:00:00,,0.0
2019-02-07 00:00:00,,0.4
2019-02-07 06:00:00,,0.2
2019-02-07 12:00:00,,0.2
2019-02-07 18:00:00,,0.0
2019-02-08 00:00:00,,0.2
2019-02-08 06:00:00,,0.0
2019-02-08 12:00:00,,0.2
2019-02-08 18:00:00,,0.0
2019-02-09 00:00:00,,0.4
2019-02-09 06:00:00,,0.0
2019-02-09 12:00:00,,0.4
2019-02-09 18:00:00,,0.0
2019-02-10 00:00:00,,1.0
2019-02-10 06:00:00,,0.0
2019-02-10 12:00:00,,0.2
2019-02-10 18:00:00,,0.0
2019-02-11 00:00:00,,1.0
2019-02-11 06:00:00,,1.2
2019-02-11 12:00:00,,0.2
2019-02-11 18:00:00,,0.0
2019-02-12 00:00:00,,0.0
2019-02-12 06:00:00,,0.6
2019-02-12 12:00:00,,0.0
2019-02-12 18:00:00,,0.4
2019-02-13 00:00:00,,1.0
2019-02-13 06:00:00,,0.0
2019-02-13 12:00:00,,0.0
2019-02-13 18:00:00,,0.0
2019-02-14 00:00:00,,1.0
2019-02-14 06:00:00,,0.0
2019-02-14 12:00:00,,0.0
2019-02-14 18:00:00,,0.0
2019-02-15 00:00:00,,0.0
2019-02-15 06:00:00,,0.0
2019-02-15 12:00:00,,0.0
2019-02-15 18:00:00,,0.0
2019-02-16 00:00:00,,0.4
2019-02-16 06:00:00,,0.4
2019-02-16 12:00:00,,0.0
2019-02-16 18:00:00,,0.0
2019-02-17 00:00:00,,1.6
2019-02-17 06:00:00,,0.0
2019-02-17 12:00:00,,0.0
2019-02-17 18:00:00,,0.0
2019-02-18 00:00:00,,0.4
2019-02-18 06:00:00,,0.0
2019-02-18 12:00:00,,0.0
2019-02-18 18:00:00,,0.0
2019-02-19 00:00:00,,0.0
2019-02-19 06:00:00,,0.2
2019-02-19 12:00:00,,0.2
2019-02-19 18:00:00,,0.0
2019-02-20 00:00:00,,0.0
2019-02-20 06:00:00,,0.8
2019-02-20 12:00:00,,0.0
2019-02-20 18:00:00,,0.2
2019-02-21 00:00:00,,0.0
2019-02-21 06:00:00,,0.0
2019-02-21 12:00:00,,0.0
2019-02-21 18:00:00,,0.0
2019-02-22 00:00:00,,0.0
2019-02-22 06:00:00,,0.0
2019-02-22 12:00:00,,0.0
2019-02-22 18:00:00,,0.0
2019-02-23 00:00:00,,0.0
2019-02-23 06:00:00,,0.0
2019-02-23 12:00:00,,0.2
2019-02-23 18:00:00,,0.4
2019-02-24 00:00:00,,0.0
2019-02-24 06:00:00,,0.0
2019-02-24 12:00:00,,0.0
2019-02-24 18:00:00,,0.0
2019-02-25 00:00:00,,0.0
2019-02-25 06:00:00,,0.0
2019-02-25 12:00:00,,0.0
2019-02-25 18:00:00,,0.0
2019-02-26 00:00:00,,0.0
2019-02-26 06:00:00,,0.0
2019-02-26 12:00:00,,0.0
2019-02-26 18:00:00,,0.0
2019-02-27 00:00:00,,0.2
2019-02-27 06:00:00,,0.2
2019-02-27 12:00:00,,0.0
2019-02-27 18:00:00,,0.0
2019-02-28 00:00:00,,0.0
2019-02-28 06:00:00,,0.0
2019-02-28 12:00:00,,0.0
2019-02-28 18:00:00,,0.0
2019-03-01 00:00:00,,0.0
2019-03-01 06:00:00,,0.2
2019-03-01 12:00:00,,0.0
2019-03-01 18:00:00,,0.2
2019-03-02 00:00:00,,0.6
2019-03-02 06:00:00,,0.0
2019-03-02 12:00:00,,0.0
2019-03-02 18:00:00,,0.0
2019-03-03 00:00:00,,0.0
2019-03-03 06:00:00,,0.0
2019-03-03 12:00:00,,0.0
2019-03-03 18:00:00,,0.0
2019-03-04 00:00:00,,0.0
2019-03-04 06:00:00,,0.0
2019-03-04 12:00:00,,0.0
2019-03-04 18:00:00,,0.0
2019-03-05 00:00:00,,0.4
2019-03-05 06:00:00,,0.0
2019-03-05 12:00:00,,0.0
2019-03-05 18:00:00,,0.0
2019-03-06 00:00:00,,0.0
2019-03-06 06:00:00,,0.0
2019-03-06 12:00:00,,0.2
2019-03-06 18:00:00,,0.0
2019-03-07 00:00:00,,0.0
2019-03-07 06:00:00,,0.0
2019-03-07 12:00:00,,0.0
2019-03-07 18:00:00,,0.0
2019-03-08 00:00:00,,2.0
2019-03-08 06:00:00,,0.0
2019-03-08 12:00:00,,0.0
2019-03-08 18:00:00,,0.0
2019-03-09 00:00:00,,0.0
2019-03-09 06:00:00,,0.0
2019-03-09 12:00:00,,0.0
2019-03-09 18:00:00,,0.0
2019-03-10 00:00:00,,0.0
2019-03-10 06:00:00,,0.0
2019-03-10 12:00:00,,0.0
2019-03-10 18:00:00,,0.0
2019-03-11 00:00:00,,0.4
2019-03-11 06:00:00,,0.2
2019-03-11 12:00:00,,0.0
2019-03-11 18:00:00,,0.0
2019-03-12 00:00:00,,0.0
2019-03-12 06:00:00,,0.0
2019-03-12 12:00:00,,0.0
2019-03-12 18:00:00,,0.0
2019-03-13 00:00:00,,0.0
2019-03-13 06:00:00,,0.2
2019-03-13 12:00:00,,0.0
2019-03-13 18:00:00,,0.0
2019-03-14 00:00:00,,0.0
2019-03-14 06:00:00,,0.0
2019-03-14 12:00:00,,0.0
2019-03-14 18:00:00,,0.0
2019-03-15 00:00:00,,0.0
2019-03-15 06:00:00,,0.2
2019-03-15 12:00:00,,0.6
2019-03-15 18:00:00,,0.0
2019-03-16 00:00:00,,1.0
2019-03-16 06:00:00,,0.0
2019-03-16 12:00:00,,0.0
2019-03-16 18:00:00,,0.0
2019-03-17 00:00:00,,0.0
2019-03-17 06:00:00,,0.0
2019-03-17 12:00:00,,0.6
2019-03-17 18:00:00,,0.0
2019-03-18 00:00:00,,0.0
2019-03-18 06:00:00,,0.2
2019-03-18 12:00:00,,0.6
2019-03-18 18:00:00,,0.0
2019-03-19 00:00:00,,0.0
2019-03-19 06:00:00,,0.0
2019-03-19 12:00:00,,0.0
2019-03-19 18:00:00,,0.0
2019-03-20 00:00:00,,0.2
2019-03-20 06:00:00,,0.0
2019-03-20 12:00:00,,0.0
2019-03-20 18:00:00,,0.0
2019-03-21 00:00:00,,0.4
2019-03-21 06:00:00,,0.2
2019-03-21 12:00:00,,0.0
2019-03-21 18:00:00,,0.0
2019-03-22 00:00:00,,0.8
2019-03-22 06:00:00,,0.0
2019-03-22 12:00:00,,0.0
2019-03-22 18:00:00,,0.0
2019-03-23 00:00:00,,0.2
2019-03-23 06:00:00,,0.0
2019-03-23 12:00:00,,0.0
2019-03-23 18:00:00,,0.0
2019-03-24 00:00:00,,2.601
2019-03-24 06:00:00,,0.6
2019-03-24 12:00:00,,0.0
2019-03-24 18:00:00,,0.0
2019-03-25 00:00:00,,0.4
2019-03-25 06:00:00,,0.0
2019-03-25 12:00:00,,0.0
2019-03-25 18:00:00,,0.2
2019-03-26 00:00:00,,0.0
2019-03-26 06:00:00,,0.0
2019-03-26 12:00:00,,0.0
2019-03-26 18:00:00,,0.2
2019-03-27 00:00:00,,0.0
2019-03-27 06:00:00,,0.8
2019-03-27 12:00:00,,0.0
2019-03-27 18:00:00,,0.0
2019-03-28 00:00:00,,0.0
2019-03-28 06:00:00,,0.0
2019-03-28 12:00:00,,0.0
2019-03-28 18:00:00,,0.2
2019-03-29 00:00:00,,0.2
2019-03-29 06:00:00,,0.0
2019-03-29 12:00:00,,0.6
2019-03-29 18:00:00,,0.2
2019-03-30 00:00:00,,0.0
2019-03-30 06:00:00,,0.0
2019-03-30 12:00:00,,0.0
2019-03-30 18:00:00,,0.0
2019-03-31 00:00:00,,0.0
2019-03-31 06:00:00,,0.0
2019-03-31 12:00:00,,0.0
2019-03-31 18:00:00,,0.0
2019-04-01 00:00:00,,0.0
2019-04-01 06:00:00,,0.0
2019-04-01 12:00:00,,0.0
2019-04-01 18:00:00,,0.0
2019-04-02 00:00:00,,0.0
2019-04-02 06:00:00,,0.0
2019-04-02 12:00:00,,0.6
2019-04-02 18:00:00,,0.0
2019-04-03 00:00:00,,0.0
2019-04-03 06:00:00,,0.0
2019-04-03 12:00:00,,0.6
2019-04-03 18:00:00,,1.2
2019-04-04 00:00:00,,0.0
2019-04-04 06:00:00,,0.0
2019-04-04 12:00:00,,0.0
2019-04-04 18:00:00,,0.0
2019-04-05 00:00:00,,0.0
2019-04-05 06:00:00,,0.0
2019-04-05 12:00:00,,0.0
2019-04-05 18:00:00,,0.0
2019-04-06 00:00:00,,0.0
2019-04-06 06:00:00,,0.0
2019-04-06 12:00:00,,0.0
2019-04-06 18:00:00,,0.0
2019-04-07 00:00:00,,2.0
2019-04-07 06:00:00,,0.0
2019-04-07 12:00:00,,0.0
2019-04-07 18:00:00,,0.0
2019-04-08 00:00:00,,0.2
2019-04-08 06:00:00,,0.2
2019-04-08 12:00:00,,0.4
2019-04-08 18:00:00,,0.0
2019-04-09 00:00:00,,1.4
2019-04-09 06:00:00,,0.0
2019-04-09 12:00:00,,0.0
2019-04-09 18:00:00,,0.0
2019-04-10 00:00:00,,0.2
2019-04-10 06:00:00,,0.0
2019-04-10 12:00:00,,0.0
2019-04-10 18:00:00,,0.0
2019-04-11 00:00:00,,0.2
2019-04-11 06:00:00,,0.0
2019-04-11 12:00:00,,0.0
2019-04-11 18:00:00,,0.0
2019-04-12 00:00:00,,0.0
2019-04-12 06:00:00,,0.0
2019-04-12 12:00:00,,0.0
2019-04-12 18:00:00,,0.0
2019-04-13 00:00:00,,0.8
2019-04-13 06:00:00,,0.0
2019-04-13 12:00:00,,0.0
2019-04-13 18:00:00,,0.0
2019-04-14 00:00:00,,0.6
2019-04-14 06:00:00,,0.0
2019-04-14 12:00:00,,0.0
2019-04-14 18:00:00,,0.0
2019-04-15 00:00:00,,0.2
2019-04-15 06:00:00,,0.0
2019-04-15 12:00:00,,0.0
2019-04-15 18:00:00,,0.0
2019-04-16 00:00:00,,0.2
2019-04-16 06:00:00,,0.0
2019-04-16 12:00:00,,0.0
2019-04-16 18:00:00,,0.0
2019-04-17 00:00:00,,0.0
2019-04-17 06:00:00,,0.0
2019-04-17 12:00:00,,0.0
2019-04-17 18:00:00,,0.0
2019-04-18 00:00:00,,0.0
2019-04-18 06:00:00,,0.0
2019-04-18 12:00:00,,0.0
2019-04-18 18:00:00,,0.0
2019-04-19 00:00:00,,0.0
2019-04-19 06:00:00,,0.0
2019-04-19 12:00:00,,0.0
2019-04-19 18:00:00,,0.0
2019-04-20 00:00:00,,0.2
2019-04-20 06:00:00,,0.0
2019-04-20 12:00:00,,0.0
2019-04-20 18:00:00,,0.0
2019-04-21 00:00:00,,0.0
2019-04-21 06:00:00,,0.0
2019-04-21 12:00:00,,0.0
2019-04-21 18:00:00,,0.0
2019-04-22 00:00:00,,0.0
2019-04-22 06:00:00,,0.0
2019-04-22 12:00:00,,0.0
2019-04-22 18:00:00,,0.0
2019-04-23 00:00:00,,0.0
2019-04-23 06:00:00,,0.0
2019-04-23 12:00:00,,0.0
2019-04-23 18:00:00,,0.0
2019-04-24 00:00:00,,0.0
2019-04-24 06:00:00,,0.0
2019-04-24 12:00:00,,0.0
2019-04-24 18:00:00,,0.0
2019-04-25 00:00:00,,0.2
2019-04-25 06:00:00,,0.0
2019-04-25 12:00:00,,0.0
2019-04-25 18:00:00,,0.0
2019-04-26 00:00:00,5.102,0.0
2019-04-26 06:00:00,4.532,0.0
2019-04-26 12:00:00,2.557,0.0
2019-04-26 18:00:00,12.389,0.0
2019-04-27 00:00:00,6.331,0.0
2019-04-27 06:00:00,4.973,0.0
2019-04-27 12:00:00,3.801,0.0
2019-04-27 18:00:00,8.27,0.0
2019-04-28 00:00:00,3.009,1.8
2019-04-28 06:00:00,3.564,0.0
2019-04-28 12:00:00,3.195,0.0
2019-04-28 18:00:00,10.001,0.0
2019-04-29 00:00:00,2.128,1.8
2019-04-29 06:00:00,2.423,0.0
2019-04-29 12:00:00,1.994,0.0
2019-04-29 18:00:00,11.443,0.0
2019-04-30 00:00:00,3.67,0.0
2019-04-30 06:00:00,3.67,0.0
2019-04-30 12:00:00,2.37,0.0
2019-04-30 18:00:00,10.932,0.0
2019-05-01 00:00:00,4.714,0.0
2019-05-01 06:00:00,2.956,0.0
2019-05-01 12:00:00,2.477,0.0
2019-05-01 18:00:00,12.05,0.0
2019-05-02 00:00:00,3.958,0.0
2019-05-02 06:00:00,3.221,0.0
2019-05-02 12:00:00,1.94,0.0
2019-05-02 18:00:00,11.807,0.0
2019-05-03 00:00:00,5.872,0.0
2019-05-03 06:00:00,4.376,0.0
2019-05-03 12:00:00,0.605,0.0
2019-05-03 18:00:00,11.297,0.0
2019-05-04 00:00:00,5.668,0.0
2019-05-04 06:00:00,2.047,0.0
2019-05-04 12:00:00,1.561,0.0
2019-05-04 18:00:00,8.916,0.0
2019-05-05 00:00:00,4.011,0.4
2019-05-05 06:00:00,2.69,0.0
2019-05-05 12:00:00,4.818,0.0
2019-05-05 18:00:00,6.382,0.2
2019-05-06 00:00:00,3.142,0.2
2019-05-06 06:00:00,2.69,0.2
2019-05-06 12:00:00,2.744,0.0
2019-05-06 18:00:00,8.965,0.0
2019-05-07 00:00:00,4.324,0.0
2019-05-07 06:00:00,2.182,0.0
2019-05-07 12:00:00,0.962,0.0
2019-05-07 18:00:00,10.516,0.0
2019-05-08 00:00:00,4.999,0.0
2019-05-08 06:00:00,2.209,0.0
2019-05-08 12:00:00,2.047,0.0
2019-05-08 18:00:00,9.952,0.0
2019-05-09 00:00:00,3.906,0.0
2019-05-09 06:00:00,1.886,0.0
2019-05-09 12:00:00,1.805,0.0
2019-05-09 18:00:00,8.12,0.0
2019-05-10 00:00:00,4.324,0.0
2019-05-10 06:00:00,2.717,0.0
2019-05-10 12:00:00,2.155,0.0
2019-05-10 18:00:00,11.637,0.0
2019-05-11 00:00:00,2.423,0.4
2019-05-11 06:00:00,2.823,0.0
2019-05-11 12:00:00,2.503,0.0
2019-05-11 18:00:00,15.342,0.0
2019-05-12 00:00:00,5.693,0.0
2019-05-12 06:00:00,2.85,0.0
2019-05-12 12:00:00,2.503,0.0
2019-05-12 18:00:00,14.266,0.0
2019-05-13 00:00:00,6.763,0.0
2019-05-13 06:00:00,2.797,0.0
2019-05-13 12:00:00,2.584,0.0
2019-05-13 18:00:00,6.153,0.0
2019-05-14 00:00:00,3.274,0.2
2019-05-14 06:00:00,2.557,0.0
2019-05-14 12:00:00,2.584,0.0
2019-05-14 18:00:00,6.636,0.2
2019-05-15 00:00:00,3.248,0.0
2019-05-15 06:00:00,2.021,0.0
2019-05-15 12:00:00,1.805,0.0
2019-05-15 18:00:00,10.149,0.0
2019-05-16 00:00:00,3.854,0.0
2019-05-16 06:00:00,1.94,0.0
2019-05-16 12:00:00,1.071,0.0
2019-05-16 18:00:00,9.952,0.0
2019-05-17 00:00:00,4.869,0.0
2019-05-17 06:00:00,1.208,0.0
2019-05-17 12:00:00,2.316,0.0
2019-05-17 18:00:00,11.516,0.0
2019-05-18 00:00:00,4.168,0.0
2019-05-18 06:00:00,0.825,0.0
2019-05-18 12:00:00,0.273,0.0
2019-05-18 18:00:00,10.907,0.0
2019-05-19 00:00:00,3.643,0.0
2019-05-19 06:00:00,1.235,0.0
2019-05-19 12:00:00,0.797,0.0
2019-05-19 18:00:00,11.151,0.0
2019-05-20 00:00:00,3.906,0.0
2019-05-20 06:00:00,1.94,0.0
2019-05-20 12:00:00,2.77,0.0
2019-05-20 18:00:00,9.163,0.0
2019-05-21 00:00:00,3.906,0.0
2019-05-21 06:00:00,1.48,0.0
2019-05-21 12:00:00,2.69,0.0
2019-05-21 18:00:00,6.94,0.0
2019-05-22 00:00:00,2.983,0.0
2019-05-22 06:00:00,2.37,0.0
2019-05-22 12:00:00,2.744,0.0
2019-05-22 18:00:00,10.638,0.0
2019-05-23 00:00:00,4.063,0.0
2019-05-23 06:00:00,2.744,0.0
2019-05-23 12:00:00,2.343,0.0
2019-05-23 18:00:00,10.32,0.0
2019-05-24 00:00:00,3.433,0.0
2019-05-24 06:00:00,2.316,0.0
2019-05-24 12:00:00,2.343,0.0
2019-05-24 18:00:00,11.953,0.0
2019-05-25 00:00:00,4.61,0.0
2019-05-25 06:00:00,2.584,0.0
2019-05-25 12:00:00,1.859,0.0
2019-05-25 18:00:00,9.089,0.0
2019-05-26 00:00:00,3.67,0.0
2019-05-26 06:00:00,2.45,0.0
2019-05-26 12:00:00,1.994,0.0
2019-05-26 18:00:00,9.78,0.0
2019-05-27 00:00:00,3.168,0.0
2019-05-27 06:00:00,1.099,0.0
2019-05-27 12:00:00,1.126,0.0
2019-05-27 18:00:00,14.481,0.0
2019-05-28 00:00:00,3.433,0.4
2019-05-28 06:00:00,1.859,0.0
2019-05-28 12:00:00,0.825,0.0
2019-05-28 18:00:00,7.393,0.0
2019-05-29 00:00:00,4.61,0.0
2019-05-29 06:00:00,1.588,0.0
2019-05-29 12:00:00,1.235,0.0
2019-05-29 18:00:00,10.81,0.0
2019-05-30 00:00:00,5.36,0.0
2019-05-30 06:00:00,2.236,0.0
2019-05-30 12:00:00,1.507,0.0
2019-05-30 18:00:00,10.687,0.0
2019-05-31 00:00:00,4.662,0.0
2019-05-31 06:00:00,3.036,0.0
2019-05-31 12:00:00,2.155,0.0
2019-05-31 18:00:00,11.078,0.0
2019-06-01 00:00:00,4.818,0.0
2019-06-01 06:00:00,2.85,0.0
2019-06-01 12:00:00,1.371,0.0
2019-06-01 18:00:00,12.171,0.0
2019-06-02 00:00:00,4.506,0.0
2019-06-02 06:00:00,1.94,0.0
2019-06-02 12:00:00,0.88,0.0
2019-06-02 18:00:00,10.173,0.0
2019-06-03 00:00:00,4.714,0.0
2019-06-03 06:00:00,3.512,0.0
2019-06-03 12:00:00,0.989,0.0
2019-06-03 18:00:00,8.469,0.0
2019-06-04 00:00:00,5.231,0.0
2019-06-04 06:00:00,2.797,0.0
2019-06-04 12:00:00,1.967,0.0
2019-06-04 18:00:00,6.331,0.0
2019-06-05 00:00:00,5.128,0.0
2019-06-05 06:00:00,1.67,0.0
2019-06-05 12:00:00,-0.676,0.0
2019-06-05 18:00:00,9.114,0.0
2019-06-06 00:00:00,2.956,0.0
2019-06-06 06:00:00,0.522,0.0
2019-06-06 12:00:00,-0.958,0.0
2019-06-06 18:00:00,11.783,0.0
2019-06-07 00:00:00,5.128,0.0
2019-06-07 06:00:00,1.588,0.0
2019-06-07 12:00:00,0.246,0.0
2019-06-07 18:00:00,10.565,0.0
2019-06-08 00:00:00,4.766,0.0
2019-06-08 06:00:00,1.94,0.0
2019-06-08 12:00:00,2.101,0.0
2019-06-08 18:00:00,13.209,0.0
2019-06-09 00:00:00,5.616,0.0
2019-06-09 06:00:00,1.724,0.0
2019-06-09 12:00:00,1.398,0.0
2019-06-09 18:00:00,12.485,0.0
2019-06-10 00:00:00,4.558,0.0
2019-06-10 06:00:00,1.886,0.0
2019-06-10 12:00:00,2.637,0.0
2019-06-10 18:00:00,10.296,0.0
2019-06-11 00:00:00,3.749,0.2
2019-06-11 06:00:00,2.262,0.0
2019-06-11 12:00:00,1.859,0.0
2019-06-11 18:00:00,11.102,0.0
2019-06-12 00:00:00,3.67,0.0
2019-06-12 06:00:00,2.316,0.0
2019-06-12 12:00:00,1.588,0.0
2019-06-12 18:00:00,10.565,0.0
2019-06-13 00:00:00,5.539,0.0
2019-06-13 06:00:00,2.236,0.0
2019-06-13 12:00:00,2.877,0.0
2019-06-13 18:00:00,10.761,0.0
2019-06-14 00:00:00,5.821,0.0
2019-06-14 06:00:00,2.37,0.0
2019-06-14 12:00:00,1.344,0.0
2019-06-14 18:00:00,9.509,0.0
2019-06-15 00:00:00,4.454,0.0
2019-06-15 06:00:00,2.423,0.0
2019-06-15 12:00:00,1.48,0.0
2019-06-15 18:00:00,6.813,0.0
2019-06-16 00:00:00,4.089,0.0
2019-06-16 06:00:00,3.327,0.0
2019-06-16 12:00:00,1.994,0.0
2019-06-16 18:00:00,5.693,0.0
2019-06-17 00:00:00,3.459,0.2
2019-06-17 06:00:00,2.93,0.0
2019-06-17 12:00:00,1.235,0.0
2019-06-17 18:00:00,5.591,0.0
2019-06-18 00:00:00,3.063,0.0
2019-06-18 06:00:00,2.744,0.0
2019-06-18 12:00:00,1.371,0.0
2019-06-18 18:00:00,10.345,0.0
2019-06-19 00:00:00,4.636,0.0
2019-06-19 06:00:00,2.262,0.0
2019-06-19 12:00:00,0.825,0.0
2019-06-19 18:00:00,9.583,0.0
2019-06-20 00:00:00,4.584,0.0
2019-06-20 06:00:00,5.411,0.0
2019-06-20 12:00:00,4.662,0.0
2019-06-20 18:00:00,7.695,0.0
2019-06-21 00:00:00,4.037,0.0
2019-06-21 06:00:00,3.617,0.0
2019-06-21 12:00:00,2.823,0.0
2019-06-21 18:00:00,9.163,0.0
2019-06-22 00:00:00,3.221,0.0
2019-06-22 06:00:00,4.063,0.0
2019-06-22 12:00:00,4.558,0.0
2019-06-22 18:00:00,9.04,0.0
2019-06-23 00:00:00,2.93,0.0
2019-06-23 06:00:00,1.859,0.0
2019-06-23 12:00:00,0.301,0.0
2019-06-23 18:00:00,9.163,0.0
2019-06-24 00:00:00,4.011,0.0
2019-06-24 06:00:00,0.742,0.0
2019-06-24 12:00:00,-0.311,0.0
2019-06-24 18:00:00,10.956,0.0
2019-06-25 00:00:00,5.334,0.0
2019-06-25 06:00:00,1.913,0.0
2019-06-25 12:00:00,-0.199,0.0
2019-06-25 18:00:00,12.074,0.0
2019-06-26 00:00:00,4.688,0.0
2019-06-26 06:00:00,1.67,0.0
2019-06-26 12:00:00,1.262,0.0
2019-06-26 18:00:00,12.751,0.0
2019-06-27 00:00:00,5.282,0.0
2019-06-27 06:00:00,1.425,0.0
2019-06-27 12:00:00,0.412,0.0
2019-06-27 18:00:00,14.242,0.0
2019-06-28 00:00:00,5.205,0.0
2019-06-28 06:00:00,1.425,0.0
2019-06-28 12:00:00,0.577,0.0
2019-06-28 18:00:00,9.46,0.0
2019-06-29 00:00:00,5.591,0.0
2019-06-29 06:00:00,2.77,0.0
2019-06-29 12:00:00,1.425,0.0
2019-06-29 18:00:00,6.788,0.0
2019-06-30 00:00:00,2.77,0.0
2019-06-30 06:00:00,1.208,0.0
2019-06-30 12:00:00,0.384,0.0
2019-06-30 18:00:00,8.12,0.0
2019-07-01 00:00:00,4.324,0.0
2019-07-01 06:00:00,2.877,0.0
2019-07-01 12:00:00,2.047,0.0
2019-07-01 18:00:00,9.952,0.0
2019-07-02 00:00:00,4.272,0.0
2019-07-02 06:00:00,1.697,0.0
2019-07-02 12:00:00,-0.817,0.0
2019-07-02 18:00:00,13.161,0.0
2019-07-03 00:00:00,4.973,0.0
2019-07-03 06:00:00,0.19,0.0
2019-07-03 12:00:00,3.168,0.0
2019-07-03 18:00:00,10.883,0.0
2019-07-04 00:00:00,,
2019-07-04 06:00:00,,
2019-07-04 12:00:00,,
2019-07-04 18:00:00,,
2019-07-05 00:00:00,,
2019-07-05 06:00:00,2.128,0.0
2019-07-05 12:00:00,0.742,0.0
2019-07-05 18:00:00,9.854,0.0
2019-07-06 00:00:00,4.168,0.0
2019-07-06 06:00:00,3.142,0.0
2019-07-06 12:00:00,1.94,0.0
2019-07-06 18:00:00,9.903,0.0
2019-07-07 00:00:00,3.459,0.0
2019-07-07 06:00:00,2.128,0.0
2019-07-07 12:00:00,1.425,0.0
2019-07-07 18:00:00,3.67,0.2
2019-07-08 00:00:00,3.142,0.0
2019-07-08 06:00:00,1.235,0.0
2019-07-08 12:00:00,-0.199,0.0
2019-07-08 18:00:00,9.361,0.0
2019-07-09 00:00:00,4.532,0.0
2019-07-09 06:00:00,0.687,0.0
2019-07-09 12:00:00,-0.62,0.0
2019-07-09 18:00:00,9.78,0.0
2019-07-10 00:00:00,4.037,0.0
2019-07-10 06:00:00,0.163,0.0
2019-07-10 12:00:00,0.218,0.0
2019-07-10 18:00:00,10.001,0.0
2019-07-11 00:00:00,3.749,0.0
2019-07-11 06:00:00,0.77,0.0
2019-07-11 12:00:00,-0.902,0.0
2019-07-11 18:00:00,11.637,0.0
2019-07-12 00:00:00,3.512,0.0
2019-07-12 06:00:00,0.825,0.0
2019-07-12 12:00:00,0.632,0.0
2019-07-12 18:00:00,11.516,0.0
2019-07-13 00:00:00,5.154,0.0
2019-07-13 06:00:00,1.398,0.0
2019-07-13 12:00:00,0.66,0.0
2019-07-13 18:00:00,9.238,0.0
2019-07-14 00:00:00,4.037,0.0
2019-07-14 06:00:00,1.425,0.0
2019-07-14 12:00:00,0.522,0.0
2019-07-14 18:00:00,4.895,0.0
2019-07-15 00:00:00,3.932,0.0
2019-07-15 06:00:00,1.534,0.0
2019-07-15 12:00:00,1.67,0.0
2019-07-15 18:00:00,11.807,0.0
2019-07-16 00:00:00,3.089,0.0
2019-07-16 06:00:00,2.182,0.0
2019-07-16 12:00:00,0.962,0.0
2019-07-16 18:00:00,10.834,0.0
2019-07-17 00:00:00,4.584,0.0
2019-07-17 06:00:00,1.507,0.0
2019-07-17 12:00:00,0.852,0.0
2019-07-17 18:00:00,6.204,0.0
2019-07-18 00:00:00,2.877,0.0
2019-07-18 06:00:00,0.852,0.0
2019-07-18 12:00:00,0.079,0.0
2019-07-18 18:00:00,11.783,0.0
2019-07-19 00:00:00,4.35,0.0
2019-07-19 06:00:00,1.044,0.0
2019-07-19 12:00:00,0.135,0.0
2019-07-19 18:00:00,8.145,0.0
2019-07-20 00:00:00,3.142,0.0
2019-07-20 06:00:00,1.126,0.0
2019-07-20 12:00:00,0.301,0.0
2019-07-20 18:00:00,8.891,0.0
2019-07-21 00:00:00,3.406,0.0
2019-07-21 06:00:00,1.507,0.0
2019-07-21 12:00:00,0.989,0.0
2019-07-21 18:00:00,10.638,0.0
2019-07-22 00:00:00,3.354,0.0
2019-07-22 06:00:00,1.208,0.0
2019-07-22 12:00:00,0.273,0.0
2019-07-22 18:00:00,11.005,0.0
2019-07-23 00:00:00,3.88,0.0
2019-07-23 06:00:00,1.615,0.0
2019-07-23 12:00:00,-0.004,0.0
2019-07-23 18:00:00,9.287,0.0
2019-07-24 00:00:00,3.932,0.0
2019-07-24 06:00:00,1.832,0.0
2019-07-24 12:00:00,0.246,0.0
2019-07-24 18:00:00,10.492,0.0
2019-07-25 00:00:00,0.439,0.0
2019-07-25 06:00:00,-0.283,0.0
2019-07-25 12:00:00,-0.817,0.0
2019-07-25 18:00:00,8.519,0.0
2019-07-26 00:00:00,1.615,0.0
2019-07-26 06:00:00,0.632,0.0
2019-07-26 12:00:00,-0.088,0.0
2019-07-26 18:00:00,9.163,0.0
2019-07-27 00:00:00,3.221,0.0
2019-07-27 06:00:00,1.044,0.0
2019-07-27 12:00:00,0.329,0.0
2019-07-27 18:00:00,8.643,0.0
2019-07-28 00:00:00,1.534,0.0
2019-07-28 06:00:00,0.079,0.0
2019-07-28 12:00:00,-0.93,0.0
2019-07-28 18:00:00,10.222,0.0
2019-07-29 00:00:00,3.854,0.0
2019-07-29 06:00:00,0.77,0.0
2019-07-29 12:00:00,0.632,0.0
2019-07-29 18:00:00,10.418,0.0
2019-07-30 00:00:00,4.141,0.0
2019-07-30 06:00:00,0.715,0.0
2019-07-30 12:00:00,1.643,0.0
2019-07-30 18:00:00,9.41,0.0
2019-07-31 00:00:00,4.272,0.0
2019-07-31 06:00:00,0.522,0.0
2019-07-31 12:00:00,-0.591,0.0
2019-07-31 18:00:00,10.32,0.0
2019-08-01 00:00:00,3.643,0.0
2019-08-01 06:00:00,1.317,0.0
2019-08-01 12:00:00,0.079,0.0
2019-08-01 18:00:00,11.102,0.0
2019-08-02 00:00:00,4.428,0.0
2019-08-02 06:00:00,1.697,0.0
2019-08-02 12:00:00,0.384,0.0
2019-08-02 18:00:00,11.297,0.0
2019-08-03 00:00:00,5.488,0.0
2019-08-03 06:00:00,1.317,0.0
2019-08-03 12:00:00,0.329,0.0
2019-08-03 18:00:00,10.394,0.0
2019-08-04 00:00:00,5.179,0.0
2019-08-04 06:00:00,1.044,0.0
2019-08-04 12:00:00,0.135,0.0
2019-08-04 18:00:00,9.213,0.0
2019-08-05 00:00:00,4.973,0.0
2019-08-05 06:00:00,0.962,0.0
2019-08-05 12:00:00,0.797,0.0
2019-08-05 18:00:00,11.516,0.0
2019-08-06 00:00:00,6.0,0.0
2019-08-06 06:00:00,0.797,0.0
2019-08-06 12:00:00,0.051,0.0
2019-08-06 18:00:00,10.638,0.0
2019-08-07 00:00:00,4.141,0.0
2019-08-07 06:00:00,1.48,0.0
2019-08-07 12:00:00,0.356,0.0
2019-08-07 18:00:00,9.731,0.0
2019-08-08 00:00:00,4.506,0.0
2019-08-08 06:00:00,0.88,0.0
2019-08-08 12:00:00,0.024,0.0
2019-08-08 18:00:00,9.485,0.0
2019-08-09 00:00:00,3.301,0.0
2019-08-09 06:00:00,0.301,0.0
2019-08-09 12:00:00,-1.242,0.0
2019-08-09 18:00:00,10.394,0.0
2019-08-10 00:00:00,4.141,0.0
2019-08-10 06:00:00,-0.171,0.0
2019-08-10 12:00:00,-1.929,0.0
2019-08-10 18:00:00,8.767,0.0
2019-08-11 00:00:00,3.354,0.0
2019-08-11 06:00:00,1.48,0.0
2019-08-11 12:00:00,-0.032,0.0
2019-08-11 18:00:00,11.029,0.0
2019-08-12 00:00:00,5.514,0.0
2019-08-12 06:00:00,1.643,0.0
2019-08-12 12:00:00,0.467,0.0
2019-08-12 18:00:00,10.883,0.0
2019-08-13 00:00:00,5.102,0.0
2019-08-13 06:00:00,1.994,0.0
2019-08-13 12:00:00,1.153,0.0
2019-08-13 18:00:00,8.045,0.0
2019-08-14 00:00:00,5.179,0.0
2019-08-14 06:00:00,4.324,0.0
2019-08-14 12:00:00,-0.789,0.0
2019-08-14 18:00:00,9.336,0.0
2019-08-15 00:00:00,4.324,0.0
2019-08-15 06:00:00,0.467,0.0
2019-08-15 12:00:00,-0.732,0.0
2019-08-15 18:00:00,10.761,0.0
2019-08-16 00:00:00,4.428,0.0
2019-08-16 06:00:00,-0.06,0.0
2019-08-16 12:00:00,-1.699,0.0
2019-08-16 18:00:00,9.089,0.0
2019-08-17 00:00:00,5.308,0.0
2019-08-17 06:00:00,4.063,0.0
2019-08-17 12:00:00,0.522,0.0
2019-08-17 18:00:00,12.098,0.0
2019-08-18 00:00:00,4.947,0.0
2019-08-18 06:00:00,1.453,0.0
2019-08-18 12:00:00,1.913,0.0
2019-08-18 18:00:00,10.1,0.0
2019-08-19 00:00:00,6.102,0.0
2019-08-19 06:00:00,1.534,0.0
2019-08-19 12:00:00,0.135,0.0
2019-08-19 18:00:00,11.224,0.0
2019-08-20 00:00:00,5.719,0.0
2019-08-20 06:00:00,2.823,0.0
2019-08-20 12:00:00,-0.563,0.0
2019-08-20 18:00:00,6.23,0.0
2019-08-21 00:00:00,4.636,0.0
2019-08-21 06:00:00,2.396,0.0
2019-08-21 12:00:00,1.886,0.0
2019-08-21 18:00:00,3.617,0.0
2019-08-22 00:00:00,3.538,0.0
2019-08-22 06:00:00,2.074,0.0
2019-08-22 12:00:00,0.329,0.0
2019-08-22 18:00:00,8.295,0.0
2019-08-23 00:00:00,4.454,0.0
2019-08-23 06:00:00,2.637,0.0
2019-08-23 12:00:00,3.433,0.0
2019-08-23 18:00:00,7.87,0.0
2019-08-24 00:00:00,3.433,0.0
2019-08-24 06:00:00,0.88,0.0
2019-08-24 12:00:00,0.495,0.0
2019-08-24 18:00:00,10.443,0.0
2019-08-25 00:00:00,3.354,0.0
2019-08-25 06:00:00,1.778,0.0
2019-08-25 12:00:00,0.495,0.0
2019-08-25 18:00:00,10.467,0.0
2019-08-26 00:00:00,5.154,0.0
2019-08-26 06:00:00,1.751,0.0
2019-08-26 12:00:00,0.715,0.0
2019-08-26 18:00:00,10.026,0.0
2019-08-27 00:00:00,4.766,0.0
2019-08-27 06:00:00,1.48,0.0
2019-08-27 12:00:00,-0.76,0.0
2019-08-27 18:00:00,8.543,0.0
2019-08-28 00:00:00,4.454,0.0
2019-08-28 06:00:00,1.588,0.0
2019-08-28 12:00:00,0.577,0.0
2019-08-28 18:00:00,7.242,0.0
2019-08-29 00:00:00,3.274,0.0
2019-08-29 06:00:00,0.77,0.0
2019-08-29 12:00:00,-0.227,0.0
2019-08-29 18:00:00,10.467,0.0
2019-08-30 00:00:00,5.488,0.0
2019-08-30 06:00:00,1.859,0.0
2019-08-30 12:00:00,2.423,0.0
2019-08-30 18:00:00,11.419,0.0
2019-08-31 00:00:00,5.102,0.0
2019-08-31 06:00:00,1.94,0.0
2019-08-31 12:00:00,0.742,0.0
2019-08-31 18:00:00,12.364,0.0
2019-09-01 00:00:00,4.947,0.0
2019-09-01 06:00:00,1.099,0.0
2019-09-01 12:00:00,-0.367,0.0
2019-09-01 18:00:00,10.956,0.0
2019-09-02 00:00:00,5.205,0.0
2019-09-02 06:00:00,2.021,0.0
2019-09-02 12:00:00,1.235,0.0
2019-09-02 18:00:00,12.944,0.0
2019-09-03 00:00:00,4.61,0.0
2019-09-03 06:00:00,2.209,0.0
2019-09-03 12:00:00,0.88,0.0
2019-09-03 18:00:00,11.589,0.0
2019-09-04 00:00:00,5.411,0.0
2019-09-04 06:00:00,1.615,0.0
2019-09-04 12:00:00,0.467,0.0
2019-09-04 18:00:00,12.268,0.0
2019-09-05 00:00:00,5.745,0.0
2019-09-05 06:00:00,2.584,0.0
2019-09-05 12:00:00,0.439,0.0
2019-09-05 18:00:00,6.204,0.0
2019-09-06 00:00:00,4.714,0.0
2019-09-06 06:00:00,2.074,0.0
2019-09-06 12:00:00,0.825,0.0
2019-09-06 18:00:00,9.903,0.0
2019-09-07 00:00:00,4.115,0.0
2019-09-07 06:00:00,1.317,0.0
2019-09-07 12:00:00,0.079,0.0
2019-09-07 18:00:00,9.089,0.0
2019-09-08 00:00:00,4.506,0.0
2019-09-08 06:00:00,0.77,0.0
2019-09-08 12:00:00,1.044,0.0
2019-09-08 18:00:00,10.492,0.0
2019-09-09 00:00:00,5.231,0.0
2019-09-09 06:00:00,1.913,0.0
2019-09-09 12:00:00,0.218,0.0
2019-09-09 18:00:00,11.273,0.0
2019-09-10 00:00:00,6.051,0.0
2019-09-10 06:00:00,2.744,0.0
2019-09-10 12:00:00,1.235,0.0
2019-09-10 18:00:00,11.273,0.0
2019-09-11 00:00:00,6.535,0.0
2019-09-11 06:00:00,2.316,0.0
2019-09-11 12:00:00,0.907,0.0
2019-09-11 18:00:00,9.114,0.0
2019-09-12 00:00:00,5.231,0.0
2019-09-12 06:00:00,2.503,0.0
2019-09-12 12:00:00,2.823,0.0
2019-09-12 18:00:00,3.274,0.8
2019-09-13 00:00:00,3.958,0.0
2019-09-13 06:00:00,2.047,0.0
2019-09-13 12:00:00,1.126,0.0
2019-09-13 18:00:00,8.419,0.0
2019-09-14 00:00:00,5.05,0.0
2019-09-14 06:00:00,2.316,0.0
2019-09-14 12:00:00,0.852,0.0
2019-09-14 18:00:00,7.845,0.0
2019-09-15 00:00:00,4.818,0.0
2019-09-15 06:00:00,2.155,0.0
2019-09-15 12:00:00,0.88,0.0
2019-09-15 18:00:00,8.444,0.0
2019-09-16 00:00:00,4.973,0.0
2019-09-16 06:00:00,2.209,0.0
2019-09-16 12:00:00,1.398,0.0
2019-09-16 18:00:00,10.638,0.0
2019-09-17 00:00:00,5.949,0.0
2019-09-17 06:00:00,2.37,0.0
2019-09-17 12:00:00,0.632,0.0
2019-09-17 18:00:00,10.712,0.0
2019-09-18 00:00:00,4.194,0.0
2019-09-18 06:00:00,3.591,0.0
2019-09-18 12:00:00,3.801,0.0
2019-09-18 18:00:00,13.522,0.0
2019-09-19 00:00:00,4.194,0.0
2019-09-19 06:00:00,3.248,0.0
2019-09-19 12:00:00,2.074,0.0
2019-09-19 18:00:00,9.583,0.0
2019-09-20 00:00:00,1.48,0.0
2019-09-20 06:00:00,0.605,0.0
2019-09-20 12:00:00,1.724,0.0
2019-09-20 18:00:00,6.636,0.0
2019-09-21 00:00:00,3.221,0.0
2019-09-21 06:00:00,0.77,0.2
2019-09-21 12:00:00,1.886,0.6
2019-09-21 18:00:00,3.985,0.2
2019-09-22 00:00:00,2.37,0.0
2019-09-22 06:00:00,1.453,0.0
2019-09-22 12:00:00,2.396,0.0
2019-09-22 18:00:00,9.46,0.0
2019-09-23 00:00:00,3.854,0.0
2019-09-23 06:00:00,4.324,0.0
2019-09-23 12:00:00,2.584,0.0
2019-09-23 18:00:00,5.591,0.0
2019-09-24 00:00:00,2.85,0.4
2019-09-24 06:00:00,1.778,0.0
2019-09-24 12:00:00,1.913,0.0
2019-09-24 18:00:00,4.973,0.4
2019-09-25 00:00:00,2.744,0.0
2019-09-25 06:00:00,1.317,0.0
2019-09-25 12:00:00,1.724,0.0
2019-09-25 18:00:00,4.48,0.0
2019-09-26 00:00:00,3.221,0.0
2019-09-26 06:00:00,1.262,0.0
2019-09-26 12:00:00,2.37,0.0
2019-09-26 18:00:00,10.173,0.0
2019-09-27 00:00:00,5.898,0.0
2019-09-27 06:00:00,2.584,0.0
2019-09-27 12:00:00,3.168,0.0
2019-09-27 18:00:00,6.864,0.0
2019-09-28 00:00:00,2.477,0.0
2019-09-28 06:00:00,2.262,0.0
2019-09-28 12:00:00,0.19,0.0
2019-09-28 18:00:00,10.075,0.0
2019-09-29 00:00:00,5.179,0.0
2019-09-29 06:00:00,1.751,0.0
2019-09-29 12:00:00,2.69,0.0
2019-09-29 18:00:00,13.353,0.0
2019-09-30 00:00:00,1.724,0.8
2019-09-30 06:00:00,1.507,0.0
2019-09-30 12:00:00,0.329,0.0
2019-09-30 18:00:00,10.247,0.0
2019-10-01 00:00:00,2.69,0.0
2019-10-01 06:00:00,0.605,0.0
2019-10-01 12:00:00,0.495,0.0
2019-10-01 18:00:00,10.492,0.0
2019-10-02 00:00:00,2.53,0.0
2019-10-02 06:00:00,0.632,0.0
2019-10-02 12:00:00,0.77,0.0
2019-10-02 18:00:00,8.444,0.0
2019-10-03 00:00:00,2.637,0.0
2019-10-03 06:00:00,0.797,0.0
2019-10-03 12:00:00,1.153,0.6
2019-10-03 18:00:00,7.343,0.0
2019-10-04 00:00:00,1.507,0.2
2019-10-04 06:00:00,1.262,0.0
2019-10-04 12:00:00,0.024,0.0
2019-10-04 18:00:00,12.171,0.0
2019-10-05 00:00:00,4.089,0.0
2019-10-05 06:00:00,0.439,0.0
2019-10-05 12:00:00,0.577,0.0
2019-10-05 18:00:00,12.147,0.0
2019-10-06 00:00:00,4.532,0.0
2019-10-06 06:00:00,1.071,0.0
2019-10-06 12:00:00,0.19,0.0
2019-10-06 18:00:00,6.636,0.0
2019-10-07 00:00:00,3.063,0.0
2019-10-07 06:00:00,1.615,0.0
2019-10-07 12:00:00,2.074,0.0
2019-10-07 18:00:00,6.889,0.0
2019-10-08 00:00:00,2.823,0.0
2019-10-08 06:00:00,-0.283,0.0
2019-10-08 12:00:00,0.852,0.0
2019-10-08 18:00:00,11.2,0.0
2019-10-09 00:00:00,1.153,0.8
2019-10-09 06:00:00,2.744,0.0
2019-10-09 12:00:00,1.48,0.0
2019-10-09 18:00:00,8.643,0.0
2019-10-10 00:00:00,3.932,0.0
2019-10-10 06:00:00,2.77,0.0
2019-10-10 12:00:00,1.805,0.0
2019-10-10 18:00:00,11.394,0.0
2019-10-11 00:00:00,6.179,0.0
2019-10-11 06:00:00,1.453,0.0
2019-10-11 12:00:00,0.19,0.0
2019-10-11 18:00:00,9.879,0.0
2019-10-12 00:00:00,4.973,0.0
2019-10-12 06:00:00,2.074,0.0
2019-10-12 12:00:00,1.588,0.0
2019-10-12 18:00:00,11.686,0.0
2019-10-13 00:00:00,4.792,0.0
2019-10-13 06:00:00,2.316,0.4
2019-10-13 12:00:00,2.182,0.0
2019-10-13 18:00:00,10.418,0.0
2019-10-14 00:00:00,3.617,0.0
2019-10-14 06:00:00,2.021,0.0
2019-10-14 12:00:00,2.823,0.0
2019-10-14 18:00:00,5.821,0.0
2019-10-15 00:00:00,2.53,0.0
2019-10-15 06:00:00,3.354,0.0
2019-10-15 12:00:00,2.503,0.0
2019-10-15 18:00:00,7.619,0.0
2019-10-16 00:00:00,4.063,0.0
2019-10-16 06:00:00,1.289,0.6
2019-10-16 12:00:00,1.724,0.0
2019-10-16 18:00:00,10.222,0.0
2019-10-17 00:00:00,3.643,0.0
2019-10-17 06:00:00,0.522,0.0
2019-10-17 12:00:00,1.913,0.0
2019-10-17 18:00:00,4.818,0.0
2019-10-18 00:00:00,2.128,0.0
2019-10-18 06:00:00,1.071,0.6
2019-10-18 12:00:00,1.289,0.0
2019-10-18 18:00:00,6.636,0.0
2019-10-19 00:00:00,1.643,0.0
2019-10-19 06:00:00,1.588,0.0
2019-10-19 12:00:00,1.778,0.0
2019-10-19 18:00:00,2.797,0.8
2019-10-20 00:00:00,1.859,0.6
2019-10-20 06:00:00,1.67,0.2
2019-10-20 12:00:00,2.877,0.0
2019-10-20 18:00:00,12.171,0.0
2019-10-21 00:00:00,4.168,0.0
2019-10-21 06:00:00,1.994,0.0
2019-10-21 12:00:00,4.999,0.0
2019-10-21 18:00:00,10.638,0.0
2019-10-22 00:00:00,1.561,0.4
2019-10-22 06:00:00,0.687,0.0
2019-10-22 12:00:00,3.38,0.0
2019-10-22 18:00:00,12.243,0.0
2019-10-23 00:00:00,2.262,0.2
2019-10-23 06:00:00,1.153,0.0
2019-10-23 12:00:00,1.48,0.0
2019-10-23 18:00:00,3.485,0.0
2019-10-24 00:00:00,3.643,0.0
2019-10-24 06:00:00,2.557,0.0
2019-10-24 12:00:00,3.433,0.0
2019-10-24 18:00:00,9.829,0.0
2019-10-25 00:00:00,4.921,0.0
2019-10-25 06:00:00,2.983,0.0
2019-10-25 12:00:00,3.009,0.0
2019-10-25 18:00:00,8.767,0.0
2019-10-26 00:00:00,5.77,0.0
2019-10-26 06:00:00,2.823,0.0
2019-10-26 12:00:00,3.327,0.0
2019-10-26 18:00:00,10.1,0.0
2019-10-27 00:00:00,5.77,0.0
2019-10-27 06:00:00,3.301,0.0
2019-10-27 12:00:00,2.557,0.0
2019-10-27 18:00:00,7.645,0.0
2019-10-28 00:00:00,3.38,0.0
2019-10-28 06:00:00,2.316,0.0
2019-10-28 12:00:00,4.168,0.0
2019-10-28 18:00:00,9.534,0.0
2019-10-29 00:00:00,2.101,0.0
2019-10-29 06:00:00,4.168,0.0
2019-10-29 12:00:00,2.074,0.0
2019-10-29 18:00:00,9.361,0.0
2019-10-30 00:00:00,4.168,0.0
2019-10-30 06:00:00,2.956,0.0
2019-10-30 12:00:00,2.85,0.0
2019-10-30 18:00:00,7.015,0.0
2019-10-31 00:00:00,3.88,0.0
2019-10-31 06:00:00,2.209,0.0
2019-10-31 12:00:00,2.37,0.8
2019-10-31 18:00:00,3.38,0.4
2019-11-01 00:00:00,3.485,0.0
2019-11-01 06:00:00,2.021,0.0
2019-11-01 12:00:00,4.454,0.2
2019-11-01 18:00:00,9.386,0.0
2019-11-02 00:00:00,2.69,0.0
2019-11-02 06:00:00,2.664,0.0
2019-11-02 12:00:00,2.69,0.0
2019-11-02 18:00:00,10.492,0.0
2019-11-03 00:00:00,3.854,0.0
2019-11-03 06:00:00,1.994,0.0
2019-11-03 12:00:00,2.69,0.0
2019-11-03 18:00:00,11.346,0.0
2019-11-04 00:00:00,2.477,0.0
2019-11-04 06:00:00,2.101,0.2
2019-11-04 12:00:00,5.539,0.0
2019-11-04 18:00:00,13.522,0.0
2019-11-05 00:00:00,4.558,0.0
2019-11-05 06:00:00,2.637,0.0
2019-11-05 12:00:00,5.05,0.0
2019-11-05 18:00:00,13.377,0.0
2019-11-06 00:00:00,3.985,0.0
2019-11-06 06:00:00,2.155,0.2
2019-11-06 12:00:00,4.506,0.0
2019-11-06 18:00:00,12.847,0.0
2019-11-07 00:00:00,1.615,1.2
2019-11-07 06:00:00,2.903,0.0
2019-11-07 12:00:00,4.74,0.0
2019-11-07 18:00:00,10.173,0.0
2019-11-08 00:00:00,5.514,0.0
2019-11-08 06:00:00,3.116,0.0
2019-11-08 12:00:00,3.67,0.0
2019-11-08 18:00:00,13.088,0.0
2019-11-09 00:00:00,4.766,0.0
2019-11-09 06:00:00,3.009,0.0
2019-11-09 12:00:00,3.063,0.0
2019-11-09 18:00:00,12.751,0.0
2019-11-10 00:00:00,3.009,0.2
2019-11-10 06:00:00,2.664,0.0
2019-11-10 12:00:00,2.717,0.2
2019-11-10 18:00:00,6.255,0.2
2019-11-11 00:00:00,2.503,0.2
2019-11-11 06:00:00,1.886,0.0
2019-11-11 12:00:00,3.406,1.0
2019-11-11 18:00:00,9.213,0.0
2019-11-12 00:00:00,2.209,0.6
2019-11-12 06:00:00,2.128,0.0
2019-11-12 12:00:00,2.155,0.0
2019-11-12 18:00:00,10.32,0.0
2019-11-13 00:00:00,4.376,0.0
2019-11-13 06:00:00,1.507,0.0
2019-11-13 12:00:00,5.102,0.0
2019-11-13 18:00:00,15.103,0.0
2019-11-14 00:00:00,4.766,0.2
2019-11-14 06:00:00,2.101,0.0
2019-11-14 12:00:00,1.778,0.0
2019-11-14 18:00:00,12.219,0.0
2019-11-15 00:00:00,3.327,0.4
2019-11-15 06:00:00,2.956,0.0
2019-11-15 12:00:00,3.38,0.0
2019-11-15 18:00:00,11.419,0.0
2019-11-16 00:00:00,3.168,0.2
2019-11-16 06:00:00,2.155,0.0
2019-11-16 12:00:00,1.832,0.0
2019-11-16 18:00:00,11.904,0.0
2019-11-17 00:00:00,2.262,0.0
2019-11-17 06:00:00,0.989,0.0
2019-11-17 12:00:00,1.724,0.0
2019-11-17 18:00:00,4.584,0.0
2019-11-18 00:00:00,2.584,0.0
2019-11-18 06:00:00,1.615,0.0
2019-11-18 12:00:00,4.973,0.0
2019-11-18 18:00:00,12.268,0.0
2019-11-19 00:00:00,1.697,0.2
2019-11-19 06:00:00,1.044,0.0
2019-11-19 12:00:00,2.93,0.0
2019-11-19 18:00:00,9.435,0.0
2019-11-20 00:00:00,3.406,0.0
2019-11-20 06:00:00,1.371,0.2
2019-11-20 12:00:00,1.615,0.0
2019-11-20 18:00:00,9.04,0.0
2019-11-21 00:00:00,4.35,0.0
2019-11-21 06:00:00,3.485,0.0
2019-11-21 12:00:00,4.115,0.0
2019-11-21 18:00:00,9.386,0.0
2019-11-22 00:00:00,4.168,0.0
2019-11-22 06:00:00,2.047,0.0
2019-11-22 12:00:00,3.801,0.0
2019-11-22 18:00:00,8.941,0.0
2019-11-23 00:00:00,2.93,0.0
2019-11-23 06:00:00,2.53,0.0
2019-11-23 12:00:00,2.983,0.0
2019-11-23 18:00:00,6.357,0.0
2019-11-24 00:00:00,4.818,0.0
2019-11-24 06:00:00,3.248,0.0
2019-11-24 12:00:00,3.512,0.0
2019-11-24 18:00:00,4.61,0.6
2019-11-25 00:00:00,3.775,0.0
2019-11-25 06:00:00,2.289,0.0
2019-11-25 12:00:00,2.903,0.0
2019-11-25 18:00:00,5.385,0.0
2019-11-26 00:00:00,4.35,0.0
2019-11-26 06:00:00,1.561,0.0
2019-11-26 12:00:00,3.67,0.0
2019-11-26 18:00:00,8.717,0.0
2019-11-27 00:00:00,5.847,0.0
2019-11-27 06:00:00,3.932,0.0
2019-11-27 12:00:00,3.722,0.0
2019-11-27 18:00:00,12.268,0.0
2019-11-28 00:00:00,4.324,0.0
2019-11-28 06:00:00,4.584,0.0
2019-11-28 12:00:00,4.376,0.0
2019-11-28 18:00:00,11.759,0.0
2019-11-29 00:00:00,3.036,0.0
2019-11-29 06:00:00,2.956,0.0
2019-11-29 12:00:00,6.026,0.0
2019-11-29 18:00:00,13.377,0.0
2019-11-30 00:00:00,6.306,0.0
2019-11-30 06:00:00,3.591,0.0
2019-11-30 12:00:00,2.128,0.0
2019-11-30 18:00:00,13.473,0.0
2019-12-01 00:00:00,0.962,0.6
2019-12-01 06:00:00,1.94,0.0
2019-12-01 12:00:00,2.101,0.0
2019-12-01 18:00:00,7.594,0.0
2019-12-02 00:00:00,4.35,0.2
2019-12-02 06:00:00,3.036,0.0
2019-12-02 12:00:00,3.195,0.0
2019-12-02 18:00:00,11.321,0.0
2019-12-03 00:00:00,0.852,0.2
2019-12-03 06:00:00,0.852,0.4
2019-12-03 12:00:00,1.588,0.0
2019-12-03 18:00:00,8.767,0.0
2019-12-04 00:00:00,2.503,0.2
2019-12-04 06:00:00,1.913,0.0
2019-12-04 12:00:00,3.775,0.0
2019-12-04 18:00:00,5.076,1.0
2019-12-05 00:00:00,1.94,0.0
2019-12-05 06:00:00,1.967,0.0
2019-12-05 12:00:00,2.262,0.0
2019-12-05 18:00:00,3.958,1.0
2019-12-06 00:00:00,2.53,0.0
2019-12-06 06:00:00,2.209,0.0
2019-12-06 12:00:00,2.074,0.0
2019-12-06 18:00:00,7.945,0.0
2019-12-07 00:00:00,2.61,0.0
2019-12-07 06:00:00,1.371,0.0
2019-12-07 12:00:00,5.076,0.0
2019-12-07 18:00:00,11.856,0.0
2019-12-08 00:00:00,2.209,1.0
2019-12-08 06:00:00,2.182,0.0
2019-12-08 12:00:00,1.886,0.0
2019-12-08 18:00:00,10.638,0.0
2019-12-09 00:00:00,2.155,0.0
2019-12-09 06:00:00,2.343,0.0
2019-12-09 12:00:00,2.047,0.0
2019-12-09 18:00:00,12.243,0.0
2019-12-10 00:00:00,1.099,0.0
2019-12-10 06:00:00,1.615,0.4
2019-12-10 12:00:00,1.751,0.0
2019-12-10 18:00:00,12.316,0.0
2019-12-11 00:00:00,3.168,0.8
2019-12-11 06:00:00,0.88,0.2
2019-12-11 12:00:00,2.047,0.4
2019-12-11 18:00:00,10.467,0.0
2019-12-12 00:00:00,2.37,0.4
2019-12-12 06:00:00,1.832,0.0
2019-12-12 12:00:00,1.778,0.0
2019-12-12 18:00:00,4.063,0.6
2019-12-13 00:00:00,0.246,0.0
2019-12-13 06:00:00,0.88,0.2
2019-12-13 12:00:00,1.071,0.0
2019-12-13 18:00:00,8.02,0.0
2019-12-14 00:00:00,2.85,0.0
2019-12-14 06:00:00,2.074,0.2
2019-12-14 12:00:00,1.94,0.2
2019-12-14 18:00:00,5.642,0.0
2019-12-15 00:00:00,2.903,0.0
2019-12-15 06:00:00,1.344,0.4
2019-12-15 12:00:00,3.036,0.0
2019-12-15 18:00:00,4.74,0.4
2019-12-16 00:00:00,0.962,0.0
2019-12-16 06:00:00,3.564,0.0
2019-12-16 12:00:00,2.85,0.0
2019-12-16 18:00:00,9.805,0.0
2019-12-17 00:00:00,2.477,0.0
2019-12-17 06:00:00,1.967,0.0
2019-12-17 12:00:00,4.558,0.0
2019-12-17 18:00:00,12.847,0.0
2019-12-18 00:00:00,2.77,1.0
2019-12-18 06:00:00,2.744,0.6
2019-12-18 12:00:00,2.61,0.0
2019-12-18 18:00:00,5.821,0.0
2019-12-19 00:00:00,2.289,0.2
2019-12-19 06:00:00,2.155,0.4
2019-12-19 12:00:00,2.047,0.4
2019-12-19 18:00:00,13.185,0.0
2019-12-20 00:00:00,3.142,0.2
2019-12-20 06:00:00,1.534,1.2
2019-12-20 12:00:00,2.503,0.2
2019-12-20 18:00:00,7.594,0.0
2019-12-21 00:00:00,2.797,0.6
2019-12-21 06:00:00,3.063,0.0
2019-12-21 12:00:00,3.512,0.0
2019-12-21 18:00:00,11.2,0.0
2019-12-22 00:00:00,4.298,0.0
2019-12-22 06:00:00,3.433,0.0
2019-12-22 12:00:00,4.298,0.0
2019-12-22 18:00:00,12.025,0.0
2019-12-23 00:00:00,3.854,0.0
2019-12-23 06:00:00,4.324,0.0
2019-12-23 12:00:00,5.949,0.0
2019-12-23 18:00:00,10.834,0.0
2019-12-24 00:00:00,3.485,0.6
2019-12-24 06:00:00,2.983,0.0
2019-12-24 12:00:00,4.48,0.0
2019-12-24 18:00:00,14.433,0.0
2019-12-25 00:00:00,4.037,0.0
2019-12-25 06:00:00,2.744,0.0
2019-12-25 12:00:00,3.932,0.0
2019-12-25 18:00:00,7.217,0.2
2019-12-26 00:00:00,3.301,0.4
2019-12-26 06:00:00,3.591,0.0
2019-12-26 12:00:00,4.714,0.0
2019-12-26 18:00:00,13.401,0.0
2019-12-27 00:00:00,5.179,0.0
2019-12-27 06:00:00,3.485,0.0
2019-12-27 12:00:00,3.248,0.0
2019-12-27 18:00:00,15.247,0.0
2019-12-28 00:00:00,5.616,0.2
2019-12-28 06:00:00,3.854,0.6
2019-12-28 12:00:00,5.231,0.0
2019-12-28 18:00:00,13.858,0.0
2019-12-29 00:00:00,4.194,0.0
2019-12-29 06:00:00,3.38,0.0
2019-12-29 12:00:00,3.38,0.4
2019-12-29 18:00:00,13.762,0.0
2019-12-30 00:00:00,4.454,0.0
2019-12-30 06:00:00,3.485,0.0
2019-12-30 12:00:00,3.854,0.0
2019-12-30 18:00:00,11.832,0.0
2019-12-31 00:00:00,3.749,0.0
2019-12-31 06:00:00,3.116,0.0
2019-12-31 12:00:00,4.454,0.0
2019-12-31 18:00:00,12.678,0.0
2020-01-01 00:00:00,5.282,0.0
2020-01-01 06:00:00,3.512,0.0
2020-01-01 12:00:00,4.011,0.0
2020-01-01 18:00:00,9.977,0.0
2020-01-02 00:00:00,3.906,0.0
2020-01-02 06:00:00,2.45,0.0
2020-01-02 12:00:00,3.036,0.0
2020-01-02 18:00:00,6.636,0.0
2020-01-03 00:00:00,2.316,0.2
2020-01-03 06:00:00,0.577,0.0
2020-01-03 12:00:00,2.797,0.4
2020-01-03 18:00:00,13.04,0.0
2020-01-04 00:00:00,4.48,0.2
2020-01-04 06:00:00,3.512,0.0
2020-01-04 12:00:00,5.693,0.0
2020-01-04 18:00:00,6.484,0.0
2020-01-05 00:00:00,3.827,0.0
2020-01-05 06:00:00,1.886,0.0
2020-01-05 12:00:00,0.852,0.0
2020-01-05 18:00:00,8.817,0.0
2020-01-06 00:00:00,2.77,0.0
2020-01-06 06:00:00,1.371,0.0
2020-01-06 12:00:00,1.289,0.0
2020-01-06 18:00:00,11.297,0.0
2020-01-07 00:00:00,5.693,0.0
2020-01-07 06:00:00,2.047,0.0
2020-01-07 12:00:00,4.714,0.0
2020-01-07 18:00:00,12.05,0.0
2020-01-08 00:00:00,5.102,0.0
2020-01-08 06:00:00,1.534,0.0
2020-01-08 12:00:00,3.38,0.0
2020-01-08 18:00:00,13.473,0.0
2020-01-09 00:00:00,5.154,0.0
2020-01-09 06:00:00,1.994,0.0
2020-01-09 12:00:00,3.089,0.0
2020-01-09 18:00:00,9.509,0.0
2020-01-10 00:00:00,5.898,0.0
2020-01-10 06:00:00,2.316,0.0
2020-01-10 12:00:00,4.48,0.0
2020-01-10 18:00:00,11.565,0.0
2020-01-11 00:00:00,4.662,0.0
2020-01-11 06:00:00,2.61,0.0
2020-01-11 12:00:00,1.832,0.0
2020-01-11 18:00:00,10.59,0.0
2020-01-12 00:00:00,3.854,0.0
2020-01-12 06:00:00,2.477,0.0
2020-01-12 12:00:00,3.485,0.0
2020-01-12 18:00:00,9.608,0.0
2020-01-13 00:00:00,3.854,0.2
2020-01-13 06:00:00,2.983,0.0
2020-01-13 12:00:00,1.697,0.0
2020-01-13 18:00:00,8.965,0.0
2020-01-14 00:00:00,5.102,0.0
2020-01-14 06:00:00,3.036,0.2
2020-01-14 12:00:00,2.477,0.0
2020-01-14 18:00:00,7.192,0.8
2020-01-15 00:00:00,3.089,0.2
2020-01-15 06:00:00,1.615,0.0
2020-01-15 12:00:00,1.453,0.0
2020-01-15 18:00:00,12.775,0.0
2020-01-16 00:00:00,4.454,0.0
2020-01-16 06:00:00,2.717,0.0
2020-01-16 12:00:00,2.85,0.0
2020-01-16 18:00:00,7.116,0.0
2020-01-17 00:00:00,4.089,0.0
2020-01-17 06:00:00,2.503,0.0
2020-01-17 12:00:00,2.557,0.0
2020-01-17 18:00:00,6.0,0.0
2020-01-18 00:00:00,3.854,0.0
2020-01-18 06:00:00,2.047,0.0
2020-01-18 12:00:00,2.903,0.0
2020-01-18 18:00:00,5.024,0.0
2020-01-19 00:00:00,3.301,0.0
2020-01-19 06:00:00,2.289,0.0
2020-01-19 12:00:00,2.289,0.0
2020-01-19 18:00:00,9.952,0.0
2020-01-20 00:00:00,4.792,0.0
2020-01-20 06:00:00,3.327,0.0
2020-01-20 12:00:00,3.433,0.0
2020-01-20 18:00:00,12.775,0.0
2020-01-21 00:00:00,2.316,0.2
2020-01-21 06:00:00,4.558,0.0
2020-01-21 12:00:00,2.877,0.0
2020-01-21 18:00:00,7.318,0.0
2020-01-22 00:00:00,2.343,0.2
2020-01-22 06:00:00,1.18,0.0
2020-01-22 12:00:00,2.289,0.0
2020-01-22 18:00:00,13.377,0.0
2020-01-23 00:00:00,4.921,0.0
2020-01-23 06:00:00,3.301,0.0
2020-01-23 12:00:00,3.327,0.0
2020-01-23 18:00:00,11.127,0.0
2020-01-24 00:00:00,6.077,0.0
2020-01-24 06:00:00,3.142,0.0
2020-01-24 12:00:00,3.063,0.2
2020-01-24 18:00:00,10.956,0.0
2020-01-25 00:00:00,1.778,0.8
2020-01-25 06:00:00,2.343,0.2
2020-01-25 12:00:00,1.805,1.0
2020-01-25 18:00:00,5.257,1.0
2020-01-26 00:00:00,3.327,0.0
2020-01-26 06:00:00,2.128,0.0
2020-01-26 12:00:00,1.398,0.0
2020-01-26 18:00:00,1.317,1.4
2020-01-27 00:00:00,2.983,0.0
2020-01-27 06:00:00,3.089,0.0
2020-01-27 12:00:00,2.717,0.0
2020-01-27 18:00:00,13.473,0.0
2020-01-28 00:00:00,5.102,0.0
2020-01-28 06:00:00,1.18,0.0
2020-01-28 12:00:00,2.744,0.0
2020-01-28 18:00:00,14.745,0.0
2020-01-29 00:00:00,2.85,0.6
2020-01-29 06:00:00,2.637,0.0
2020-01-29 12:00:00,2.53,0.0
2020-01-29 18:00:00,9.879,0.0
2020-01-30 00:00:00,0.19,0.0
2020-01-30 06:00:00,1.017,0.0
2020-01-30 12:00:00,1.967,0.0
2020-01-30 18:00:00,11.565,0.0
2020-01-31 00:00:00,6.23,0.0
2020-01-31 06:00:00,3.985,0.2
2020-01-31 12:00:00,2.477,0.0
2020-01-31 18:00:00,12.654,0.0
2020-02-01 00:00:00,5.411,0.0
2020-02-01 06:00:00,3.406,0.0
2020-02-01 12:00:00,3.274,0.0
2020-02-01 18:00:00,6.0,0.0
2020-02-02 00:00:00,3.591,0.6
2020-02-02 06:00:00,2.956,0.0
2020-02-02 12:00:00,2.637,0.0
2020-02-02 18:00:00,10.712,0.0
2020-02-03 00:00:00,3.696,0.8
2020-02-03 06:00:00,3.009,0.2
2020-02-03 12:00:00,3.168,0.0
2020-02-03 18:00:00,8.841,0.0
2020-02-04 00:00:00,2.903,0.6
2020-02-04 06:00:00,2.61,0.0
2020-02-04 12:00:00,2.85,0.0
2020-02-04 18:00:00,7.242,0.4
2020-02-05 00:00:00,3.195,0.0
2020-02-05 06:00:00,2.903,0.0
2020-02-05 12:00:00,2.53,0.0
2020-02-05 18:00:00,6.889,0.4
2020-02-06 00:00:00,2.236,1.2
2020-02-06 06:00:00,2.557,0.0
2020-02-06 12:00:00,1.994,0.0
2020-02-06 18:00:00,8.17,0.0
2020-02-07 00:00:00,3.643,1.2
2020-02-07 06:00:00,2.557,0.4
2020-02-07 12:00:00,2.396,0.0
2020-02-07 18:00:00,8.519,0.0
2020-02-08 00:00:00,4.246,0.0
2020-02-08 06:00:00,3.327,0.0
2020-02-08 12:00:00,1.832,0.4
2020-02-08 18:00:00,9.064,0.0
2020-02-09 00:00:00,3.009,0.2
2020-02-09 06:00:00,1.778,0.0
2020-02-09 12:00:00,1.778,0.0
2020-02-09 18:00:00,9.977,0.0
2020-02-10 00:00:00,4.141,0.8
2020-02-10 06:00:00,2.93,0.2
2020-02-10 12:00:00,2.584,0.2
2020-02-10 18:00:00,10.124,0.0
2020-02-11 00:00:00,5.257,0.0
2020-02-11 06:00:00,3.485,0.0
2020-02-11 12:00:00,3.274,0.0
2020-02-11 18:00:00,11.904,0.0
2020-02-12 00:00:00,5.693,0.0
2020-02-12 06:00:00,3.985,0.0
2020-02-12 12:00:00,2.45,0.0
2020-02-12 18:00:00,12.678,0.0
2020-02-13 00:00:00,4.194,1.8
2020-02-13 06:00:00,3.248,0.0
2020-02-13 12:00:00,3.142,0.0
2020-02-13 18:00:00,8.817,0.0
2020-02-14 00:00:00,2.289,0.4
2020-02-14 06:00:00,3.009,0.0
2020-02-14 12:00:00,2.128,0.0
2020-02-14 18:00:00,12.025,0.0
2020-02-15 00:00:00,4.895,0.0
2020-02-15 06:00:00,3.036,0.0
2020-02-15 12:00:00,2.45,0.0
2020-02-15 18:00:00,11.029,0.0
2020-02-16 00:00:00,6.331,0.0
2020-02-16 06:00:00,4.22,0.0
2020-02-16 12:00:00,3.433,0.0
2020-02-16 18:00:00,5.949,0.4
2020-02-17 00:00:00,3.854,0.6
2020-02-17 06:00:00,3.617,0.0
2020-02-17 12:00:00,3.433,0.0
2020-02-17 18:00:00,6.737,0.0
2020-02-18 00:00:00,4.818,0.0
2020-02-18 06:00:00,3.274,0.0
2020-02-18 12:00:00,2.396,0.0
2020-02-18 18:00:00,7.795,0.0
2020-02-19 00:00:00,4.063,1.4
2020-02-19 06:00:00,3.538,0.0
2020-02-19 12:00:00,2.744,0.0
2020-02-19 18:00:00,9.139,0.0
2020-02-20 00:00:00,5.102,0.6
2020-02-20 06:00:00,2.956,0.0
2020-02-20 12:00:00,3.433,0.0
2020-02-20 18:00:00,12.558,0.0
2020-02-21 00:00:00,4.61,0.0
2020-02-21 06:00:00,3.274,0.0
2020-02-21 12:00:00,2.423,0.0
2020-02-21 18:00:00,14.481,0.0
2020-02-22 00:00:00,5.821,0.0
2020-02-22 06:00:00,3.617,0.0
2020-02-22 12:00:00,3.089,0.0
2020-02-22 18:00:00,9.608,0.0
2020-02-23 00:00:00,5.411,0.0
2020-02-23 06:00:00,2.877,0.0
2020-02-23 12:00:00,2.047,0.0
2020-02-23 18:00:00,14.026,0.0
2020-02-24 00:00:00,6.99,0.0
2020-02-24 06:00:00,3.67,0.0
2020-02-24 12:00:00,0.135,0.0
2020-02-24 18:00:00,13.858,0.0
2020-02-25 00:00:00,6.408,0.0
2020-02-25 06:00:00,3.801,0.0
2020-02-25 12:00:00,2.343,0.0
2020-02-25 18:00:00,15.079,0.0
2020-02-26 00:00:00,5.642,0.0
2020-02-26 06:00:00,3.274,0.0
2020-02-26 12:00:00,1.751,0.0
2020-02-26 18:00:00,13.449,0.0
2020-02-27 00:00:00,5.411,0.0
2020-02-27 06:00:00,2.903,0.0
2020-02-27 12:00:00,2.128,0.0
2020-02-27 18:00:00,9.731,0.0
2020-02-28 00:00:00,5.076,0.0
2020-02-28 06:00:00,1.859,0.0
2020-02-28 12:00:00,2.316,0.0
2020-02-28 18:00:00,9.583,0.0
2020-02-29 00:00:00,4.869,0.0
2020-02-29 06:00:00,4.011,0.0
2020-02-29 12:00:00,3.459,0.2
2020-02-29 18:00:00,9.262,0.0
2020-03-01 00:00:00,3.591,0.2
2020-03-01 06:00:00,2.557,0.2
2020-03-01 12:00:00,2.717,0.0
2020-03-01 18:00:00,6.026,0.4
2020-03-02 00:00:00,2.903,0.0
2020-03-02 06:00:00,3.749,0.0
2020-03-02 12:00:00,2.717,0.0
2020-03-02 18:00:00,13.016,0.0
2020-03-03 00:00:00,1.994,1.0
2020-03-03 06:00:00,3.38,0.0
2020-03-03 12:00:00,2.423,0.0
2020-03-03 18:00:00,13.978,0.0
2020-03-04 00:00:00,5.591,0.0
2020-03-04 06:00:00,4.921,0.0
2020-03-04 12:00:00,3.221,0.0
2020-03-04 18:00:00,12.268,0.0
2020-03-05 00:00:00,7.217,0.0
2020-03-05 06:00:00,3.958,0.0
2020-03-05 12:00:00,3.221,0.0
2020-03-05 18:00:00,12.558,0.0
2020-03-06 00:00:00,7.544,0.0
2020-03-06 06:00:00,5.616,0.0
2020-03-06 12:00:00,3.985,0.0
2020-03-06 18:00:00,8.519,0.0
2020-03-07 00:00:00,4.454,0.0
2020-03-07 06:00:00,3.195,0.0
2020-03-07 12:00:00,1.751,0.0
2020-03-07 18:00:00,11.346,0.0
2020-03-08 00:00:00,5.821,0.0
2020-03-08 06:00:00,3.722,0.0
2020-03-08 12:00:00,3.485,0.0
2020-03-08 18:00:00,12.871,0.0
2020-03-09 00:00:00,6.636,0.0
2020-03-09 06:00:00,4.895,0.0
2020-03-09 12:00:00,3.485,0.0
2020-03-09 18:00:00,10.932,0.0
2020-03-10 00:00:00,3.459,0.6
2020-03-10 06:00:00,2.637,0.0
2020-03-10 12:00:00,1.967,0.0
2020-03-10 18:00:00,13.93,0.0
2020-03-11 00:00:00,3.801,1.4
2020-03-11 06:00:00,2.289,0.0
2020-03-11 12:00:00,0.907,0.0
2020-03-11 18:00:00,12.799,0.0
2020-03-12 00:00:00,1.913,0.0
2020-03-12 06:00:00,1.724,0.2
2020-03-12 12:00:00,1.425,0.0
2020-03-12 18:00:00,7.995,0.0
2020-03-13 00:00:00,3.617,0.0
2020-03-13 06:00:00,1.994,0.0
2020-03-13 12:00:00,1.724,0.0
2020-03-13 18:00:00,7.845,0.0
2020-03-14 00:00:00,4.792,0.0
2020-03-14 06:00:00,3.406,0.0
2020-03-14 12:00:00,3.538,0.0
2020-03-14 18:00:00,11.492,0.0
2020-03-15 00:00:00,3.512,0.0
2020-03-15 06:00:00,5.462,0.0
2020-03-15 12:00:00,3.327,0.0
2020-03-15 18:00:00,15.127,0.0
2020-03-16 00:00:00,3.617,0.0
2020-03-16 06:00:00,2.983,0.0
2020-03-16 12:00:00,3.354,0.0
2020-03-16 18:00:00,14.194,0.0
2020-03-17 00:00:00,4.921,0.0
2020-03-17 06:00:00,2.744,0.0
2020-03-17 12:00:00,2.37,0.0
2020-03-17 18:00:00,10.394,0.0
2020-03-18 00:00:00,1.317,0.2
2020-03-18 06:00:00,-0.004,0.0
2020-03-18 12:00:00,0.77,0.0
2020-03-18 18:00:00,5.024,0.6
2020-03-19 00:00:00,-0.367,0.0
2020-03-19 06:00:00,0.273,0.0
2020-03-19 12:00:00,2.074,0.0
2020-03-19 18:00:00,11.662,0.0
2020-03-20 00:00:00,1.071,0.0
2020-03-20 06:00:00,1.507,0.4
2020-03-20 12:00:00,1.398,0.0
2020-03-20 18:00:00,7.945,0.0
2020-03-21 00:00:00,2.316,0.2
2020-03-21 06:00:00,1.235,0.0
2020-03-21 12:00:00,0.77,0.0
2020-03-21 18:00:00,8.07,0.0
2020-03-22 00:00:00,2.53,0.0
2020-03-22 06:00:00,1.398,0.0
2020-03-22 12:00:00,0.632,0.0
2020-03-22 18:00:00,8.99,0.0
2020-03-23 00:00:00,0.825,0.4
2020-03-23 06:00:00,1.697,0.6
2020-03-23 12:00:00,2.45,0.0
2020-03-23 18:00:00,7.87,0.0
2020-03-24 00:00:00,4.558,0.0
2020-03-24 06:00:00,1.615,0.0
2020-03-24 12:00:00,2.182,0.0
2020-03-24 18:00:00,8.419,0.0
2020-03-25 00:00:00,4.246,0.0
2020-03-25 06:00:00,2.797,0.0
2020-03-25 12:00:00,3.512,0.0
2020-03-25 18:00:00,12.292,0.0
2020-03-26 00:00:00,5.949,0.0
2020-03-26 06:00:00,3.827,0.0
2020-03-26 12:00:00,3.248,0.0
2020-03-26 18:00:00,13.377,0.0
2020-03-27 00:00:00,1.805,2.0
2020-03-27 06:00:00,2.53,0.0
2020-03-27 12:00:00,2.557,0.4
2020-03-27 18:00:00,6.051,0.2
2020-03-28 00:00:00,4.037,0.0
2020-03-28 06:00:00,2.637,0.6
2020-03-28 12:00:00,1.697,0.0
2020-03-28 18:00:00,8.99,0.0
2020-03-29 00:00:00,2.316,0.0
2020-03-29 06:00:00,2.074,0.0
2020-03-29 12:00:00,2.37,0.0
2020-03-29 18:00:00,11.71,0.0
2020-03-30 00:00:00,0.163,0.0
2020-03-30 06:00:00,1.778,0.0
2020-03-30 12:00:00,2.128,0.0
2020-03-30 18:00:00,7.318,0.0
2020-03-31 00:00:00,2.396,0.6
2020-03-31 06:00:00,1.94,0.0
2020-03-31 12:00:00,2.584,0.0
2020-03-31 18:00:00,6.839,0.0
2020-04-01 00:00:00,3.274,0.0
2020-04-01 06:00:00,1.262,0.0
2020-04-01 12:00:00,2.128,0.0
2020-04-01 18:00:00,7.77,0.0
2020-04-02 00:00:00,2.503,0.2
2020-04-02 06:00:00,1.371,0.2
2020-04-02 12:00:00,1.317,0.0
2020-04-02 18:00:00,4.844,0.0
2020-04-03 00:00:00,3.063,0.0
2020-04-03 06:00:00,2.664,0.0
2020-04-03 12:00:00,2.101,0.0
2020-04-03 18:00:00,7.745,0.0
2020-04-04 00:00:00,5.821,0.0
2020-04-04 06:00:00,3.248,0.0
2020-04-04 12:00:00,2.877,0.0
2020-04-04 18:00:00,12.534,0.0
2020-04-05 00:00:00,4.22,0.2
2020-04-05 06:00:00,3.274,0.0
2020-04-05 12:00:00,2.69,0.0
2020-04-05 18:00:00,9.287,0.0
2020-04-06 00:00:00,5.128,0.0
2020-04-06 06:00:00,4.558,0.0
2020-04-06 12:00:00,1.886,0.6
