data,Temperature,Precipitation
2004-07-13 00:00:00,9.6,
2004-07-13 06:00:00,4.2,
2004-07-13 12:00:00,3.0,
2004-07-13 18:00:00,10.9,
2004-07-14 00:00:00,5.3,
2004-07-14 06:00:00,1.9,
2004-07-14 12:00:00,0.3,
2004-07-14 18:00:00,12.7,
2004-07-15 00:00:00,7.1,
2004-07-15 06:00:00,4.4,
2004-07-15 12:00:00,3.5,
2004-07-15 18:00:00,13.3,
2004-07-16 00:00:00,7.1,
2004-07-16 06:00:00,4.7,
2004-07-16 12:00:00,5.1,
2004-07-16 18:00:00,11.4,
2004-07-17 00:00:00,8.4,
2004-07-17 06:00:00,3.3,
2004-07-17 12:00:00,5.8,
2004-07-17 18:00:00,14.0,
2004-07-18 00:00:00,7.0,
2004-07-18 06:00:00,5.0,
2004-07-18 12:00:00,1.9,
2004-07-18 18:00:00,15.1,
2004-07-19 00:00:00,6.6,
2004-07-19 06:00:00,3.0,
2004-07-19 12:00:00,1.5,
2004-07-19 18:00:00,14.2,
2004-07-20 00:00:00,9.9,
2004-07-20 06:00:00,3.2,
2004-07-20 12:00:00,0.4,
2004-07-20 18:00:00,12.7,
2004-07-21 00:00:00,7.4,
2004-07-21 06:00:00,5.0,
2004-07-21 12:00:00,1.6,
2004-07-21 18:00:00,14.4,
2004-07-22 00:00:00,9.3,
2004-07-22 06:00:00,1.6,
2004-07-22 12:00:00,1.1,
2004-07-22 18:00:00,14.4,
2004-07-23 00:00:00,6.6,
2004-07-23 06:00:00,2.7,
2004-07-23 12:00:00,0.8,
2004-07-23 18:00:00,12.9,
2004-07-24 00:00:00,5.5,
2004-07-24 06:00:00,1.3,
2004-07-24 12:00:00,-0.2,
2004-07-24 18:00:00,14.9,
2004-07-25 00:00:00,7.2,
2004-07-25 06:00:00,0.8,
2004-07-25 12:00:00,5.6,
2004-07-25 18:00:00,11.8,
2004-07-26 00:00:00,8.5,
2004-07-26 06:00:00,2.7,
2004-07-26 12:00:00,3.7,
2004-07-26 18:00:00,11.3,
2004-07-27 00:00:00,6.6,
2004-07-27 06:00:00,3.9,
2004-07-27 12:00:00,6.4,
2004-07-27 18:00:00,14.4,
2004-07-28 00:00:00,10.0,
2004-07-28 06:00:00,3.1,
2004-07-28 12:00:00,0.3,
2004-07-28 18:00:00,14.9,
2004-07-29 00:00:00,7.1,
2004-07-29 06:00:00,2.2,
2004-07-29 12:00:00,1.9,
2004-07-29 18:00:00,15.1,
2004-07-30 00:00:00,10.2,
2004-07-30 06:00:00,5.2,
2004-07-30 12:00:00,6.5,
2004-07-30 18:00:00,12.8,
2004-07-31 00:00:00,8.2,
2004-07-31 06:00:00,5.7,
2004-07-31 12:00:00,2.4,
2004-07-31 18:00:00,14.1,
2004-08-01 00:00:00,10.8,
2004-08-01 06:00:00,6.3,
2004-08-01 12:00:00,4.2,
2004-08-01 18:00:00,16.3,
2004-08-02 00:00:00,8.0,
2004-08-02 06:00:00,1.9,
2004-08-02 12:00:00,-0.3,
2004-08-02 18:00:00,16.8,
2004-08-03 00:00:00,7.8,
2004-08-03 06:00:00,2.6,
2004-08-03 12:00:00,0.5,
2004-08-03 18:00:00,15.6,
2004-08-04 00:00:00,11.0,
2004-08-04 06:00:00,1.1,
2004-08-04 12:00:00,-0.2,
2004-08-04 18:00:00,14.9,
2004-08-05 00:00:00,11.0,
2004-08-05 06:00:00,1.6,
2004-08-05 12:00:00,-0.6,
2004-08-05 18:00:00,14.0,
2004-08-06 00:00:00,10.1,
2004-08-06 06:00:00,-0.8,
2004-08-06 12:00:00,-1.2,
2004-08-06 18:00:00,10.1,
2004-08-07 00:00:00,9.7,
2004-08-07 06:00:00,7.4,
2004-08-07 12:00:00,6.3,
2004-08-07 18:00:00,8.2,
2004-08-08 00:00:00,6.8,
2004-08-08 06:00:00,6.6,
2004-08-08 12:00:00,6.3,
2004-08-08 18:00:00,10.9,
2004-08-09 00:00:00,8.2,
2004-08-09 06:00:00,6.5,
2004-08-09 12:00:00,2.2,
2004-08-09 18:00:00,14.2,
2004-08-10 00:00:00,10.4,
2004-08-10 06:00:00,8.0,
2004-08-10 12:00:00,7.0,
2004-08-10 18:00:00,13.1,
2004-08-11 00:00:00,9.7,
2004-08-11 06:00:00,7.3,
2004-08-11 12:00:00,6.3,
2004-08-11 18:00:00,13.2,
2004-08-12 00:00:00,8.8,
2004-08-12 06:00:00,6.2,
2004-08-12 12:00:00,0.3,
2004-08-12 18:00:00,13.4,
2004-08-13 00:00:00,9.1,
2004-08-13 06:00:00,7.2,
2004-08-13 12:00:00,6.6,
2004-08-13 18:00:00,12.3,
2004-08-14 00:00:00,9.2,
2004-08-14 06:00:00,7.4,
2004-08-14 12:00:00,5.8,
2004-08-14 18:00:00,14.3,
2004-08-15 00:00:00,9.9,
2004-08-15 06:00:00,7.3,
2004-08-15 12:00:00,6.0,
2004-08-15 18:00:00,14.7,
2004-08-16 00:00:00,10.7,
2004-08-16 06:00:00,6.8,
2004-08-16 12:00:00,5.8,
2004-08-16 18:00:00,13.4,
2004-08-17 00:00:00,9.7,
2004-08-17 06:00:00,6.1,
2004-08-17 12:00:00,7.0,
2004-08-17 18:00:00,13.2,
2004-08-18 00:00:00,10.5,
2004-08-18 06:00:00,2.9,
2004-08-18 12:00:00,6.6,
2004-08-18 18:00:00,10.3,
2004-08-19 00:00:00,7.1,
2004-08-19 06:00:00,8.4,
2004-08-19 12:00:00,6.0,
2004-08-19 18:00:00,11.3,
2004-08-20 00:00:00,9.8,
2004-08-20 06:00:00,7.6,
2004-08-20 12:00:00,4.6,
2004-08-20 18:00:00,15.3,
2004-08-21 00:00:00,11.3,
2004-08-21 06:00:00,2.1,
2004-08-21 12:00:00,1.2,
2004-08-21 18:00:00,15.8,
2004-08-22 00:00:00,10.5,
2004-08-22 06:00:00,2.5,
2004-08-22 12:00:00,1.2,
2004-08-22 18:00:00,15.6,
2004-08-23 00:00:00,8.3,
2004-08-23 06:00:00,2.8,
2004-08-23 12:00:00,4.6,
2004-08-23 18:00:00,16.3,
2004-08-24 00:00:00,10.1,
2004-08-24 06:00:00,3.5,
2004-08-24 12:00:00,1.6,
2004-08-24 18:00:00,12.5,
2004-08-25 00:00:00,7.7,
2004-08-25 06:00:00,2.7,
2004-08-25 12:00:00,1.3,
2004-08-25 18:00:00,13.2,
2004-08-26 00:00:00,9.1,
2004-08-26 06:00:00,2.0,
2004-08-26 12:00:00,0.1,
2004-08-26 18:00:00,15.2,
2004-08-27 00:00:00,9.2,
2004-08-27 06:00:00,3.1,
2004-08-27 12:00:00,1.6,
2004-08-27 18:00:00,14.9,
2004-08-28 00:00:00,8.7,
2004-08-28 06:00:00,2.1,
2004-08-28 12:00:00,3.2,
2004-08-28 18:00:00,13.3,
2004-08-29 00:00:00,8.6,
2004-08-29 06:00:00,2.5,
2004-08-29 12:00:00,3.9,
2004-08-29 18:00:00,14.9,
2004-08-30 00:00:00,8.9,
2004-08-30 06:00:00,6.9,
2004-08-30 12:00:00,6.6,
2004-08-30 18:00:00,8.5,
2004-08-31 00:00:00,5.5,
2004-08-31 06:00:00,7.0,
2004-08-31 12:00:00,6.8,
2004-08-31 18:00:00,14.6,
2004-09-01 00:00:00,10.3,
2004-09-01 06:00:00,7.8,
2004-09-01 12:00:00,6.5,
2004-09-01 18:00:00,15.7,
2004-09-02 00:00:00,11.8,
2004-09-02 06:00:00,7.8,
2004-09-02 12:00:00,7.8,
2004-09-02 18:00:00,11.1,
2004-09-03 00:00:00,10.0,
2004-09-03 06:00:00,8.6,
2004-09-03 12:00:00,7.2,
2004-09-03 18:00:00,11.8,
2004-09-04 00:00:00,9.1,
2004-09-04 06:00:00,6.0,
2004-09-04 12:00:00,7.8,
2004-09-04 18:00:00,12.2,
2004-09-05 00:00:00,9.3,
2004-09-05 06:00:00,3.1,
2004-09-05 12:00:00,2.0,
2004-09-05 18:00:00,14.5,
2004-09-06 00:00:00,9.3,
2004-09-06 06:00:00,3.9,
2004-09-06 12:00:00,1.3,
2004-09-06 18:00:00,13.1,
2004-09-07 00:00:00,6.6,
2004-09-07 06:00:00,4.0,
2004-09-07 12:00:00,3.7,
2004-09-07 18:00:00,8.4,
2004-09-08 00:00:00,5.3,
2004-09-08 06:00:00,4.0,
2004-09-08 12:00:00,3.7,
2004-09-08 18:00:00,6.4,
2004-09-09 00:00:00,5.5,
2004-09-09 06:00:00,5.0,
2004-09-09 12:00:00,3.5,
2004-09-09 18:00:00,9.1,
2004-09-10 00:00:00,3.4,
2004-09-10 06:00:00,3.5,
2004-09-10 12:00:00,3.5,
2004-09-10 18:00:00,11.4,
2004-09-11 00:00:00,8.5,
2004-09-11 06:00:00,4.4,
2004-09-11 12:00:00,2.0,
2004-09-11 18:00:00,14.8,
2004-09-12 00:00:00,10.1,
2004-09-12 06:00:00,4.2,
2004-09-12 12:00:00,4.6,
2004-09-12 18:00:00,14.0,
2004-09-13 00:00:00,10.6,
2004-09-13 06:00:00,7.9,
2004-09-13 12:00:00,6.3,
2004-09-13 18:00:00,15.4,
2004-09-14 00:00:00,9.7,
2004-09-14 06:00:00,3.1,
2004-09-14 12:00:00,2.9,
2004-09-14 18:00:00,16.5,
2004-09-15 00:00:00,9.1,
2004-09-15 06:00:00,3.7,
2004-09-15 12:00:00,2.1,
2004-09-15 18:00:00,13.5,
2004-09-16 00:00:00,7.2,
2004-09-16 06:00:00,5.6,
2004-09-16 12:00:00,2.8,
2004-09-16 18:00:00,16.0,
2004-09-17 00:00:00,8.8,
2004-09-17 06:00:00,5.2,
2004-09-17 12:00:00,1.5,
2004-09-17 18:00:00,15.5,
2004-09-18 00:00:00,8.2,
2004-09-18 06:00:00,4.7,
2004-09-18 12:00:00,3.7,
2004-09-18 18:00:00,14.1,
2004-09-19 00:00:00,7.7,
2004-09-19 06:00:00,4.8,
2004-09-19 12:00:00,3.3,
2004-09-19 18:00:00,10.9,
2004-09-20 00:00:00,9.1,
2004-09-20 06:00:00,3.0,
2004-09-20 12:00:00,2.0,
2004-09-20 18:00:00,13.6,
2004-09-21 00:00:00,7.4,
2004-09-21 06:00:00,5.4,
2004-09-21 12:00:00,5.6,
2004-09-21 18:00:00,11.9,
2004-09-22 00:00:00,6.5,
2004-09-22 06:00:00,5.5,
2004-09-22 12:00:00,5.0,
2004-09-22 18:00:00,13.8,
2004-09-23 00:00:00,6.3,
2004-09-23 06:00:00,6.1,
2004-09-23 12:00:00,7.7,
2004-09-23 18:00:00,11.4,
2004-09-24 00:00:00,7.8,
2004-09-24 06:00:00,7.0,
2004-09-24 12:00:00,1.8,
2004-09-24 18:00:00,15.4,
2004-09-25 00:00:00,10.1,
2004-09-25 06:00:00,3.1,
2004-09-25 12:00:00,2.7,
2004-09-25 18:00:00,14.5,
2004-09-26 00:00:00,7.4,
2004-09-26 06:00:00,3.3,
2004-09-26 12:00:00,5.7,
2004-09-26 18:00:00,17.3,
2004-09-27 00:00:00,6.1,
2004-09-27 06:00:00,5.4,
2004-09-27 12:00:00,7.0,
2004-09-27 18:00:00,14.0,
2004-09-28 00:00:00,9.5,
2004-09-28 06:00:00,3.0,
2004-09-28 12:00:00,1.1,
2004-09-28 18:00:00,11.3,
2004-09-29 00:00:00,8.0,
2004-09-29 06:00:00,5.0,
2004-09-29 12:00:00,4.6,
2004-09-29 18:00:00,13.6,
2004-09-30 00:00:00,6.6,
2004-09-30 06:00:00,5.1,
2004-09-30 12:00:00,4.4,
2004-09-30 18:00:00,9.3,
2004-10-01 00:00:00,5.7,
2004-10-01 06:00:00,4.3,
2004-10-01 12:00:00,3.5,
2004-10-01 18:00:00,15.3,
2004-10-02 00:00:00,8.2,
2004-10-02 06:00:00,6.1,
2004-10-02 12:00:00,5.1,
2004-10-02 18:00:00,14.1,
2004-10-03 00:00:00,6.7,
2004-10-03 06:00:00,6.0,
2004-10-03 12:00:00,5.3,
2004-10-03 18:00:00,14.4,
2004-10-04 00:00:00,7.6,
2004-10-04 06:00:00,5.9,
2004-10-04 12:00:00,5.4,
2004-10-04 18:00:00,14.7,
2004-10-05 00:00:00,8.3,
2004-10-05 06:00:00,5.9,
2004-10-05 12:00:00,7.2,
2004-10-05 18:00:00,10.0,
2004-10-06 00:00:00,10.4,
2004-10-06 06:00:00,4.3,
2004-10-06 12:00:00,5.9,
2004-10-06 18:00:00,14.5,
2004-10-07 00:00:00,6.7,
2004-10-07 06:00:00,4.9,
2004-10-07 12:00:00,5.2,
2004-10-07 18:00:00,13.7,
2004-10-08 00:00:00,5.1,
2004-10-08 06:00:00,5.7,
2004-10-08 12:00:00,3.7,
2004-10-08 18:00:00,15.3,
2004-10-09 00:00:00,8.8,
2004-10-09 06:00:00,4.7,
2004-10-09 12:00:00,2.7,
2004-10-09 18:00:00,16.3,
2004-10-10 00:00:00,8.9,
2004-10-10 06:00:00,5.2,
2004-10-10 12:00:00,4.4,
2004-10-10 18:00:00,15.0,
2004-10-11 00:00:00,8.3,
2004-10-11 06:00:00,5.3,
2004-10-11 12:00:00,4.5,
2004-10-11 18:00:00,15.4,
2004-10-12 00:00:00,9.3,
2004-10-12 06:00:00,4.6,
2004-10-12 12:00:00,2.2,
2004-10-12 18:00:00,15.8,
2004-10-13 00:00:00,8.8,
2004-10-13 06:00:00,2.9,
2004-10-13 12:00:00,2.1,
2004-10-13 18:00:00,16.6,
2004-10-14 00:00:00,9.4,
2004-10-14 06:00:00,3.8,
2004-10-14 12:00:00,3.4,
2004-10-14 18:00:00,15.7,
2004-10-15 00:00:00,8.6,
2004-10-15 06:00:00,4.3,
2004-10-15 12:00:00,3.2,
2004-10-15 18:00:00,16.3,
2004-10-16 00:00:00,9.3,
2004-10-16 06:00:00,3.5,
2004-10-16 12:00:00,3.0,
2004-10-16 18:00:00,15.8,
2004-10-17 00:00:00,7.4,
2004-10-17 06:00:00,3.8,
2004-10-17 12:00:00,4.3,
2004-10-17 18:00:00,12.8,
2004-10-18 00:00:00,5.0,
2004-10-18 06:00:00,4.9,
2004-10-18 12:00:00,3.9,
2004-10-18 18:00:00,10.9,
2004-10-19 00:00:00,7.3,
2004-10-19 06:00:00,3.9,
2004-10-19 12:00:00,5.9,
2004-10-19 18:00:00,14.6,
2004-10-20 00:00:00,5.4,
2004-10-20 06:00:00,5.4,
2004-10-20 12:00:00,4.6,
2004-10-20 18:00:00,10.7,
2004-10-21 00:00:00,5.3,
2004-10-21 06:00:00,3.9,
2004-10-21 12:00:00,4.6,
2004-10-21 18:00:00,8.6,
2004-10-22 00:00:00,5.1,
2004-10-22 06:00:00,5.4,
2004-10-22 12:00:00,4.6,
2004-10-22 18:00:00,10.9,
2004-10-23 00:00:00,7.1,
2004-10-23 06:00:00,5.6,
2004-10-23 12:00:00,5.0,
2004-10-23 18:00:00,9.2,
2004-10-24 00:00:00,6.5,
2004-10-24 06:00:00,3.7,
2004-10-24 12:00:00,3.8,
2004-10-24 18:00:00,10.0,
2004-10-25 00:00:00,5.7,
2004-10-25 06:00:00,4.2,
2004-10-25 12:00:00,4.4,
2004-10-25 18:00:00,12.6,
2004-10-26 00:00:00,6.3,
2004-10-26 06:00:00,4.8,
2004-10-26 12:00:00,4.6,
2004-10-26 18:00:00,12.4,
2004-11-17 06:00:00,,0.1
2004-11-17 12:00:00,,1.9
2004-11-17 18:00:00,,1.9
2004-11-18 00:00:00,,0.0
2004-11-18 06:00:00,,0.0
2004-11-18 12:00:00,,0.8
2004-11-18 18:00:00,,2.6
2004-11-19 00:00:00,,0.0
2004-11-19 06:00:00,,0.2
2004-11-19 12:00:00,,5.3
2004-11-19 18:00:00,,0.0
2004-11-20 00:00:00,,0.0
2004-11-20 06:00:00,,0.6
2004-11-20 12:00:00,,6.3
2004-11-20 18:00:00,,9.0
2004-11-21 00:00:00,,0.5
2004-11-21 06:00:00,,0.7
2004-11-21 12:00:00,,2.9
2004-11-21 18:00:00,,8.0
2004-11-22 00:00:00,,3.6
2004-11-22 06:00:00,,0.8
2004-11-22 12:00:00,,2.0
2004-11-22 18:00:00,,1.4
2004-11-23 00:00:00,,1.9
2004-11-23 06:00:00,,2.6
2004-11-23 12:00:00,,0.3
2004-11-23 18:00:00,,0.5
2004-11-24 00:00:00,,0.0
2004-11-24 06:00:00,,1.5
2004-11-24 12:00:00,,3.9
2004-11-24 18:00:00,,4.0
2004-11-25 00:00:00,,0.0
2004-11-25 06:00:00,,1.3
2004-11-25 12:00:00,,2.4
2004-11-25 18:00:00,,6.0
2004-11-26 00:00:00,,0.0
2004-11-26 06:00:00,,0.3
2004-11-26 12:00:00,,1.5
2004-11-26 18:00:00,,3.5
2004-11-27 00:00:00,,0.6
2004-11-27 06:00:00,,1.5
2004-11-27 12:00:00,,1.8
2004-11-27 18:00:00,,2.9
2004-11-28 00:00:00,,0.1
2004-11-28 06:00:00,,0.4
2004-11-28 12:00:00,,1.9
2004-11-28 18:00:00,,1.3
2004-11-29 00:00:00,,0.7
2004-11-29 06:00:00,,0.3
2004-11-29 12:00:00,,1.9
2004-11-29 18:00:00,,6.8
2004-11-30 00:00:00,,0.4
2004-11-30 06:00:00,,0.1
2004-11-30 12:00:00,,1.9
2004-11-30 18:00:00,,0.4
2004-12-01 00:00:00,,0.4
2004-12-01 06:00:00,,0.6
2004-12-01 12:00:00,,2.0
2004-12-01 18:00:00,,9.1
2004-12-02 00:00:00,,0.7
2004-12-02 06:00:00,,0.3
2004-12-02 12:00:00,,0.0
2004-12-02 18:00:00,,1.1
2004-12-03 00:00:00,,0.0
2004-12-03 06:00:00,,0.9
2004-12-03 12:00:00,,1.1
2004-12-03 18:00:00,,2.8
2004-12-04 00:00:00,,0.0
2004-12-04 06:00:00,,0.2
2004-12-04 12:00:00,,2.4
2004-12-04 18:00:00,,2.8
2004-12-05 00:00:00,,1.3
2004-12-05 06:00:00,,0.7
2004-12-05 12:00:00,,0.9
2004-12-05 18:00:00,,5.3
2004-12-06 00:00:00,,0.9
2004-12-06 06:00:00,,0.1
2004-12-06 12:00:00,,1.3
2004-12-06 18:00:00,,1.9
2004-12-07 00:00:00,,0.0
2004-12-07 06:00:00,,0.0
2004-12-07 12:00:00,,1.2
2004-12-07 18:00:00,,1.4
2004-12-08 00:00:00,,0.1
2004-12-08 06:00:00,,0.1
2004-12-08 12:00:00,,2.1
2004-12-08 18:00:00,,1.1
2004-12-09 00:00:00,,0.5
2004-12-09 06:00:00,,0.3
2004-12-09 12:00:00,,1.3
2004-12-09 18:00:00,,0.4
2004-12-10 00:00:00,,0.2
2004-12-10 06:00:00,,0.1
2004-12-10 12:00:00,,2.0
2004-12-10 18:00:00,,3.0
2004-12-11 00:00:00,,1.2
2004-12-11 06:00:00,,0.3
2004-12-11 12:00:00,,1.8
2004-12-11 18:00:00,,0.1
2004-12-12 00:00:00,,0.0
2004-12-12 06:00:00,,0.3
2004-12-12 12:00:00,,1.2
2004-12-12 18:00:00,,6.6
2004-12-13 00:00:00,,0.2
2004-12-13 06:00:00,,0.1
2004-12-13 12:00:00,,1.4
2004-12-13 18:00:00,,3.0
2004-12-14 00:00:00,,0.0
2004-12-14 06:00:00,,0.4
2004-12-14 12:00:00,,2.0
2004-12-14 18:00:00,,0.0
2004-12-15 00:00:00,,0.0
2004-12-15 06:00:00,,0.0
2004-12-15 12:00:00,,0.0
2004-12-15 18:00:00,,0.0
2004-12-16 00:00:00,,0.1
2004-12-16 06:00:00,,3.3
2004-12-16 12:00:00,,0.0
2004-12-16 18:00:00,,1.0
2004-12-17 00:00:00,,0.6
2004-12-17 06:00:00,,0.3
2004-12-17 12:00:00,,0.0
2004-12-17 18:00:00,,0.0
2004-12-18 00:00:00,,0.0
2004-12-18 06:00:00,,0.0
2004-12-18 12:00:00,,0.0
2004-12-18 18:00:00,,0.0
2004-12-19 00:00:00,,0.0
2004-12-19 06:00:00,,0.0
2004-12-19 12:00:00,,0.0
2004-12-19 18:00:00,,0.0
2004-12-20 00:00:00,,0.0
2004-12-20 06:00:00,,0.0
2004-12-20 12:00:00,,0.0
2004-12-20 18:00:00,,0.0
2004-12-21 00:00:00,,0.0
2004-12-21 06:00:00,,0.0
2004-12-21 12:00:00,,0.0
2004-12-21 18:00:00,,0.0
2004-12-22 00:00:00,,0.0
2004-12-22 06:00:00,,0.0
2004-12-22 12:00:00,,0.0
2004-12-22 18:00:00,,0.0
2004-12-23 00:00:00,,0.0
2004-12-23 06:00:00,,0.0
2004-12-23 12:00:00,,0.0
2004-12-23 18:00:00,,0.0
2004-12-24 00:00:00,,0.0
2004-12-24 06:00:00,,0.0
2004-12-24 12:00:00,,0.0
2004-12-24 18:00:00,,0.0
2004-12-25 00:00:00,,0.0
2004-12-25 06:00:00,,0.0
2004-12-25 12:00:00,,0.0
2004-12-25 18:00:00,,0.0
2004-12-26 00:00:00,,0.0
2004-12-26 06:00:00,,0.0
2004-12-26 12:00:00,,0.0
2004-12-26 18:00:00,,0.0
2004-12-27 00:00:00,,0.0
2004-12-27 06:00:00,,0.0
2004-12-27 12:00:00,,0.0
2004-12-27 18:00:00,,0.5
2004-12-28 00:00:00,,0.4
2004-12-28 06:00:00,,0.0
2004-12-28 12:00:00,,0.0
2004-12-28 18:00:00,,0.0
2004-12-29 00:00:00,,0.0
2004-12-29 06:00:00,,0.0
2004-12-29 12:00:00,,0.0
2004-12-29 18:00:00,,0.0
2004-12-30 00:00:00,,0.7
2004-12-30 06:00:00,,0.8
2004-12-30 12:00:00,,0.0
2004-12-30 18:00:00,,0.0
2004-12-31 00:00:00,,0.0
2004-12-31 06:00:00,,0.0
2004-12-31 12:00:00,,0.0
2004-12-31 18:00:00,,0.0
2005-01-01 00:00:00,,0.0
2005-01-01 06:00:00,,0.0
2005-01-01 12:00:00,,0.0
2005-01-01 18:00:00,,0.0
2005-01-02 00:00:00,,0.0
2005-01-02 06:00:00,,0.0
2005-01-02 12:00:00,,0.0
2005-01-02 18:00:00,,0.0
2005-01-03 00:00:00,,0.5
2005-01-03 06:00:00,,0.0
2005-01-03 12:00:00,,0.0
2005-01-03 18:00:00,,0.4
2005-01-04 00:00:00,,0.0
2005-01-04 06:00:00,,0.0
2005-01-04 12:00:00,,0.2
2005-01-04 18:00:00,,0.0
2005-01-05 00:00:00,,0.1
2005-01-05 06:00:00,,0.0
2005-01-05 12:00:00,,0.0
2005-01-05 18:00:00,,0.0
2005-01-06 00:00:00,,3.5
2005-01-06 06:00:00,,1.2
2005-01-06 12:00:00,,0.5
2005-01-06 18:00:00,,0.2
2005-01-07 00:00:00,,0.0
2005-01-07 06:00:00,,0.0
2005-01-07 12:00:00,,0.0
2005-01-07 18:00:00,,0.0
2005-01-08 00:00:00,,0.0
2005-01-08 06:00:00,,0.0
2005-01-08 12:00:00,,0.0
2005-01-08 18:00:00,,0.0
2005-01-09 00:00:00,,0.0
2005-01-09 06:00:00,,0.0
2005-01-09 12:00:00,,0.0
2005-01-09 18:00:00,,0.0
2005-01-10 00:00:00,,8.8
2005-01-10 06:00:00,,0.0
2005-01-10 12:00:00,,0.0
2005-01-10 18:00:00,,0.0
2005-01-11 00:00:00,,0.0
2005-01-11 06:00:00,,0.0
2005-01-11 12:00:00,,0.0
2005-01-11 18:00:00,,0.0
2005-01-12 00:00:00,,0.0
2005-01-12 06:00:00,,0.0
2005-01-12 12:00:00,,0.0
2005-01-12 18:00:00,,0.0
2005-01-13 00:00:00,,0.0
2005-01-13 06:00:00,,0.0
2005-01-13 12:00:00,,0.3
2005-01-13 18:00:00,,0.0
2005-01-14 00:00:00,,1.0
2005-01-14 06:00:00,,0.0
2005-01-14 12:00:00,,0.0
2005-01-14 18:00:00,,0.0
2005-01-15 00:00:00,,0.3
2005-01-15 06:00:00,,0.0
2005-01-15 12:00:00,,0.0
2005-01-15 18:00:00,,0.0
2005-01-16 00:00:00,,0.6
2005-01-16 06:00:00,,0.0
2005-01-16 12:00:00,,0.0
2005-01-16 18:00:00,,0.0
2005-01-17 00:00:00,,0.0
2005-01-17 06:00:00,,0.0
2005-01-17 12:00:00,,0.0
2005-01-17 18:00:00,,0.0
2005-01-18 00:00:00,,0.0
2005-01-18 06:00:00,,0.0
2005-01-18 12:00:00,,0.0
2005-01-18 18:00:00,,0.0
2005-01-19 00:00:00,,0.0
2005-01-19 06:00:00,,0.0
2005-01-19 12:00:00,,0.0
2005-01-19 18:00:00,,0.0
2005-01-20 00:00:00,,0.0
2005-01-20 06:00:00,,0.0
2005-01-20 12:00:00,,0.0
2005-01-20 18:00:00,,0.0
2005-01-21 00:00:00,,0.0
2005-01-21 06:00:00,,0.0
2005-01-21 12:00:00,,0.0
2005-01-21 18:00:00,,0.0
2005-01-22 00:00:00,,0.0
2005-01-22 06:00:00,1.9,0.0
2005-01-22 12:00:00,0.1,0.0
2005-01-22 18:00:00,14.0,0.0
2005-01-23 00:00:00,8.5,0.0
2005-01-23 06:00:00,4.6,0.0
2005-01-23 12:00:00,4.6,0.0
2005-01-23 18:00:00,15.4,0.0
2005-01-24 00:00:00,7.0,0.0
2005-01-24 06:00:00,5.8,0.0
2005-01-24 12:00:00,5.0,0.0
2005-01-24 18:00:00,8.6,0.1
2005-01-25 00:00:00,5.4,0.0
2005-01-25 06:00:00,5.2,0.0
2005-01-25 12:00:00,3.6,0.0
2005-01-25 18:00:00,12.1,0.0
2005-01-26 00:00:00,7.7,0.0
2005-01-26 06:00:00,4.8,0.0
2005-01-26 12:00:00,3.7,0.0
2005-01-26 18:00:00,14.2,1.1
2005-01-27 00:00:00,5.4,2.5
2005-01-27 06:00:00,4.9,0.0
2005-01-27 12:00:00,4.1,0.0
2005-01-27 18:00:00,15.2,0.0
2005-01-28 00:00:00,8.8,0.0
2005-01-28 06:00:00,7.0,0.0
2005-01-28 12:00:00,4.9,0.0
2005-01-28 18:00:00,15.5,0.0
2005-01-29 00:00:00,8.0,0.0
2005-01-29 06:00:00,4.9,0.0
2005-01-29 12:00:00,3.7,0.0
2005-01-29 18:00:00,11.8,0.0
2005-01-30 00:00:00,8.7,0.0
2005-01-30 06:00:00,4.8,0.0
2005-01-30 12:00:00,4.2,0.0
2005-01-30 18:00:00,11.2,0.0
2005-01-31 00:00:00,8.4,0.0
2005-01-31 06:00:00,5.0,0.2
2005-01-31 12:00:00,5.0,0.0
2005-01-31 18:00:00,14.8,0.0
2005-02-01 00:00:00,10.0,0.0
2005-02-01 06:00:00,6.0,0.0
2005-02-01 12:00:00,6.1,0.0
2005-02-01 18:00:00,15.9,0.0
2005-02-02 00:00:00,10.9,0.0
2005-02-02 06:00:00,6.6,0.0
2005-02-02 12:00:00,6.3,0.0
2005-02-02 18:00:00,13.9,0.0
2005-02-03 00:00:00,10.6,0.0
2005-02-03 06:00:00,5.7,0.0
2005-02-03 12:00:00,4.9,0.0
2005-02-03 18:00:00,14.4,0.0
2005-02-04 00:00:00,10.4,0.0
2005-02-04 06:00:00,6.5,0.0
2005-02-04 12:00:00,5.3,0.0
2005-02-04 18:00:00,15.6,0.0
2005-02-05 00:00:00,12.0,0.0
2005-02-05 06:00:00,7.9,0.0
2005-02-05 12:00:00,9.0,0.0
2005-02-05 18:00:00,14.6,0.0
2005-02-06 00:00:00,12.5,0.0
2005-02-06 06:00:00,10.1,0.0
2005-02-06 12:00:00,9.4,0.0
2005-02-06 18:00:00,16.8,0.0
2005-02-07 00:00:00,11.7,0.0
2005-02-07 06:00:00,6.6,0.0
2005-02-07 12:00:00,5.4,0.0
2005-02-07 18:00:00,15.5,0.0
2005-02-08 00:00:00,10.2,0.0
2005-02-08 06:00:00,6.7,0.0
2005-02-08 12:00:00,6.7,0.0
2005-02-08 18:00:00,11.2,0.0
2005-02-09 00:00:00,8.7,0.0
2005-02-09 06:00:00,5.6,0.0
2005-02-09 12:00:00,4.7,0.0
2005-02-09 18:00:00,13.6,0.0
2005-02-10 00:00:00,10.1,0.0
2005-02-10 06:00:00,6.8,0.4
2005-02-10 12:00:00,7.0,0.0
2005-02-10 18:00:00,14.4,0.0
2005-02-11 00:00:00,9.0,1.7
2005-02-11 06:00:00,6.6,0.0
2005-02-11 12:00:00,6.0,0.0
2005-02-11 18:00:00,11.2,0.1
2005-02-12 00:00:00,7.1,0.0
2005-02-12 06:00:00,6.2,0.0
2005-02-12 12:00:00,4.5,0.0
2005-02-12 18:00:00,10.4,0.0
2005-02-13 00:00:00,8.4,0.0
2005-02-13 06:00:00,5.9,0.0
2005-02-13 12:00:00,5.6,0.0
2005-02-13 18:00:00,12.3,0.0
2005-02-14 00:00:00,7.0,3.0
2005-02-14 06:00:00,4.6,0.1
2005-02-14 12:00:00,4.9,0.0
2005-02-14 18:00:00,9.9,1.7
2005-02-15 00:00:00,6.5,0.0
2005-02-15 06:00:00,4.2,0.0
2005-02-15 12:00:00,2.9,0.0
2005-02-15 18:00:00,12.5,0.0
2005-02-16 00:00:00,7.4,0.3
2005-02-16 06:00:00,5.2,0.1
2005-02-16 12:00:00,5.0,0.0
2005-02-16 18:00:00,12.5,0.0
2005-02-17 00:00:00,8.3,0.0
2005-02-17 06:00:00,6.0,0.0
2005-02-17 12:00:00,5.7,0.0
2005-02-17 18:00:00,9.1,0.0
2005-02-18 00:00:00,9.0,0.0
2005-02-18 06:00:00,7.2,0.0
2005-02-18 12:00:00,8.2,0.0
2005-02-18 18:00:00,12.3,0.0
2005-02-19 00:00:00,10.8,0.0
2005-02-19 06:00:00,9.1,0.0
2005-02-19 12:00:00,6.2,0.0
2005-02-19 18:00:00,13.4,0.0
2005-02-20 00:00:00,8.5,0.0
2005-02-20 06:00:00,6.2,0.3
2005-02-20 12:00:00,5.1,0.0
2005-02-20 18:00:00,11.4,0.0
2005-02-21 00:00:00,7.4,2.2
2005-02-21 06:00:00,6.2,0.0
2005-02-21 12:00:00,5.8,0.1
2005-02-21 18:00:00,12.0,0.0
2005-02-22 00:00:00,7.5,0.4
2005-02-22 06:00:00,6.6,0.4
2005-02-22 12:00:00,5.4,0.9
2005-02-22 18:00:00,12.4,0.0
2005-02-23 00:00:00,8.6,1.1
2005-02-23 06:00:00,6.0,0.0
2005-02-23 12:00:00,4.6,0.0
2005-02-23 18:00:00,13.5,0.0
2005-02-24 00:00:00,9.3,0.8
2005-02-24 06:00:00,6.9,0.0
2005-02-24 12:00:00,2.8,0.0
2005-02-24 18:00:00,15.5,0.0
2005-02-25 00:00:00,11.3,0.0
2005-02-25 06:00:00,6.1,0.0
2005-02-25 12:00:00,7.7,0.0
2005-02-25 18:00:00,17.1,0.0
2005-02-26 00:00:00,11.5,0.3
2005-02-26 06:00:00,7.8,0.0
2005-02-26 12:00:00,6.8,0.0
2005-02-26 18:00:00,15.2,0.0
2005-02-27 00:00:00,11.1,0.0
2005-02-27 06:00:00,7.8,0.2
2005-02-27 12:00:00,6.9,0.0
2005-02-27 18:00:00,15.5,0.0
2005-02-28 00:00:00,8.8,0.1
2005-02-28 06:00:00,6.8,0.0
2005-02-28 12:00:00,6.6,0.0
2005-02-28 18:00:00,14.6,0.0
2005-03-01 00:00:00,10.5,0.6
2005-03-01 06:00:00,7.0,0.0
2005-03-01 12:00:00,5.8,0.0
2005-03-01 18:00:00,11.6,0.0
2005-03-02 00:00:00,7.1,0.0
2005-03-02 06:00:00,5.5,0.0
2005-03-02 12:00:00,4.7,0.0
2005-03-02 18:00:00,14.5,0.0
2005-03-03 00:00:00,10.0,0.0
2005-03-03 06:00:00,7.4,0.1
2005-03-03 12:00:00,7.1,0.0
2005-03-03 18:00:00,12.2,0.1
2005-03-04 00:00:00,6.5,0.0
2005-03-04 06:00:00,6.3,0.0
2005-03-04 12:00:00,6.2,0.0
2005-03-04 18:00:00,14.0,0.0
2005-03-05 00:00:00,8.5,0.5
2005-03-05 06:00:00,6.8,2.6
2005-03-05 12:00:00,5.4,0.0
2005-03-05 18:00:00,13.5,0.0
2005-03-06 00:00:00,7.7,0.0
2005-03-06 06:00:00,6.2,0.0
2005-03-06 12:00:00,5.8,0.3
2005-03-06 18:00:00,7.5,0.3
2005-03-07 00:00:00,7.1,0.1
2005-03-07 06:00:00,6.2,0.0
2005-03-07 12:00:00,5.8,0.0
2005-03-07 18:00:00,12.4,0.0
2005-03-08 00:00:00,7.6,0.3
2005-03-08 06:00:00,6.6,0.3
2005-03-08 12:00:00,5.8,0.0
2005-03-08 18:00:00,10.2,0.0
2005-03-09 00:00:00,7.3,0.1
2005-03-09 06:00:00,6.7,0.0
2005-03-09 12:00:00,5.6,0.0
2005-03-09 18:00:00,13.9,0.0
2005-03-10 00:00:00,8.0,4.8
2005-03-10 06:00:00,6.2,1.0
2005-03-10 12:00:00,5.3,0.0
2005-03-10 18:00:00,11.4,0.0
2005-03-11 00:00:00,6.1,0.4
2005-03-11 06:00:00,5.9,0.0
2005-03-11 12:00:00,6.0,0.0
2005-03-11 18:00:00,11.6,0.0
2005-03-12 00:00:00,7.0,0.3
2005-03-12 06:00:00,6.2,0.0
2005-03-12 12:00:00,5.9,0.3
2005-03-12 18:00:00,8.3,1.2
2005-03-13 00:00:00,6.6,0.6
2005-03-13 06:00:00,5.0,0.0
2005-03-13 12:00:00,5.8,0.0
2005-03-13 18:00:00,10.2,0.0
2005-03-14 00:00:00,6.2,1.9
2005-03-14 06:00:00,5.7,0.0
2005-03-14 12:00:00,5.4,0.0
2005-03-14 18:00:00,12.0,0.0
2005-03-15 00:00:00,5.8,1.2
2005-03-15 06:00:00,6.0,0.0
2005-03-15 12:00:00,5.4,0.0
2005-03-15 18:00:00,10.5,0.0
2005-03-16 00:00:00,4.4,2.1
2005-03-16 06:00:00,3.9,0.0
2005-03-16 12:00:00,3.3,0.0
2005-03-16 18:00:00,7.2,0.0
2005-03-17 00:00:00,6.7,0.2
2005-03-17 06:00:00,5.8,0.0
2005-03-17 12:00:00,5.0,0.0
2005-03-17 18:00:00,13.4,0.0
2005-03-18 00:00:00,8.2,2.4
2005-03-18 06:00:00,4.8,0.0
2005-03-18 12:00:00,5.3,0.0
2005-03-18 18:00:00,7.1,3.4
2005-03-19 00:00:00,6.1,0.2
2005-03-19 06:00:00,4.9,0.0
2005-03-19 12:00:00,3.5,0.0
2005-03-19 18:00:00,13.2,0.0
2005-03-20 00:00:00,6.6,0.0
2005-03-20 06:00:00,5.8,0.0
2005-03-20 12:00:00,5.4,0.0
2005-03-20 18:00:00,8.2,0.0
2005-03-21 00:00:00,5.0,1.4
2005-03-21 06:00:00,3.8,0.0
2005-03-21 12:00:00,3.8,0.0
2005-03-21 18:00:00,11.1,0.0
2005-03-22 00:00:00,7.5,0.0
2005-03-22 06:00:00,3.5,0.0
2005-03-22 12:00:00,1.7,0.0
2005-03-22 18:00:00,12.7,0.0
2005-03-23 00:00:00,8.9,0.0
2005-03-23 06:00:00,4.5,0.0
2005-03-23 12:00:00,5.1,0.0
2005-03-23 18:00:00,14.1,0.0
2005-03-24 00:00:00,9.0,0.1
2005-03-24 06:00:00,6.6,0.0
2005-03-24 12:00:00,6.0,0.6
2005-03-24 18:00:00,13.5,0.0
2005-03-25 00:00:00,8.4,0.0
2005-03-25 06:00:00,6.6,0.0
2005-03-25 12:00:00,5.2,0.2
2005-03-25 18:00:00,12.9,0.0
2005-03-26 00:00:00,7.4,0.0
2005-03-26 06:00:00,5.2,0.0
2005-03-26 12:00:00,4.2,0.0
2005-03-26 18:00:00,13.5,0.0
2005-03-27 00:00:00,7.0,0.0
2005-03-27 06:00:00,4.8,0.0
2005-03-27 12:00:00,3.1,0.0
2005-03-27 18:00:00,12.4,0.0
2005-03-28 00:00:00,6.8,2.0
2005-03-28 06:00:00,5.2,0.4
2005-03-28 12:00:00,5.2,0.0
2005-03-28 18:00:00,11.2,0.0
2005-03-29 00:00:00,6.6,0.0
2005-03-29 06:00:00,6.0,0.0
2005-03-29 12:00:00,4.6,0.0
2005-03-29 18:00:00,13.3,0.0
2005-03-30 00:00:00,6.8,0.5
2005-03-30 06:00:00,6.2,0.0
2005-03-30 12:00:00,5.4,0.0
2005-03-30 18:00:00,10.2,0.0
2005-03-31 00:00:00,6.6,1.6
2005-03-31 06:00:00,5.6,0.0
2005-03-31 12:00:00,5.4,0.0
2005-03-31 18:00:00,12.9,0.0
2005-04-01 00:00:00,7.2,0.0
2005-04-01 06:00:00,6.2,0.9
2005-04-01 12:00:00,5.8,0.0
2005-04-01 18:00:00,11.8,0.0
2005-04-02 00:00:00,7.2,0.0
2005-04-02 06:00:00,6.6,0.0
2005-04-02 12:00:00,5.6,0.0
2005-04-02 18:00:00,14.9,0.0
2005-04-03 00:00:00,8.0,0.0
2005-04-03 06:00:00,5.2,0.0
2005-04-03 12:00:00,5.0,0.0
2005-04-03 18:00:00,14.1,0.0
2005-04-04 00:00:00,7.8,0.0
2005-04-04 06:00:00,5.4,0.0
2005-04-04 12:00:00,6.2,0.0
2005-04-04 18:00:00,14.5,0.0
2005-04-05 00:00:00,9.2,0.0
2005-04-05 06:00:00,7.2,0.0
2005-04-05 12:00:00,6.8,0.0
2005-04-05 18:00:00,13.3,0.0
2005-04-06 00:00:00,8.0,0.4
2005-04-06 06:00:00,7.0,0.0
2005-04-06 12:00:00,5.2,0.0
2005-04-06 18:00:00,12.0,0.0
2005-04-07 00:00:00,8.6,0.0
2005-04-07 06:00:00,7.4,0.0
2005-04-07 12:00:00,4.2,0.0
2005-04-07 18:00:00,13.1,0.0
2005-04-08 00:00:00,7.6,0.0
2005-04-08 06:00:00,6.2,0.0
2005-04-08 12:00:00,3.9,0.0
2005-04-08 18:00:00,14.7,0.0
2005-04-09 00:00:00,11.4,0.0
2005-04-09 06:00:00,5.8,0.0
2005-04-09 12:00:00,6.0,0.0
2005-04-09 18:00:00,12.5,0.0
2005-04-10 00:00:00,10.6,0.0
2005-04-10 06:00:00,7.0,0.3
2005-04-10 12:00:00,5.6,0.0
2005-04-10 18:00:00,14.1,0.0
2005-04-11 00:00:00,8.8,0.0
2005-04-11 06:00:00,6.6,0.1
2005-04-11 12:00:00,4.4,0.0
2005-04-11 18:00:00,15.2,0.0
2005-04-12 00:00:00,8.8,0.0
2005-04-12 06:00:00,6.0,0.0
2005-04-12 12:00:00,5.8,0.0
2005-04-12 18:00:00,15.6,0.0
2005-04-13 00:00:00,8.8,0.0
2005-04-13 06:00:00,7.2,0.7
2005-04-13 12:00:00,6.8,0.0
2005-04-13 18:00:00,14.9,0.0
2005-04-14 00:00:00,9.2,0.0
2005-04-14 06:00:00,6.8,0.1
2005-04-14 12:00:00,7.8,0.0
2005-04-14 18:00:00,12.4,0.0
2005-04-15 00:00:00,7.2,0.0
2005-04-15 06:00:00,3.7,0.0
2005-04-15 12:00:00,8.2,0.0
2005-04-15 18:00:00,14.5,0.0
2005-04-16 00:00:00,11.2,0.0
2005-04-16 06:00:00,6.0,0.0
2005-04-16 12:00:00,8.6,0.0
2005-04-16 18:00:00,13.9,0.0
2005-04-17 00:00:00,12.0,0.0
2005-04-17 06:00:00,10.6,0.0
2005-04-17 12:00:00,5.2,0.0
2005-04-17 18:00:00,17.9,0.0
2005-04-18 00:00:00,11.2,0.0
2005-04-18 06:00:00,7.2,0.0
2005-04-18 12:00:00,6.4,0.0
2005-04-18 18:00:00,15.8,0.0
2005-04-19 00:00:00,8.4,0.0
2005-04-19 06:00:00,6.4,0.0
2005-04-19 12:00:00,6.4,0.0
2005-04-19 18:00:00,17.3,0.0
2005-04-20 00:00:00,7.0,0.0
2005-04-20 06:00:00,6.6,0.0
2005-04-20 12:00:00,6.2,0.1
2005-04-20 18:00:00,13.1,0.0
2005-04-21 00:00:00,7.0,0.0
2005-04-21 06:00:00,6.2,0.0
2005-04-21 12:00:00,4.8,0.0
2005-04-21 18:00:00,11.4,0.0
2005-04-22 00:00:00,5.4,2.6
2005-04-22 06:00:00,5.4,0.0
2005-04-22 12:00:00,4.4,0.0
2005-04-22 18:00:00,15.6,0.0
2005-04-23 00:00:00,6.4,2.8
2005-04-23 06:00:00,5.8,0.0
2005-04-23 12:00:00,3.3,0.0
2005-04-23 18:00:00,14.5,0.0
2005-04-24 00:00:00,7.0,0.0
2005-04-24 06:00:00,6.2,0.0
2005-04-24 12:00:00,4.4,0.0
2005-04-24 18:00:00,12.5,0.0
2005-04-25 00:00:00,6.0,0.0
2005-04-25 06:00:00,5.2,0.0
2005-04-25 12:00:00,1.8,0.0
2005-04-25 18:00:00,13.7,0.0
2005-04-26 00:00:00,6.8,0.0
2005-04-26 06:00:00,3.9,0.0
2005-04-26 12:00:00,3.1,0.0
2005-04-26 18:00:00,12.4,0.0
2005-04-27 00:00:00,6.8,0.0
2005-04-27 06:00:00,5.0,0.0
2005-04-27 12:00:00,5.6,0.0
2005-04-27 18:00:00,15.0,0.0
2005-04-28 00:00:00,5.4,1.2
2005-04-28 06:00:00,4.2,0.0
2005-04-28 12:00:00,3.9,0.0
2005-04-28 18:00:00,13.1,0.0
2005-04-29 00:00:00,7.0,0.0
2005-04-29 06:00:00,4.8,0.0
2005-04-29 12:00:00,4.8,0.0
2005-04-29 18:00:00,12.0,0.0
2005-04-30 00:00:00,5.8,0.5
2005-04-30 06:00:00,5.4,0.0
2005-04-30 12:00:00,5.2,0.0
2005-04-30 18:00:00,12.9,0.0
2005-05-01 00:00:00,6.0,0.0
2005-05-01 06:00:00,3.1,0.0
2005-05-01 12:00:00,2.9,0.0
2005-05-01 18:00:00,15.0,0.0
2005-05-02 00:00:00,8.6,0.0
2005-05-02 06:00:00,3.5,0.0
2005-05-02 12:00:00,3.7,0.0
2005-05-02 18:00:00,14.9,0.0
2005-05-03 00:00:00,6.4,0.0
2005-05-03 06:00:00,5.0,0.0
2005-05-03 12:00:00,3.9,0.0
2005-05-03 18:00:00,12.2,0.0
2005-05-04 00:00:00,5.8,0.0
2005-05-04 06:00:00,5.0,0.0
2005-05-04 12:00:00,3.3,0.0
2005-05-04 18:00:00,12.4,0.0
2005-05-05 00:00:00,6.0,0.0
2005-05-05 06:00:00,3.5,0.0
2005-05-05 12:00:00,2.5,0.0
2005-05-05 18:00:00,12.5,0.0
2005-05-06 00:00:00,6.2,0.0
2005-05-06 06:00:00,2.2,0.0
2005-05-06 12:00:00,1.8,0.0
2005-05-06 18:00:00,16.2,0.0
2005-05-07 00:00:00,7.6,0.0
2005-05-07 06:00:00,3.3,0.0
2005-05-07 12:00:00,1.8,0.0
2005-05-07 18:00:00,15.6,0.0
2005-05-08 00:00:00,7.2,0.0
2005-05-08 06:00:00,2.5,0.0
2005-05-08 12:00:00,1.8,0.0
2005-05-08 18:00:00,15.6,0.0
2005-05-09 00:00:00,6.6,0.0
2005-05-09 06:00:00,3.7,0.0
2005-05-09 12:00:00,2.9,0.0
2005-05-09 18:00:00,16.4,0.0
2005-05-10 00:00:00,9.8,0.0
2005-05-10 06:00:00,2.9,0.0
2005-05-10 12:00:00,4.4,0.0
2005-05-10 18:00:00,17.3,0.0
2005-05-11 00:00:00,10.8,0.0
2005-05-11 06:00:00,8.6,0.0
2005-05-11 12:00:00,8.4,0.0
2005-05-11 18:00:00,16.6,0.0
2005-05-12 00:00:00,11.2,0.0
2005-05-12 06:00:00,9.6,0.0
2005-05-12 12:00:00,8.6,0.0
2005-05-12 18:00:00,15.2,0.0
2005-05-13 00:00:00,10.6,0.0
2005-05-13 06:00:00,5.6,0.0
2005-05-13 12:00:00,4.4,0.0
2005-05-13 18:00:00,14.3,0.0
2005-05-14 00:00:00,10.6,0.0
2005-05-14 06:00:00,4.8,0.0
2005-05-14 12:00:00,3.3,0.0
2005-05-14 18:00:00,16.2,0.0
2005-05-15 00:00:00,7.2,0.0
2005-05-15 06:00:00,4.4,0.0
2005-05-15 12:00:00,2.9,0.0
2005-05-15 18:00:00,12.5,0.0
2005-05-16 00:00:00,6.8,0.0
2005-05-16 06:00:00,4.6,0.0
2005-05-16 12:00:00,5.8,0.0
2005-05-16 18:00:00,11.2,0.0
2005-05-17 00:00:00,7.4,0.0
2005-05-17 06:00:00,5.8,0.0
2005-05-17 12:00:00,,0.0
2005-05-17 18:00:00,,0.0
2005-05-18 00:00:00,,0.0
2005-05-18 06:00:00,,0.0
2005-05-18 12:00:00,,0.0
2005-05-18 18:00:00,,0.0
2005-05-19 00:00:00,,0.0
2005-05-19 06:00:00,,0.0
2005-05-19 12:00:00,,0.0
2005-05-19 18:00:00,,0.0
2005-05-20 00:00:00,,0.0
2005-05-20 06:00:00,,0.0
2005-05-20 12:00:00,,0.0
2005-05-20 18:00:00,,0.0
2005-05-21 00:00:00,,0.0
2005-05-21 06:00:00,,0.0
2005-05-21 12:00:00,,0.0
2005-05-21 18:00:00,,0.0
2005-05-22 00:00:00,,0.0
2005-05-22 06:00:00,,0.0
2005-05-22 12:00:00,,0.0
2005-05-22 18:00:00,,0.0
2005-05-23 00:00:00,,0.0
2005-05-23 06:00:00,,0.0
2005-05-23 12:00:00,,0.0
2005-05-23 18:00:00,,0.0
2005-05-24 00:00:00,,0.0
2005-05-24 06:00:00,,0.0
2005-05-24 12:00:00,,0.0
2005-05-24 18:00:00,,0.0
2005-05-25 00:00:00,,0.0
2005-05-25 06:00:00,,0.0
2005-05-25 12:00:00,,0.0
2005-05-25 18:00:00,,0.0
2005-05-26 00:00:00,,0.0
2005-05-26 06:00:00,,0.0
2005-05-26 12:00:00,,0.0
2005-05-26 18:00:00,,0.0
2005-05-27 00:00:00,,0.0
2005-05-27 06:00:00,,0.0
2005-05-27 12:00:00,,0.0
2005-05-27 18:00:00,,0.0
2005-05-28 00:00:00,,0.0
2005-05-28 06:00:00,,0.0
2005-05-28 12:00:00,,0.0
2005-05-28 18:00:00,,0.0
2005-05-29 00:00:00,,0.0
2005-05-29 06:00:00,,0.0
2005-05-29 12:00:00,,0.0
2005-05-29 18:00:00,,0.0
2005-05-30 00:00:00,,0.0
2005-05-30 06:00:00,,0.0
2005-05-30 12:00:00,,0.0
2005-05-30 18:00:00,,0.0
2005-05-31 00:00:00,,0.0
2005-05-31 06:00:00,,0.0
2005-05-31 12:00:00,,0.0
2005-05-31 18:00:00,,0.0
2005-06-01 00:00:00,,0.0
2005-06-01 06:00:00,,0.0
2005-06-01 12:00:00,,0.0
2005-06-01 18:00:00,,0.0
2005-06-02 00:00:00,5.8,0.0
2005-06-02 06:00:00,1.6,0.0
2005-06-02 12:00:00,3.7,0.0
2005-06-02 18:00:00,16.0,0.0
2005-06-03 00:00:00,5.4,0.0
2005-06-03 06:00:00,2.9,0.0
2005-06-03 12:00:00,2.9,0.0
2005-06-03 18:00:00,16.4,0.0
2005-06-04 00:00:00,7.4,0.0
2005-06-04 06:00:00,2.9,0.0
2005-06-04 12:00:00,5.8,0.0
2005-06-04 18:00:00,14.1,0.0
2005-06-05 00:00:00,6.6,0.0
2005-06-05 06:00:00,2.9,0.0
2005-06-05 12:00:00,4.2,0.0
2005-06-05 18:00:00,16.4,0.0
2005-06-06 00:00:00,7.0,0.0
2005-06-06 06:00:00,4.6,0.0
2005-06-06 12:00:00,2.0,0.0
2005-06-06 18:00:00,15.6,0.0
2005-06-07 00:00:00,5.0,0.0
2005-06-07 06:00:00,2.5,0.0
2005-06-07 12:00:00,2.9,0.0
2005-06-07 18:00:00,15.2,0.0
2005-06-08 00:00:00,5.4,0.0
2005-06-08 06:00:00,5.0,0.0
2005-06-08 12:00:00,1.2,0.0
2005-06-08 18:00:00,15.2,0.0
2005-06-09 00:00:00,5.4,0.0
2005-06-09 06:00:00,1.2,0.0
2005-06-09 12:00:00,2.9,0.0
2005-06-09 18:00:00,15.2,0.0
2005-06-10 00:00:00,4.6,0.0
2005-06-10 06:00:00,2.0,0.0
2005-06-10 12:00:00,1.2,0.0
2005-06-10 18:00:00,16.0,0.0
2005-06-11 00:00:00,7.0,0.0
2005-06-11 06:00:00,1.6,0.0
2005-06-11 12:00:00,2.0,0.0
2005-06-11 18:00:00,16.0,0.0
2005-06-12 00:00:00,7.8,0.0
2005-06-12 06:00:00,1.6,0.0
2005-06-12 12:00:00,1.2,0.0
2005-06-12 18:00:00,15.6,0.0
2005-06-13 00:00:00,6.2,0.0
2005-06-13 06:00:00,2.0,0.0
2005-06-13 12:00:00,0.7,0.0
2005-06-13 18:00:00,16.4,0.0
2005-06-14 00:00:00,7.0,0.0
2005-06-14 06:00:00,2.5,0.0
2005-06-14 12:00:00,7.4,0.0
2005-06-14 18:00:00,15.2,0.0
2005-06-15 00:00:00,7.0,0.2
2005-06-15 06:00:00,7.4,0.1
2005-06-15 12:00:00,7.0,0.0
2005-06-15 18:00:00,15.2,0.0
2005-06-16 00:00:00,9.0,0.0
2005-06-16 06:00:00,5.8,0.0
2005-06-16 12:00:00,2.0,0.0
2005-06-16 18:00:00,16.0,0.0
2005-06-17 00:00:00,6.6,0.0
2005-06-17 06:00:00,3.7,0.0
2005-06-17 12:00:00,3.3,0.0
2005-06-17 18:00:00,16.0,0.0
2005-06-18 00:00:00,8.6,0.0
2005-06-18 06:00:00,2.9,0.0
2005-06-18 12:00:00,2.9,0.0
2005-06-18 18:00:00,14.5,0.0
2005-06-19 00:00:00,9.4,0.0
2005-06-19 06:00:00,2.9,0.0
2005-06-19 12:00:00,2.9,0.0
2005-06-19 18:00:00,14.9,0.0
2005-06-20 00:00:00,9.0,0.0
2005-06-20 06:00:00,1.2,0.0
2005-06-20 12:00:00,1.2,0.0
2005-06-20 18:00:00,14.9,0.0
2005-06-21 00:00:00,7.8,0.0
2005-06-21 06:00:00,3.3,0.0
2005-06-21 12:00:00,2.5,0.0
2005-06-21 18:00:00,12.2,0.0
2005-06-22 00:00:00,10.2,0.0
2005-06-22 06:00:00,2.5,0.0
2005-06-22 12:00:00,1.6,0.0
2005-06-22 18:00:00,14.5,0.0
2005-06-23 00:00:00,9.4,0.0
2005-06-23 06:00:00,4.6,0.1
2005-06-23 12:00:00,6.2,0.0
2005-06-23 18:00:00,13.7,0.0
2005-06-24 00:00:00,10.2,0.0
2005-06-24 06:00:00,2.9,0.0
2005-06-24 12:00:00,1.6,0.0
2005-06-24 18:00:00,16.0,0.0
2005-06-25 00:00:00,9.4,0.0
2005-06-25 06:00:00,3.3,0.0
2005-06-25 12:00:00,2.0,0.0
2005-06-25 18:00:00,14.9,0.0
2005-06-26 00:00:00,10.6,0.0
2005-06-26 06:00:00,2.9,0.0
2005-06-26 12:00:00,2.5,0.0
2005-06-26 18:00:00,13.7,0.0
2005-06-27 00:00:00,8.2,0.0
2005-06-27 06:00:00,2.9,0.0
2005-06-27 12:00:00,-0.2,0.0
2005-06-27 18:00:00,12.9,0.0
2005-06-28 00:00:00,6.6,0.0
2005-06-28 06:00:00,3.3,0.0
2005-06-28 12:00:00,2.0,0.0
2005-06-28 18:00:00,14.1,0.0
2005-06-29 00:00:00,7.4,0.0
2005-06-29 06:00:00,2.9,0.0
2005-06-29 12:00:00,4.6,0.0
2005-06-29 18:00:00,14.1,0.0
2005-06-30 00:00:00,9.0,0.0
2005-06-30 06:00:00,5.0,0.0
2005-06-30 12:00:00,3.7,0.0
2005-06-30 18:00:00,15.6,0.0
2005-07-01 00:00:00,10.2,0.0
2005-07-01 06:00:00,6.2,0.0
2005-07-01 12:00:00,0.7,0.0
2005-07-01 18:00:00,15.6,0.0
2005-07-02 00:00:00,8.6,0.0
2005-07-02 06:00:00,5.4,0.0
2005-07-02 12:00:00,4.2,0.0
2005-07-02 18:00:00,14.1,0.0
2005-07-03 00:00:00,9.0,0.0
2005-07-03 06:00:00,2.9,0.0
2005-07-03 12:00:00,2.0,0.0
2005-07-03 18:00:00,14.5,0.0
2005-07-04 00:00:00,8.6,0.0
2005-07-04 06:00:00,1.6,0.0
2005-07-04 12:00:00,0.7,0.0
2005-07-04 18:00:00,16.0,0.0
2005-07-05 00:00:00,9.0,0.0
2005-07-05 06:00:00,2.0,0.0
2005-07-05 12:00:00,2.9,0.0
2005-07-05 18:00:00,15.6,0.0
2005-07-06 00:00:00,7.8,0.0
2005-07-06 06:00:00,2.5,0.0
2005-07-06 12:00:00,7.0,0.0
2005-07-06 18:00:00,14.1,0.0
2005-07-07 00:00:00,10.6,0.0
2005-07-07 06:00:00,8.6,0.0
2005-07-07 12:00:00,7.8,0.0
2005-07-07 18:00:00,12.6,0.0
2005-07-08 00:00:00,9.8,0.0
2005-07-08 06:00:00,2.5,0.0
2005-07-08 12:00:00,0.7,0.0
2005-07-08 18:00:00,15.2,0.0
2005-07-09 00:00:00,11.8,0.0
2005-07-09 06:00:00,2.0,0.0
2005-07-09 12:00:00,-0.2,0.0
2005-07-09 18:00:00,15.6,0.0
2005-07-10 00:00:00,11.4,0.0
2005-07-10 06:00:00,1.6,0.0
2005-07-10 12:00:00,1.6,0.0
2005-07-10 18:00:00,14.9,0.0
2005-07-11 00:00:00,9.8,0.0
2005-07-11 06:00:00,1.6,0.0
2005-07-11 12:00:00,0.3,0.0
2005-07-11 18:00:00,15.2,0.0
2005-07-12 00:00:00,11.0,0.0
2005-07-12 06:00:00,3.7,0.0
2005-07-12 12:00:00,0.3,0.0
2005-07-12 18:00:00,13.7,0.0
2005-07-13 00:00:00,4.6,0.0
2005-07-13 06:00:00,1.2,0.0
2005-07-13 12:00:00,,0.0
2005-07-13 18:00:00,,0.0
2005-07-14 00:00:00,,0.0
2005-07-14 06:00:00,,0.0
2005-07-14 12:00:00,,0.0
2005-07-14 18:00:00,,0.0
2005-07-15 00:00:00,,0.0
2005-07-15 06:00:00,,0.0
2005-07-15 12:00:00,,0.0
2005-07-15 18:00:00,,0.0
2005-07-16 00:00:00,,0.0
2005-07-16 06:00:00,,0.0
2005-07-16 12:00:00,,0.0
2005-07-16 18:00:00,,0.0
2005-07-17 00:00:00,,0.0
2005-07-17 06:00:00,,0.0
2005-07-17 12:00:00,,0.0
2005-07-17 18:00:00,,0.0
2005-07-18 00:00:00,,0.0
2005-07-18 06:00:00,,0.0
2005-07-18 12:00:00,,0.0
2005-07-18 18:00:00,,0.0
2005-07-19 00:00:00,,0.0
2005-07-19 06:00:00,,0.0
2005-07-19 12:00:00,,0.0
2005-07-19 18:00:00,,0.0
2005-07-20 00:00:00,,0.0
2005-07-20 06:00:00,,0.0
2005-07-20 12:00:00,,0.0
2005-07-20 18:00:00,,0.0
2005-07-21 00:00:00,,0.0
2005-07-21 06:00:00,,0.0
2005-07-21 12:00:00,,0.0
2005-07-21 18:00:00,,0.0
2005-07-22 00:00:00,,0.0
2005-07-22 06:00:00,,0.0
2005-07-22 12:00:00,,0.0
2005-07-22 18:00:00,,0.0
2005-07-23 00:00:00,,0.0
2005-07-23 06:00:00,,0.0
2005-07-23 12:00:00,,0.0
2005-07-23 18:00:00,,0.0
2005-09-22 18:00:00,17.5,
2005-09-23 00:00:00,6.2,
2005-09-23 06:00:00,4.6,
2005-09-23 12:00:00,4.6,
2005-09-23 18:00:00,14.5,
2005-09-24 00:00:00,5.0,
2005-09-24 06:00:00,3.7,
2005-09-24 12:00:00,4.6,
2005-09-24 18:00:00,12.2,
2005-09-25 00:00:00,5.8,
2005-09-25 06:00:00,4.6,
2005-09-25 12:00:00,4.2,
2005-09-25 18:00:00,15.2,
2005-09-26 00:00:00,7.0,
2005-09-26 06:00:00,1.6,
2005-09-26 12:00:00,1.2,
2005-09-26 18:00:00,16.8,
2005-09-27 00:00:00,7.4,
2005-09-27 06:00:00,4.2,
2005-09-27 12:00:00,2.5,
2005-09-27 18:00:00,15.2,
2005-09-28 00:00:00,5.0,
2005-09-28 06:00:00,4.2,
2005-09-28 12:00:00,5.0,
2005-09-28 18:00:00,18.3,
2005-09-29 00:00:00,7.8,
2005-09-29 06:00:00,5.4,
2005-09-29 12:00:00,3.7,
2005-09-29 18:00:00,18.7,
2005-09-30 00:00:00,6.6,
2005-09-30 06:00:00,3.7,
2005-09-30 12:00:00,3.3,
2005-09-30 18:00:00,19.0,
2005-10-01 00:00:00,6.6,
2005-10-01 06:00:00,5.0,
2005-10-01 12:00:00,3.3,
2005-10-01 18:00:00,16.4,0.0
2005-10-02 00:00:00,5.0,0.0
2005-10-02 06:00:00,3.7,0.0
2005-10-02 12:00:00,3.7,0.0
2005-10-02 18:00:00,13.7,0.0
2005-10-03 00:00:00,5.8,0.1
2005-10-03 06:00:00,4.6,1.9
2005-10-03 12:00:00,4.6,1.3
2005-10-03 18:00:00,14.1,0.0
2005-10-04 00:00:00,5.4,2.7
2005-10-04 06:00:00,5.0,0.0
2005-10-04 12:00:00,5.0,0.0
2005-10-04 18:00:00,13.7,0.0
2005-10-05 00:00:00,5.0,0.0
2005-10-05 06:00:00,4.2,0.0
2005-10-05 12:00:00,7.4,0.0
2005-10-05 18:00:00,14.5,0.0
2005-10-06 00:00:00,7.0,0.0
2005-10-06 06:00:00,5.0,0.3
2005-10-06 12:00:00,5.4,0.1
2005-10-06 18:00:00,15.2,0.0
2005-10-07 00:00:00,5.8,0.1
2005-10-07 06:00:00,5.0,0.0
2005-10-07 12:00:00,5.8,0.1
2005-10-07 18:00:00,9.0,0.0
2005-10-08 00:00:00,5.0,0.5
2005-10-08 06:00:00,5.0,0.0
2005-10-08 12:00:00,6.2,0.0
2005-10-08 18:00:00,9.8,0.1
2005-10-09 00:00:00,5.0,0.2
2005-10-09 06:00:00,3.7,0.0
2005-10-09 12:00:00,7.4,0.0
2005-10-09 18:00:00,15.2,0.0
2005-10-10 00:00:00,5.0,1.6
2005-10-10 06:00:00,4.6,0.5
2005-10-10 12:00:00,5.0,0.0
2005-10-10 18:00:00,13.3,0.0
2005-10-11 00:00:00,5.4,0.0
2005-10-11 06:00:00,4.6,0.0
2005-10-11 12:00:00,4.2,0.0
2005-10-11 18:00:00,14.9,0.0
2005-10-12 00:00:00,5.0,0.0
2005-10-12 06:00:00,3.7,0.0
2005-10-12 12:00:00,5.8,0.0
2005-10-12 18:00:00,8.2,0.0
2005-10-13 00:00:00,5.8,0.2
2005-10-13 06:00:00,3.3,0.0
2005-10-13 12:00:00,2.5,0.0
2005-10-13 18:00:00,15.2,0.0
2005-10-14 00:00:00,6.2,0.0
2005-10-14 06:00:00,5.0,0.0
2005-10-14 12:00:00,1.6,0.0
2005-10-14 18:00:00,12.9,0.0
2005-10-15 00:00:00,7.8,0.0
2005-10-15 06:00:00,3.7,0.0
2005-10-15 12:00:00,1.2,0.0
2005-10-15 18:00:00,17.1,0.0
2005-10-16 00:00:00,6.6,0.0
2005-10-16 06:00:00,2.5,0.0
2005-10-16 12:00:00,0.7,0.0
2005-10-16 18:00:00,16.4,0.0
2005-10-17 00:00:00,6.2,0.0
2005-10-17 06:00:00,2.0,0.0
2005-10-17 12:00:00,1.2,0.0
2005-10-17 18:00:00,16.8,0.0
2005-10-18 00:00:00,7.0,0.0
2005-10-18 06:00:00,4.2,0.0
2005-10-18 12:00:00,5.4,0.0
2005-10-18 18:00:00,15.6,0.0
2005-10-19 00:00:00,8.2,0.0
2005-10-19 06:00:00,5.8,0.0
2005-10-19 12:00:00,6.6,0.0
2005-10-19 18:00:00,11.8,0.0
2005-10-20 00:00:00,6.2,0.3
2005-10-20 06:00:00,4.2,0.0
2005-10-20 12:00:00,3.3,0.0
2005-10-20 18:00:00,15.2,0.0
2005-10-21 00:00:00,5.8,1.5
2005-10-21 06:00:00,4.6,0.0
2005-10-21 12:00:00,5.4,0.2
2005-10-21 18:00:00,12.9,0.0
2005-10-22 00:00:00,5.4,0.1
2005-10-22 06:00:00,3.7,0.0
2005-10-22 12:00:00,4.6,0.0
2005-10-22 18:00:00,14.1,0.0
2005-10-23 00:00:00,5.4,0.0
2005-10-23 06:00:00,5.4,0.0
2005-10-23 12:00:00,5.8,0.0
2005-10-23 18:00:00,15.2,0.0
2005-10-24 00:00:00,4.6,4.8
2005-10-24 06:00:00,5.0,0.7
2005-10-24 12:00:00,6.2,0.0
2005-10-24 18:00:00,10.6,0.0
2005-10-25 00:00:00,4.6,2.9
2005-10-25 06:00:00,4.6,0.8
2005-10-25 12:00:00,5.0,0.0
2005-10-25 18:00:00,12.6,0.0
2005-10-26 00:00:00,5.8,0.0
2005-10-26 06:00:00,4.2,0.0
2005-10-26 12:00:00,2.9,0.0
2005-10-26 18:00:00,16.8,0.0
2005-10-27 00:00:00,6.2,0.0
2005-10-27 06:00:00,4.2,0.0
2005-10-27 12:00:00,3.3,0.0
2005-10-27 18:00:00,16.4,0.0
2005-10-28 00:00:00,7.0,0.0
2005-10-28 06:00:00,5.4,0.0
2005-10-28 12:00:00,5.8,1.0
2005-10-28 18:00:00,17.5,0.0
2005-10-29 00:00:00,7.4,0.0
2005-10-29 06:00:00,2.5,0.0
2005-10-29 12:00:00,2.5,0.0
2005-10-29 18:00:00,16.0,0.0
2005-10-30 00:00:00,5.8,0.1
2005-10-30 06:00:00,5.0,0.0
2005-10-30 12:00:00,4.6,0.0
2005-10-30 18:00:00,16.4,0.0
2005-10-31 00:00:00,6.2,0.1
2005-10-31 06:00:00,5.4,0.0
2005-10-31 12:00:00,5.8,0.0
2005-10-31 18:00:00,12.6,0.0
2005-11-01 00:00:00,6.6,0.0
2005-11-01 06:00:00,5.0,0.7
2005-11-01 12:00:00,5.4,0.0
2005-11-01 18:00:00,17.9,0.0
2005-11-02 00:00:00,5.4,0.4
2005-11-02 06:00:00,3.7,0.0
2005-11-02 12:00:00,3.3,0.0
2005-11-02 18:00:00,16.4,0.0
2005-11-03 00:00:00,7.8,0.0
2005-11-03 06:00:00,2.9,0.0
2005-11-03 12:00:00,2.5,0.0
2005-11-03 18:00:00,17.5,0.0
2005-11-04 00:00:00,7.8,0.0
2005-11-04 06:00:00,3.3,0.0
2005-11-04 12:00:00,3.3,0.0
2005-11-04 18:00:00,16.8,0.0
2005-11-05 00:00:00,11.8,0.0
2005-11-05 06:00:00,2.5,0.0
2005-11-05 12:00:00,1.6,0.0
2005-11-05 18:00:00,16.0,0.0
2005-11-06 00:00:00,6.6,0.0
2005-11-06 06:00:00,5.4,0.0
2005-11-06 12:00:00,6.2,0.0
2005-11-06 18:00:00,16.0,0.0
2005-11-07 00:00:00,5.8,0.4
2005-11-07 06:00:00,5.0,0.0
2005-11-07 12:00:00,5.4,0.2
2005-11-07 18:00:00,9.0,0.0
2005-11-08 00:00:00,4.2,1.8
2005-11-08 06:00:00,3.3,1.5
2005-11-08 12:00:00,5.4,0.1
2005-11-08 18:00:00,12.2,0.0
2005-11-09 00:00:00,6.2,0.0
2005-11-09 06:00:00,5.0,0.0
2005-11-09 12:00:00,8.6,0.0
2005-11-09 18:00:00,15.2,0.0
2005-11-10 00:00:00,5.8,0.0
2005-11-10 06:00:00,4.2,0.0
2005-11-10 12:00:00,5.4,0.0
2005-11-10 18:00:00,16.4,0.0
2005-11-11 00:00:00,5.8,0.0
2005-11-11 06:00:00,5.0,0.0
2005-11-11 12:00:00,4.2,0.0
2005-11-11 18:00:00,16.8,0.0
2005-11-12 00:00:00,6.6,0.0
2005-11-12 06:00:00,5.8,0.0
2005-11-12 12:00:00,5.8,0.0
2005-11-12 18:00:00,17.5,0.0
2005-11-13 00:00:00,7.0,0.0
2005-11-13 06:00:00,5.0,0.0
2005-11-13 12:00:00,4.2,0.0
2005-11-13 18:00:00,16.4,0.0
2005-11-14 00:00:00,7.4,0.0
2005-11-14 06:00:00,5.0,0.0
2005-11-14 12:00:00,4.6,0.0
2005-11-14 18:00:00,17.9,0.0
2005-11-15 00:00:00,7.8,0.0
2005-11-15 06:00:00,3.7,0.0
2005-11-15 12:00:00,3.3,0.0
2005-11-15 18:00:00,18.3,0.0
2005-11-16 00:00:00,,0.0
2005-11-16 06:00:00,,0.0
2005-11-16 12:00:00,,0.0
2005-11-16 18:00:00,,0.0
2005-11-17 00:00:00,,0.0
2005-11-17 06:00:00,,0.0
2005-11-17 12:00:00,,0.0
2005-11-17 18:00:00,,0.0
2005-11-18 00:00:00,,0.0
2005-11-18 06:00:00,,0.0
2005-11-18 12:00:00,,0.0
2005-11-18 18:00:00,,0.0
2005-11-19 00:00:00,,0.0
2005-11-19 06:00:00,,0.0
2005-11-19 12:00:00,,0.0
2005-11-19 18:00:00,,0.0
2005-11-20 00:00:00,,0.0
2005-11-20 06:00:00,,0.0
2005-11-20 12:00:00,,0.0
2005-11-20 18:00:00,,0.0
2005-11-21 00:00:00,,0.0
2005-11-21 06:00:00,,0.0
2005-11-21 12:00:00,,0.0
2005-11-21 18:00:00,,0.0
2005-11-22 00:00:00,,0.0
2005-11-22 06:00:00,,0.0
2005-11-22 12:00:00,,0.0
2005-11-22 18:00:00,,0.0
2005-11-23 00:00:00,,0.0
2005-11-23 06:00:00,,0.0
2005-11-23 12:00:00,,0.0
2005-11-23 18:00:00,,0.0
2005-11-24 00:00:00,,0.0
2005-11-24 06:00:00,,0.0
2005-11-24 12:00:00,,0.0
2005-11-24 18:00:00,,0.0
2005-11-25 00:00:00,,0.0
2005-11-25 06:00:00,,0.0
2005-11-25 12:00:00,,0.0
2005-11-25 18:00:00,,0.0
2005-11-26 00:00:00,,0.0
2005-11-26 06:00:00,,0.0
2005-11-26 12:00:00,,0.0
2005-11-26 18:00:00,,0.0
2005-11-27 00:00:00,,0.0
2005-11-27 06:00:00,,0.0
2005-11-27 12:00:00,,0.0
2005-11-27 18:00:00,,0.0
2005-11-28 00:00:00,,0.0
2005-11-28 06:00:00,,0.0
2005-11-28 12:00:00,,0.0
2005-11-28 18:00:00,,0.0
2005-11-29 00:00:00,,0.0
2005-11-29 06:00:00,,0.0
2005-11-29 12:00:00,,0.0
2005-11-29 18:00:00,,0.0
2005-11-30 00:00:00,,0.0
2005-11-30 06:00:00,,0.0
2005-11-30 12:00:00,,0.0
2005-11-30 18:00:00,,0.0
2005-12-01 00:00:00,,0.0
2005-12-01 06:00:00,,0.0
2005-12-01 12:00:00,,0.0
2005-12-01 18:00:00,,0.0
2005-12-02 00:00:00,,0.0
2005-12-02 06:00:00,,0.0
2005-12-02 12:00:00,,0.0
2005-12-02 18:00:00,,0.0
2005-12-03 00:00:00,,0.0
2005-12-03 06:00:00,,0.0
2005-12-03 12:00:00,,0.0
2005-12-03 18:00:00,,0.0
2005-12-04 00:00:00,,0.0
2005-12-04 06:00:00,,0.0
2005-12-04 12:00:00,,0.0
2005-12-04 18:00:00,,0.1
2005-12-05 00:00:00,,0.0
2005-12-05 06:00:00,,0.0
2005-12-05 12:00:00,,0.0
2005-12-05 18:00:00,,0.0
2005-12-06 00:00:00,,0.0
2005-12-06 06:00:00,,0.0
2005-12-06 12:00:00,,0.0
2005-12-06 18:00:00,,0.0
2005-12-07 00:00:00,,0.0
2005-12-07 06:00:00,,0.0
2005-12-07 12:00:00,,0.0
2005-12-07 18:00:00,13.7,0.0
2005-12-08 00:00:00,7.0,0.0
2005-12-08 06:00:00,2.9,0.0
2005-12-08 12:00:00,1.6,0.0
2005-12-08 18:00:00,16.4,0.0
2005-12-09 00:00:00,7.4,0.0
2005-12-09 06:00:00,3.7,0.0
2005-12-09 12:00:00,2.9,0.0
2005-12-09 18:00:00,15.6,0.0
2005-12-10 00:00:00,6.2,0.0
2005-12-10 06:00:00,5.0,0.1
2005-12-10 12:00:00,5.8,0.1
2005-12-10 18:00:00,12.9,0.0
2005-12-11 00:00:00,6.6,0.0
2005-12-11 06:00:00,4.6,0.3
2005-12-11 12:00:00,5.8,0.0
2005-12-11 18:00:00,12.2,0.0
2005-12-12 00:00:00,6.6,2.4
2005-12-12 06:00:00,5.4,0.0
2005-12-12 12:00:00,5.4,0.0
2005-12-12 18:00:00,8.6,0.0
2005-12-13 00:00:00,6.2,0.2
2005-12-13 06:00:00,6.2,0.0
2005-12-13 12:00:00,4.2,0.3
2005-12-13 18:00:00,10.6,0.0
2005-12-14 00:00:00,4.2,5.6
2005-12-14 06:00:00,3.7,0.0
2005-12-14 12:00:00,7.0,0.0
2005-12-14 18:00:00,12.9,0.0
2005-12-15 00:00:00,5.8,0.8
2005-12-15 06:00:00,5.0,0.1
2005-12-15 12:00:00,5.0,0.0
2005-12-15 18:00:00,11.0,0.0
2005-12-16 00:00:00,5.0,0.2
2005-12-16 06:00:00,4.6,0.0
2005-12-16 12:00:00,5.4,0.0
2005-12-16 18:00:00,10.2,0.0
2005-12-17 00:00:00,5.8,4.8
2005-12-17 06:00:00,4.2,0.2
2005-12-17 12:00:00,4.6,1.2
2005-12-17 18:00:00,11.8,0.0
2005-12-18 00:00:00,6.2,0.0
2005-12-18 06:00:00,5.0,0.0
2005-12-18 12:00:00,4.6,0.2
2005-12-18 18:00:00,11.8,0.0
2005-12-19 00:00:00,5.8,0.0
2005-12-19 06:00:00,5.4,0.0
2005-12-19 12:00:00,5.4,0.0
2005-12-19 18:00:00,12.2,0.0
2005-12-20 00:00:00,4.6,2.8
2005-12-20 06:00:00,2.5,0.0
2005-12-20 12:00:00,2.5,0.0
2005-12-20 18:00:00,12.9,0.0
2005-12-21 00:00:00,4.6,0.1
2005-12-21 06:00:00,4.2,0.0
2005-12-21 12:00:00,5.0,0.0
2005-12-21 18:00:00,12.9,0.0
2005-12-22 00:00:00,6.2,0.0
2005-12-22 06:00:00,3.3,5.4
2005-12-22 12:00:00,5.4,0.6
2005-12-22 18:00:00,11.4,0.0
2005-12-23 00:00:00,5.0,2.0
2005-12-23 06:00:00,4.6,0.0
2005-12-23 12:00:00,5.4,0.0
2005-12-23 18:00:00,12.6,0.2
2005-12-24 00:00:00,6.6,1.9
2005-12-24 06:00:00,5.8,0.0
2005-12-24 12:00:00,5.0,0.0
2005-12-24 18:00:00,9.4,0.0
2005-12-25 00:00:00,6.6,0.3
2005-12-25 06:00:00,5.8,0.5
2005-12-25 12:00:00,5.4,0.0
2005-12-25 18:00:00,9.4,0.0
2005-12-26 00:00:00,5.0,1.0
2005-12-26 06:00:00,3.7,1.1
2005-12-26 12:00:00,5.0,0.3
2005-12-26 18:00:00,5.0,2.9
2005-12-27 00:00:00,5.4,0.4
2005-12-27 06:00:00,5.0,0.5
2005-12-27 12:00:00,5.0,0.0
2005-12-27 18:00:00,10.6,0.0
2005-12-28 00:00:00,5.4,0.0
2005-12-28 06:00:00,4.6,0.4
2005-12-28 12:00:00,4.2,0.0
2005-12-28 18:00:00,12.6,0.0
2005-12-29 00:00:00,5.4,0.0
2005-12-29 06:00:00,4.6,0.0
2005-12-29 12:00:00,4.2,0.0
2005-12-29 18:00:00,11.0,0.0
2005-12-30 00:00:00,7.0,0.0
2005-12-30 06:00:00,3.3,0.0
2005-12-30 12:00:00,3.3,0.0
2005-12-30 18:00:00,11.4,0.0
2005-12-31 00:00:00,4.6,0.0
2005-12-31 06:00:00,2.9,0.0
2005-12-31 12:00:00,2.5,0.0
2005-12-31 18:00:00,13.3,0.0
2006-01-01 00:00:00,6.2,0.0
2006-01-01 06:00:00,4.6,0.0
2006-01-01 12:00:00,2.9,0.0
2006-01-01 18:00:00,14.9,0.0
2006-01-02 00:00:00,7.8,0.0
2006-01-02 06:00:00,2.5,0.0
2006-01-02 12:00:00,0.7,0.0
2006-01-02 18:00:00,16.0,0.0
2006-01-03 00:00:00,6.2,0.0
2006-01-03 06:00:00,3.7,0.0
2006-01-03 12:00:00,3.7,0.0
2006-01-03 18:00:00,15.2,0.0
2006-01-04 00:00:00,5.8,0.7
2006-01-04 06:00:00,3.3,0.0
2006-01-04 12:00:00,2.0,0.0
2006-01-04 18:00:00,11.0,0.0
2006-01-05 00:00:00,5.0,0.0
2006-01-05 06:00:00,3.7,0.0
2006-01-05 12:00:00,3.7,0.0
2006-01-05 18:00:00,8.6,0.0
2006-01-06 00:00:00,2.9,0.0
2006-01-06 06:00:00,0.7,0.7
2006-01-06 12:00:00,1.2,0.4
2006-01-06 18:00:00,6.2,0.0
2006-01-07 00:00:00,3.3,0.1
2006-01-07 06:00:00,2.9,0.0
2006-01-07 12:00:00,3.3,0.0
2006-01-07 18:00:00,12.9,0.0
2006-01-08 00:00:00,7.0,0.0
2006-01-08 06:00:00,4.2,0.0
2006-01-08 12:00:00,2.9,0.0
2006-01-08 18:00:00,16.0,0.0
2006-01-09 00:00:00,7.8,0.0
2006-01-09 06:00:00,3.7,0.0
2006-01-09 12:00:00,4.2,0.0
2006-01-09 18:00:00,16.8,0.0
2006-01-10 00:00:00,7.8,0.0
2006-01-10 06:00:00,4.6,0.0
2006-01-10 12:00:00,3.7,0.0
2006-01-10 18:00:00,14.9,0.0
2006-01-11 00:00:00,8.2,0.0
2006-01-11 06:00:00,4.2,0.0
2006-01-11 12:00:00,3.7,0.0
2006-01-11 18:00:00,14.1,0.0
2006-01-12 00:00:00,7.8,0.0
2006-01-12 06:00:00,4.2,0.0
2006-01-12 12:00:00,3.3,0.0
2006-01-12 18:00:00,16.8,0.0
2006-01-13 00:00:00,8.6,0.0
2006-01-13 06:00:00,4.6,0.0
2006-01-13 12:00:00,2.5,0.0
2006-01-13 18:00:00,13.7,0.0
2006-01-14 00:00:00,9.0,0.0
2006-01-14 06:00:00,5.4,0.1
2006-01-14 12:00:00,6.6,0.0
2006-01-14 18:00:00,7.0,0.0
2006-01-15 00:00:00,5.0,4.6
2006-01-15 06:00:00,4.2,0.0
2006-01-15 12:00:00,4.6,0.0
2006-01-15 18:00:00,13.3,0.0
2006-01-16 00:00:00,7.4,0.0
2006-01-16 06:00:00,5.8,0.2
2006-01-16 12:00:00,5.8,0.2
2006-01-16 18:00:00,11.4,0.0
2006-01-17 00:00:00,6.6,0.3
2006-01-17 06:00:00,5.0,0.0
2006-01-17 12:00:00,5.4,0.0
2006-01-17 18:00:00,8.2,0.0
2006-01-18 00:00:00,6.6,0.0
2006-01-18 06:00:00,6.2,0.0
2006-01-18 12:00:00,5.8,0.0
2006-01-18 18:00:00,9.4,0.0
2006-01-19 00:00:00,5.0,0.7
2006-01-19 06:00:00,5.8,0.0
2006-01-19 12:00:00,5.4,0.0
2006-01-19 18:00:00,11.8,0.0
2006-01-20 00:00:00,7.4,0.0
2006-01-20 06:00:00,5.4,0.0
2006-01-20 12:00:00,4.6,0.0
2006-01-20 18:00:00,14.9,0.0
2006-01-21 00:00:00,7.4,0.0
2006-01-21 06:00:00,5.8,0.0
2006-01-21 12:00:00,5.4,0.0
2006-01-21 18:00:00,10.2,0.0
2006-01-22 00:00:00,7.0,7.2
2006-01-22 06:00:00,3.3,0.0
2006-01-22 12:00:00,7.0,0.0
2006-01-22 18:00:00,13.7,0.0
2006-01-23 00:00:00,10.6,0.0
2006-01-23 06:00:00,5.8,1.5
2006-01-23 12:00:00,4.6,0.0
2006-01-23 18:00:00,14.1,0.0
2006-01-24 00:00:00,8.6,0.0
2006-01-24 06:00:00,5.8,0.0
2006-01-24 12:00:00,5.4,0.0
2006-01-24 18:00:00,15.2,0.0
2006-01-25 00:00:00,7.4,0.0
2006-01-25 06:00:00,5.0,0.0
2006-01-25 12:00:00,4.6,0.0
2006-01-25 18:00:00,14.5,0.0
2006-01-26 00:00:00,10.6,0.0
2006-01-26 06:00:00,7.0,0.2
2006-01-26 12:00:00,5.4,0.2
2006-01-26 18:00:00,14.9,0.0
2006-01-27 00:00:00,10.6,0.0
2006-01-27 06:00:00,6.2,0.0
2006-01-27 12:00:00,5.8,0.5
2006-01-27 18:00:00,13.3,0.1
2006-01-28 00:00:00,9.4,0.0
2006-01-28 06:00:00,5.8,0.0
2006-01-28 12:00:00,5.0,0.0
2006-01-28 18:00:00,13.7,0.0
2006-01-29 00:00:00,,1.8
2006-01-29 06:00:00,,0.0
2006-01-29 12:00:00,,0.0
2006-01-29 18:00:00,,0.0
2006-01-30 00:00:00,,0.0
2006-01-30 06:00:00,,1.3
2006-01-30 12:00:00,,0.1
2006-01-30 18:00:00,,0.0
2006-01-31 00:00:00,,1.0
2006-01-31 06:00:00,,0.0
2006-01-31 12:00:00,,0.0
2006-01-31 18:00:00,,0.3
2006-02-01 00:00:00,,0.0
2006-02-01 06:00:00,,0.0
2006-02-01 12:00:00,,0.0
2006-02-01 18:00:00,,0.0
2006-02-02 00:00:00,,0.0
2006-02-02 06:00:00,,0.0
2006-02-02 12:00:00,,0.0
2006-02-02 18:00:00,,0.0
2006-02-03 00:00:00,,0.2
2006-02-03 06:00:00,,0.4
2006-02-03 12:00:00,,0.0
2006-02-03 18:00:00,,0.0
2006-02-04 00:00:00,,0.0
2006-02-04 06:00:00,,0.0
2006-02-04 12:00:00,,0.0
2006-02-04 18:00:00,,0.0
2006-02-05 00:00:00,,0.2
2006-02-05 06:00:00,,0.0
2006-02-05 12:00:00,,0.0
2006-02-05 18:00:00,,0.0
2006-02-06 00:00:00,,1.3
2006-02-06 06:00:00,,0.0
2006-02-06 12:00:00,,0.0
2006-02-06 18:00:00,,0.0
2006-02-07 00:00:00,,0.1
2006-02-07 06:00:00,,2.7
2006-02-07 12:00:00,,0.0
2006-02-07 18:00:00,,0.0
2006-02-08 00:00:00,,0.1
2006-02-08 06:00:00,,0.0
2006-02-08 12:00:00,,0.0
2006-02-08 18:00:00,,0.0
2006-02-09 00:00:00,,0.1
2006-02-09 06:00:00,,1.9
2006-02-09 12:00:00,,0.0
2006-02-09 18:00:00,,0.0
2006-02-10 00:00:00,,0.0
2006-02-10 06:00:00,,0.0
2006-02-10 12:00:00,,0.5
2006-02-10 18:00:00,,0.0
2006-02-11 00:00:00,,0.0
2006-02-11 06:00:00,,0.0
2006-02-11 12:00:00,,0.0
2006-02-11 18:00:00,,0.0
2006-02-12 00:00:00,,0.3
2006-02-12 06:00:00,,0.3
2006-02-12 12:00:00,,0.0
2006-02-12 18:00:00,,0.0
2006-02-13 00:00:00,,0.0
2006-02-13 06:00:00,,0.0
2006-02-13 12:00:00,,0.0
2006-02-13 18:00:00,,0.0
2006-02-14 00:00:00,,0.0
2006-02-14 06:00:00,,0.0
2006-02-14 12:00:00,,0.0
2006-02-14 18:00:00,,0.0
2006-02-15 00:00:00,,0.0
2006-02-15 06:00:00,,0.0
2006-02-15 12:00:00,,0.0
2006-02-15 18:00:00,,0.0
2006-02-16 00:00:00,7.8,0.0
2006-02-16 06:00:00,5.8,0.0
2006-02-16 12:00:00,3.7,0.0
2006-02-16 18:00:00,15.6,0.0
2006-02-17 00:00:00,8.2,0.0
2006-02-17 06:00:00,6.6,0.0
2006-02-17 12:00:00,4.6,0.0
2006-02-17 18:00:00,17.9,0.0
2006-02-18 00:00:00,9.0,0.0
2006-02-18 06:00:00,5.4,0.0
2006-02-18 12:00:00,3.7,0.0
2006-02-18 18:00:00,15.6,0.0
2006-02-19 00:00:00,8.6,0.0
2006-02-19 06:00:00,5.4,0.0
2006-02-19 12:00:00,4.6,0.1
2006-02-19 18:00:00,11.0,0.0
2006-02-20 00:00:00,7.4,0.0
2006-02-20 06:00:00,5.8,1.1
2006-02-20 12:00:00,5.0,0.0
2006-02-20 18:00:00,10.6,0.0
2006-02-21 00:00:00,7.8,0.0
2006-02-21 06:00:00,5.8,0.0
2006-02-21 12:00:00,4.2,0.0
2006-02-21 18:00:00,13.3,0.0
2006-02-22 00:00:00,6.6,0.1
2006-02-22 06:00:00,5.8,0.1
2006-02-22 12:00:00,5.8,0.9
2006-02-22 18:00:00,14.9,0.2
2006-02-23 00:00:00,7.0,2.2
2006-02-23 06:00:00,6.6,0.2
2006-02-23 12:00:00,6.2,0.0
2006-02-23 18:00:00,11.8,0.3
2006-02-24 00:00:00,7.8,0.0
2006-02-24 06:00:00,7.0,0.0
2006-02-24 12:00:00,6.2,0.0
2006-02-24 18:00:00,12.9,0.0
2006-02-25 00:00:00,8.2,0.0
2006-02-25 06:00:00,6.2,1.3
2006-02-25 12:00:00,6.2,0.3
2006-02-25 18:00:00,12.6,0.0
2006-02-26 00:00:00,5.4,2.7
2006-02-26 06:00:00,5.0,0.0
2006-02-26 12:00:00,5.4,0.0
2006-02-26 18:00:00,11.0,0.0
2006-02-27 00:00:00,6.2,0.2
2006-02-27 06:00:00,6.2,0.0
2006-02-27 12:00:00,5.8,0.0
2006-02-27 18:00:00,12.6,0.0
2006-02-28 00:00:00,7.0,0.0
2006-02-28 06:00:00,5.4,0.0
2006-02-28 12:00:00,4.2,0.0
2006-02-28 18:00:00,11.8,0.0
2006-03-01 00:00:00,6.2,0.0
2006-03-01 06:00:00,5.8,0.0
2006-03-01 12:00:00,5.4,0.0
2006-03-01 18:00:00,13.7,0.1
2006-03-02 00:00:00,6.2,0.0
2006-03-02 06:00:00,6.2,0.3
2006-03-02 12:00:00,5.8,0.0
2006-03-02 18:00:00,13.3,0.0
2006-03-03 00:00:00,6.6,0.7
2006-03-03 06:00:00,5.8,0.0
2006-03-03 12:00:00,5.0,2.9
2006-03-03 18:00:00,13.7,0.0
2006-03-04 00:00:00,5.8,0.0
2006-03-04 06:00:00,5.0,0.4
2006-03-04 12:00:00,5.8,0.0
2006-03-04 18:00:00,16.4,0.0
2006-03-05 00:00:00,7.8,0.0
2006-03-05 06:00:00,5.8,0.0
2006-03-05 12:00:00,5.8,0.4
2006-03-05 18:00:00,11.4,0.0
2006-03-06 00:00:00,6.6,1.1
2006-03-06 06:00:00,6.2,0.0
2006-03-06 12:00:00,5.8,0.8
2006-03-06 18:00:00,9.4,0.0
2006-03-07 00:00:00,7.0,1.6
2006-03-07 06:00:00,6.2,0.0
2006-03-07 12:00:00,5.8,0.0
2006-03-07 18:00:00,7.4,0.3
2006-03-08 00:00:00,7.4,0.0
2006-03-08 06:00:00,6.6,0.0
2006-03-08 12:00:00,5.8,0.0
2006-03-08 18:00:00,10.2,0.5
2006-03-09 00:00:00,5.8,0.0
2006-03-09 06:00:00,4.6,0.0
2006-03-09 12:00:00,5.0,0.0
2006-03-09 18:00:00,12.6,0.0
2006-03-10 00:00:00,7.4,1.0
2006-03-10 06:00:00,6.2,0.0
2006-03-10 12:00:00,5.4,0.0
2006-03-10 18:00:00,10.2,0.0
2006-03-11 00:00:00,8.2,0.0
2006-03-11 06:00:00,5.8,0.0
2006-03-11 12:00:00,5.0,0.0
2006-03-11 18:00:00,13.3,0.0
2006-03-12 00:00:00,8.2,0.0
2006-03-12 06:00:00,5.8,0.0
2006-03-12 12:00:00,4.2,0.0
2006-03-12 18:00:00,13.3,0.0
2006-03-13 00:00:00,4.6,1.3
2006-03-13 06:00:00,5.0,0.0
2006-03-13 12:00:00,4.6,0.0
2006-03-13 18:00:00,11.4,0.0
2006-03-14 00:00:00,6.6,0.7
2006-03-14 06:00:00,2.5,3.4
2006-03-14 12:00:00,3.7,0.7
2006-03-14 18:00:00,12.2,0.1
2006-03-15 00:00:00,7.0,0.2
2006-03-15 06:00:00,5.4,0.0
2006-03-15 12:00:00,5.0,0.1
2006-03-15 18:00:00,11.8,0.0
2006-03-16 00:00:00,6.6,0.0
2006-03-16 06:00:00,5.8,0.0
2006-03-16 12:00:00,5.4,0.0
2006-03-16 18:00:00,16.4,0.0
2006-03-17 00:00:00,8.2,0.0
2006-03-17 06:00:00,5.8,0.0
2006-03-17 12:00:00,5.4,0.5
2006-03-17 18:00:00,10.2,0.1
2006-03-18 00:00:00,5.4,0.6
2006-03-18 06:00:00,5.0,0.0
2006-03-18 12:00:00,5.0,0.3
2006-03-18 18:00:00,7.0,0.0
2006-03-19 00:00:00,6.2,0.7
2006-03-19 06:00:00,5.4,0.0
2006-03-19 12:00:00,5.0,0.0
2006-03-19 18:00:00,11.4,0.0
2006-03-20 00:00:00,7.0,0.0
2006-03-20 06:00:00,5.8,0.0
2006-03-20 12:00:00,5.4,0.0
2006-03-20 18:00:00,12.6,0.1
2006-03-21 00:00:00,5.8,0.0
2006-03-21 06:00:00,4.2,0.0
2006-03-21 12:00:00,4.2,0.0
2006-03-21 18:00:00,16.0,0.0
2006-03-22 00:00:00,5.8,0.8
2006-03-22 06:00:00,4.6,0.0
2006-03-22 12:00:00,4.2,0.0
2006-03-22 18:00:00,12.2,0.2
2006-03-23 00:00:00,5.8,2.8
2006-03-23 06:00:00,4.2,0.0
2006-03-23 12:00:00,4.2,1.2
2006-03-23 18:00:00,12.6,0.0
2006-03-24 00:00:00,6.6,0.0
2006-03-24 06:00:00,6.2,0.0
2006-03-24 12:00:00,5.0,0.0
2006-03-24 18:00:00,11.4,0.0
2006-03-25 00:00:00,5.8,1.0
2006-07-18 00:00:00,9.4,
2006-07-18 06:00:00,7.0,
2006-07-18 12:00:00,4.9,
2006-07-18 18:00:00,15.0,
2006-07-19 00:00:00,10.2,
2006-07-19 06:00:00,7.8,
2006-07-19 12:00:00,7.4,
2006-07-19 18:00:00,14.9,
2006-07-20 00:00:00,9.8,
2006-07-20 06:00:00,7.2,
2006-07-20 12:00:00,8.4,
2006-07-20 18:00:00,15.6,
2006-07-21 00:00:00,9.6,
2006-07-21 06:00:00,5.4,
2006-07-21 12:00:00,2.0,
2006-07-21 18:00:00,15.0,
2006-07-22 00:00:00,4.4,
2006-07-22 06:00:00,0.3,
2006-07-22 12:00:00,2.9,
2006-07-22 18:00:00,15.4,
2006-07-23 00:00:00,5.2,
2006-07-23 06:00:00,1.0,
2006-07-23 12:00:00,0.7,
2006-07-23 18:00:00,16.0,
2006-07-24 00:00:00,5.0,
2006-07-24 06:00:00,1.4,
2006-07-24 12:00:00,2.0,
2006-07-24 18:00:00,15.8,
2006-07-25 00:00:00,5.0,
2006-07-25 06:00:00,2.7,
2006-07-25 12:00:00,3.7,
2006-07-25 18:00:00,12.4,
2006-07-26 00:00:00,5.2,
2006-07-26 06:00:00,2.7,
2006-07-26 12:00:00,3.3,
2006-07-26 18:00:00,13.5,
2006-07-27 00:00:00,5.8,
2006-07-27 06:00:00,3.7,
2006-07-27 12:00:00,4.2,
2006-07-27 18:00:00,12.7,
2006-07-28 00:00:00,6.8,
2006-07-28 06:00:00,4.2,
2006-07-28 12:00:00,3.9,
2006-07-28 18:00:00,12.5,
2006-07-29 00:00:00,6.4,
2006-07-29 06:00:00,3.7,
2006-07-29 12:00:00,4.4,
2006-07-29 18:00:00,15.0,
2006-07-30 00:00:00,6.6,
2006-07-30 06:00:00,2.7,
2006-07-30 12:00:00,2.2,
2006-07-30 18:00:00,15.8,
2006-07-31 00:00:00,7.2,
2006-07-31 06:00:00,5.4,
2006-07-31 12:00:00,3.9,
2006-07-31 18:00:00,15.6,
2006-08-01 00:00:00,7.8,
2006-08-01 06:00:00,5.2,
2006-08-01 12:00:00,3.9,
2006-08-01 18:00:00,12.9,
2006-08-02 00:00:00,8.0,
2006-08-02 06:00:00,6.8,
2006-08-02 12:00:00,6.2,
2006-08-02 18:00:00,14.5,
2006-08-03 00:00:00,9.0,
2006-08-03 06:00:00,3.7,
2006-08-03 12:00:00,3.1,
2006-08-03 18:00:00,15.8,
2006-08-04 00:00:00,10.0,
2006-08-04 06:00:00,4.2,
2006-08-04 12:00:00,4.6,
2006-08-04 18:00:00,16.0,
2006-08-05 00:00:00,7.4,
2006-08-05 06:00:00,3.1,
2006-08-05 12:00:00,2.5,
2006-08-05 18:00:00,15.8,
2006-08-06 00:00:00,10.0,
2006-08-06 06:00:00,2.2,
2006-08-06 12:00:00,4.6,
2006-08-06 18:00:00,14.7,
2006-08-07 00:00:00,6.4,
2006-08-07 06:00:00,1.6,
2006-08-07 12:00:00,2.5,
2006-08-07 18:00:00,16.2,
2006-08-08 00:00:00,7.0,
2006-08-08 06:00:00,1.8,
2006-08-08 12:00:00,2.0,
2006-08-08 18:00:00,16.2,
2006-08-09 00:00:00,5.2,
2006-08-09 06:00:00,3.9,
2006-08-09 12:00:00,3.7,
2006-08-09 18:00:00,16.4,
2006-08-10 00:00:00,6.2,
2006-08-10 06:00:00,7.0,
2006-08-10 12:00:00,3.5,
2006-08-10 18:00:00,13.1,
2006-08-11 00:00:00,7.4,
2006-08-11 06:00:00,5.0,
2006-08-11 12:00:00,4.8,
2006-08-11 18:00:00,11.8,
2006-08-12 00:00:00,7.8,
2006-08-12 06:00:00,7.2,
2006-08-12 12:00:00,5.4,
2006-08-12 18:00:00,10.8,
2006-08-13 00:00:00,8.4,
2006-08-13 06:00:00,7.0,
2006-08-13 12:00:00,6.4,
2006-08-13 18:00:00,14.7,
2006-08-14 00:00:00,9.0,
2006-08-14 06:00:00,7.4,
2006-08-14 12:00:00,6.8,
2006-08-14 18:00:00,16.0,
2006-08-15 00:00:00,9.0,
2006-08-15 06:00:00,2.0,
2006-08-15 12:00:00,3.7,
2006-08-15 18:00:00,13.3,
2006-08-16 00:00:00,6.2,
2006-08-16 06:00:00,2.0,
2006-08-16 12:00:00,3.5,
2006-08-16 18:00:00,12.5,
2006-08-17 00:00:00,6.2,
2006-08-17 06:00:00,3.1,
2006-08-17 12:00:00,6.8,
2006-08-17 18:00:00,15.4,
2006-08-18 00:00:00,7.0,
2006-08-18 06:00:00,4.4,
2006-08-18 12:00:00,2.2,
2006-08-18 18:00:00,12.5,
2006-08-19 00:00:00,6.8,
2006-08-19 06:00:00,4.4,
2006-08-19 12:00:00,4.6,
2006-08-19 18:00:00,13.7,
2006-08-20 00:00:00,6.0,
2006-08-20 06:00:00,4.6,
2006-08-20 12:00:00,4.6,
2006-08-20 18:00:00,9.4,
2006-08-21 00:00:00,7.6,
2006-08-21 06:00:00,7.2,
2006-08-21 12:00:00,7.2,
2006-08-21 18:00:00,13.9,
2006-08-22 00:00:00,9.2,
2006-08-22 06:00:00,4.6,
2006-08-22 12:00:00,4.8,
2006-08-22 18:00:00,15.2,
2006-08-23 00:00:00,10.0,
2006-08-23 06:00:00,3.9,
2006-08-23 12:00:00,2.9,
2006-08-23 18:00:00,12.9,
2006-08-24 00:00:00,7.0,
2006-08-24 06:00:00,3.3,
2006-08-24 12:00:00,2.5,
2006-08-24 18:00:00,16.4,
2006-08-25 00:00:00,7.4,
2006-08-25 06:00:00,2.2,
2006-08-25 12:00:00,2.7,
2006-08-25 18:00:00,15.8,
2006-08-26 00:00:00,7.0,
2006-08-26 06:00:00,3.5,
2006-08-26 12:00:00,2.0,
2006-08-26 18:00:00,17.3,
2006-08-27 00:00:00,8.0,
2006-08-27 06:00:00,3.3,
2006-08-27 12:00:00,3.1,
2006-08-27 18:00:00,16.6,
2006-08-28 00:00:00,6.6,
2006-08-28 06:00:00,2.7,
2006-08-28 12:00:00,5.1,
2006-08-28 18:00:00,15.4,
2006-08-29 00:00:00,8.2,
2006-08-29 06:00:00,4.8,
2006-08-29 12:00:00,7.8,
2006-08-29 18:00:00,15.6,
2006-08-30 00:00:00,8.4,
2006-08-30 06:00:00,5.2,
2006-08-30 12:00:00,2.9,
2006-08-30 18:00:00,18.9,
2006-08-31 00:00:00,8.4,
2006-08-31 06:00:00,7.8,
2006-08-31 12:00:00,8.0,
2006-08-31 18:00:00,17.0,
2006-09-01 00:00:00,6.6,
2006-09-01 06:00:00,3.5,
2006-09-01 12:00:00,2.5,
2006-09-01 18:00:00,17.0,
2006-09-02 00:00:00,7.0,
2006-09-02 06:00:00,4.6,
2006-09-02 12:00:00,3.5,
2006-09-02 18:00:00,15.8,
2007-07-15 18:00:00,16.1,0.0
2007-07-16 00:00:00,4.9,0.0
2007-07-16 06:00:00,1.4,0.0
2007-07-16 12:00:00,1.2,0.0
2007-07-16 18:00:00,15.7,0.0
2007-07-17 00:00:00,5.5,0.0
2007-07-17 06:00:00,2.2,0.0
2007-07-17 12:00:00,2.4,0.0
2007-07-17 18:00:00,15.6,0.0
2007-07-18 00:00:00,7.1,0.0
2007-07-18 06:00:00,3.3,0.0
2007-07-18 12:00:00,2.0,0.0
2007-07-18 18:00:00,13.5,0.0
2007-07-19 00:00:00,5.3,0.0
2007-07-19 06:00:00,4.0,0.0
2007-07-19 12:00:00,1.9,0.0
2007-07-19 18:00:00,13.6,0.0
2007-07-20 00:00:00,6.3,0.0
2007-07-20 06:00:00,4.5,0.0
2007-07-20 12:00:00,3.6,0.0
2007-07-20 18:00:00,12.0,0.0
2007-07-21 00:00:00,5.2,0.0
2007-07-21 06:00:00,3.3,0.0
2007-07-21 12:00:00,4.2,0.0
2007-07-21 18:00:00,15.7,0.0
2007-07-22 00:00:00,4.8,0.6
2007-07-22 06:00:00,2.6,0.1
2007-07-22 12:00:00,2.7,0.0
2007-07-22 18:00:00,13.2,0.0
2007-07-23 00:00:00,4.1,0.0
2007-07-23 06:00:00,2.0,0.0
2007-07-23 12:00:00,2.4,0.0
2007-07-23 18:00:00,13.8,0.0
2007-07-24 00:00:00,5.4,0.0
2007-07-24 06:00:00,1.9,0.0
2007-07-24 12:00:00,2.3,0.0
2007-07-24 18:00:00,14.2,0.0
2007-07-25 00:00:00,6.3,0.0
2007-07-25 06:00:00,0.6,0.0
2007-07-25 12:00:00,0.4,0.0
2007-07-25 18:00:00,15.6,0.0
2007-07-26 00:00:00,4.5,0.0
2007-07-26 06:00:00,2.1,0.0
2007-07-26 12:00:00,1.5,0.0
2007-07-26 18:00:00,14.1,0.0
2007-07-27 00:00:00,7.1,0.0
2007-07-27 06:00:00,4.1,0.0
2007-07-27 12:00:00,3.1,0.0
2007-07-27 18:00:00,15.7,0.0
2007-07-28 00:00:00,5.8,0.1
2007-07-28 06:00:00,3.2,0.2
2007-07-28 12:00:00,5.1,0.0
2007-07-28 18:00:00,14.6,0.0
2007-07-29 00:00:00,9.4,0.0
2007-07-29 06:00:00,7.0,0.0
2007-07-29 12:00:00,6.4,0.0
2007-07-29 18:00:00,13.8,0.0
2007-07-30 00:00:00,8.8,0.0
2007-07-30 06:00:00,0.7,0.0
2007-07-30 12:00:00,0.6,0.0
2007-07-30 18:00:00,17.8,0.0
2007-07-31 00:00:00,10.3,0.0
2007-07-31 06:00:00,5.9,0.0
2007-07-31 12:00:00,1.6,0.0
2007-07-31 18:00:00,15.9,0.0
2007-08-01 00:00:00,6.7,0.0
2007-08-01 06:00:00,3.2,0.0
2007-08-01 12:00:00,3.2,0.0
2007-08-01 18:00:00,15.7,0.0
2007-08-02 00:00:00,7.5,0.0
2007-08-02 06:00:00,2.0,0.0
2007-08-02 12:00:00,1.2,0.0
2007-08-02 18:00:00,16.2,0.0
2007-08-03 00:00:00,9.1,0.0
2007-08-03 06:00:00,2.2,0.0
2007-08-03 12:00:00,6.1,0.0
2007-08-03 18:00:00,14.9,0.0
2007-08-04 00:00:00,8.9,0.0
2007-08-04 06:00:00,6.3,0.0
2007-08-04 12:00:00,7.1,0.0
2007-08-04 18:00:00,14.6,0.0
2007-08-05 00:00:00,9.4,0.0
2007-08-05 06:00:00,7.8,0.0
2007-08-05 12:00:00,5.7,0.0
2007-08-05 18:00:00,12.5,0.0
2007-08-06 00:00:00,5.0,0.0
2007-08-06 06:00:00,2.1,0.0
2007-08-06 12:00:00,2.1,0.0
2007-08-06 18:00:00,15.1,0.0
2007-08-07 00:00:00,6.1,0.0
2007-08-07 06:00:00,1.6,0.0
2007-08-07 12:00:00,1.3,0.0
2007-08-07 18:00:00,15.7,0.0
2007-08-08 00:00:00,6.0,0.0
2007-08-08 06:00:00,0.0,0.0
2007-08-08 12:00:00,-0.3,0.0
2007-08-08 18:00:00,14.7,0.0
2007-08-09 00:00:00,4.0,0.0
2007-08-09 06:00:00,0.9,0.0
2007-08-09 12:00:00,0.8,0.0
2007-08-09 18:00:00,13.1,0.0
2007-08-10 00:00:00,5.2,0.0
2007-08-10 06:00:00,1.5,0.0
2007-08-10 12:00:00,1.0,0.0
2007-08-10 18:00:00,17.1,0.0
2007-08-11 00:00:00,10.6,0.0
2007-08-11 06:00:00,6.2,0.0
2007-08-11 12:00:00,6.9,0.0
2007-08-11 18:00:00,13.2,0.0
2007-08-12 00:00:00,9.0,0.0
2007-08-12 06:00:00,4.5,0.2
2007-08-12 12:00:00,4.2,0.0
2007-08-12 18:00:00,12.7,0.0
2007-08-13 00:00:00,9.3,0.0
2007-08-13 06:00:00,2.4,0.0
2007-08-13 12:00:00,0.7,0.0
2007-08-13 18:00:00,17.5,0.0
2007-08-14 00:00:00,6.8,0.0
2007-08-14 06:00:00,0.4,0.0
2007-08-14 12:00:00,0.2,0.0
2007-08-14 18:00:00,15.5,0.0
2007-08-15 00:00:00,6.9,0.0
2007-08-15 06:00:00,2.6,0.0
2007-08-15 12:00:00,1.7,0.0
2007-08-15 18:00:00,16.9,0.0
2007-08-16 00:00:00,5.8,0.0
2007-08-16 06:00:00,4.3,0.0
2007-08-16 12:00:00,4.4,0.0
2007-08-16 18:00:00,17.4,0.0
2007-08-17 00:00:00,7.2,0.0
2007-08-17 06:00:00,2.6,0.0
2007-08-17 12:00:00,5.1,0.1
2007-08-17 18:00:00,15.8,0.0
2007-08-18 00:00:00,7.0,0.0
2007-08-18 06:00:00,5.0,0.1
2007-08-18 12:00:00,4.5,0.0
2007-08-18 18:00:00,13.6,0.0
2007-08-19 00:00:00,6.8,0.0
2007-08-19 06:00:00,4.2,0.0
2007-08-19 12:00:00,3.3,0.0
2007-08-19 18:00:00,17.1,0.0
2007-08-20 00:00:00,5.3,0.0
2007-08-20 06:00:00,2.1,0.0
2007-08-20 12:00:00,3.0,0.0
2007-08-20 18:00:00,16.3,0.0
2007-08-21 00:00:00,6.2,0.0
2007-08-21 06:00:00,2.1,0.0
2007-08-21 12:00:00,0.9,0.0
2007-08-21 18:00:00,16.9,0.0
2007-08-22 00:00:00,10.9,0.0
2007-08-22 06:00:00,5.1,0.0
2007-08-22 12:00:00,3.3,0.0
2007-08-22 18:00:00,17.0,0.0
2007-08-23 00:00:00,8.3,0.0
2007-08-23 06:00:00,0.5,0.0
2007-08-23 12:00:00,0.2,0.0
2007-08-23 18:00:00,16.0,0.0
2007-08-24 00:00:00,4.5,0.0
2007-08-24 06:00:00,1.6,0.0
2007-08-24 12:00:00,0.6,0.0
2007-08-24 18:00:00,16.7,0.0
2007-08-25 00:00:00,5.2,0.0
2007-08-25 06:00:00,1.8,0.0
2007-08-25 12:00:00,0.6,0.0
2007-08-25 18:00:00,16.2,0.0
2007-08-26 00:00:00,5.1,0.0
2007-08-26 06:00:00,2.2,0.0
2007-08-26 12:00:00,2.4,0.0
2007-08-26 18:00:00,15.8,0.0
2007-08-27 00:00:00,5.7,0.6
2007-08-27 06:00:00,1.4,0.0
2007-08-27 12:00:00,3.6,0.0
2007-08-27 18:00:00,14.9,0.0
2007-08-28 00:00:00,7.5,0.0
2007-08-28 06:00:00,3.3,0.0
2007-08-28 12:00:00,4.2,0.0
2007-08-28 18:00:00,17.3,0.0
2007-08-29 00:00:00,7.7,0.0
2007-08-29 06:00:00,4.7,0.0
2007-08-29 12:00:00,4.6,0.0
2007-08-29 18:00:00,12.9,0.0
2007-08-30 00:00:00,6.0,0.0
2007-08-30 06:00:00,5.0,0.0
2007-08-30 12:00:00,2.3,0.0
2007-08-30 18:00:00,15.9,0.0
2007-08-31 00:00:00,6.4,0.0
2007-08-31 06:00:00,6.0,0.0
2007-08-31 12:00:00,4.9,0.0
2007-08-31 18:00:00,12.1,0.0
2007-09-01 00:00:00,8.1,0.0
2007-09-01 06:00:00,5.2,0.0
2007-09-01 12:00:00,4.5,0.0
2007-09-01 18:00:00,13.7,0.0
2007-09-02 00:00:00,7.5,0.0
2007-09-02 06:00:00,1.7,0.0
2007-09-02 12:00:00,6.3,0.0
2007-09-02 18:00:00,15.4,0.0
2007-09-03 00:00:00,9.2,0.0
2007-09-03 06:00:00,1.5,0.0
2007-09-03 12:00:00,7.0,0.0
2007-09-03 18:00:00,17.3,0.0
2007-09-04 00:00:00,7.0,0.0
2007-09-04 06:00:00,2.8,0.0
2007-09-04 12:00:00,3.4,0.0
2007-09-04 18:00:00,17.8,0.0
2007-09-05 00:00:00,7.1,0.0
2007-09-05 06:00:00,2.8,0.0
2007-09-05 12:00:00,4.2,0.0
2007-09-05 18:00:00,13.0,0.0
2007-09-06 00:00:00,7.7,0.0
2007-09-06 06:00:00,2.8,0.0
2007-09-06 12:00:00,5.3,0.0
2007-09-06 18:00:00,11.5,0.0
2007-09-07 00:00:00,6.1,0.0
2007-09-07 06:00:00,6.5,0.0
2007-09-07 12:00:00,6.7,0.0
2007-09-07 18:00:00,14.4,0.0
2007-09-08 00:00:00,7.1,0.0
2007-09-08 06:00:00,1.7,0.0
2007-09-08 12:00:00,4.1,0.0
2007-09-08 18:00:00,13.5,0.0
2007-09-09 00:00:00,6.0,0.0
2007-09-09 06:00:00,3.0,0.0
2007-09-09 12:00:00,5.3,0.0
2007-09-09 18:00:00,11.6,0.0
2007-09-10 00:00:00,8.2,0.0
2007-09-10 06:00:00,1.8,0.0
2007-09-10 12:00:00,6.1,0.0
2007-09-10 18:00:00,13.8,0.0
2007-09-11 00:00:00,7.9,0.0
2007-09-11 06:00:00,3.3,0.0
2007-09-11 12:00:00,4.6,0.0
2007-09-11 18:00:00,15.4,0.0
2007-09-12 00:00:00,6.3,0.0
2007-09-12 06:00:00,3.9,0.0
2007-09-12 12:00:00,5.8,0.0
2007-09-12 18:00:00,13.7,0.0
2007-09-13 00:00:00,9.2,0.0
2007-09-13 06:00:00,7.7,0.0
2007-09-13 12:00:00,7.1,0.0
2007-09-13 18:00:00,12.5,0.0
2007-09-14 00:00:00,9.6,0.0
2007-09-14 06:00:00,2.5,0.0
2007-09-14 12:00:00,4.1,0.0
2007-09-14 18:00:00,15.9,0.0
2007-09-15 00:00:00,8.2,0.0
2007-09-15 06:00:00,2.9,0.0
2007-09-15 12:00:00,6.9,0.0
2007-09-15 18:00:00,16.4,0.0
2007-09-16 00:00:00,9.2,0.0
2007-09-16 06:00:00,5.7,0.0
2007-09-16 12:00:00,8.2,0.0
2007-09-16 18:00:00,10.1,0.0
2007-09-17 00:00:00,8.4,0.0
2007-09-17 06:00:00,5.4,0.0
2007-09-17 12:00:00,7.5,0.0
2007-09-17 18:00:00,17.1,0.0
2007-09-18 00:00:00,8.0,0.0
2007-09-18 06:00:00,2.7,0.0
2007-09-18 12:00:00,4.8,0.0
2007-09-18 18:00:00,17.0,0.0
2007-09-19 00:00:00,7.6,0.0
2007-09-19 06:00:00,5.1,0.0
2007-09-19 12:00:00,5.7,0.0
2007-09-19 18:00:00,14.1,0.0
2007-09-20 00:00:00,9.0,0.0
2007-09-20 06:00:00,6.1,0.3
2007-09-20 12:00:00,5.7,0.5
2007-09-20 18:00:00,15.9,0.0
2007-09-21 00:00:00,7.0,0.1
2007-09-21 06:00:00,5.3,0.0
2007-09-21 12:00:00,3.5,0.0
2007-09-21 18:00:00,14.7,0.0
2007-09-22 00:00:00,5.4,0.0
2007-09-22 06:00:00,5.7,0.1
2007-09-22 12:00:00,5.7,0.0
2007-09-22 18:00:00,12.7,0.0
2007-09-23 00:00:00,7.4,0.1
2007-09-23 06:00:00,5.3,0.0
2007-09-23 12:00:00,6.0,0.0
2007-09-23 18:00:00,15.2,0.0
2007-09-24 00:00:00,7.1,0.0
2007-09-24 06:00:00,5.5,0.0
2007-09-24 12:00:00,5.6,0.0
2007-09-24 18:00:00,13.6,0.0
2007-09-25 00:00:00,6.1,0.2
2007-09-25 06:00:00,4.6,0.2
2007-09-25 12:00:00,5.2,0.0
2007-09-25 18:00:00,14.6,0.0
2007-09-26 00:00:00,6.1,0.1
2007-09-26 06:00:00,4.1,0.0
2007-09-26 12:00:00,3.9,0.0
2007-09-26 18:00:00,13.3,0.0
2007-09-27 00:00:00,8.7,0.0
2007-09-27 06:00:00,5.1,0.0
2007-09-27 12:00:00,2.5,0.0
2007-09-27 18:00:00,14.0,0.0
2007-09-28 00:00:00,9.6,0.0
2007-09-28 06:00:00,3.4,0.0
2007-09-28 12:00:00,7.7,0.0
2007-09-28 18:00:00,16.9,0.0
2007-09-29 00:00:00,10.0,0.0
2007-09-29 06:00:00,7.7,0.0
2007-09-29 12:00:00,6.2,0.0
2007-09-29 18:00:00,15.2,0.0
2007-09-30 00:00:00,9.8,0.0
2007-09-30 06:00:00,7.4,0.0
2007-09-30 12:00:00,6.3,0.0
2007-09-30 18:00:00,14.8,0.0
2007-10-01 00:00:00,7.8,0.0
2007-10-01 06:00:00,6.5,0.0
2007-10-01 12:00:00,6.9,0.0
2007-10-01 18:00:00,16.7,0.0
2007-10-02 00:00:00,10.1,0.0
2007-10-02 06:00:00,5.0,0.0
2007-10-02 12:00:00,2.7,0.0
2007-10-02 18:00:00,17.5,0.0
2007-10-03 00:00:00,9.2,0.0
2007-10-03 06:00:00,1.9,0.0
2007-10-03 12:00:00,4.1,0.0
2007-10-03 18:00:00,18.6,0.0
2007-10-04 00:00:00,10.0,0.0
2007-10-04 06:00:00,3.4,0.0
2007-10-04 12:00:00,3.2,0.0
2007-10-04 18:00:00,17.4,0.0
2007-10-05 00:00:00,6.8,0.0
2007-10-05 06:00:00,2.4,0.0
2007-10-05 12:00:00,2.4,0.0
2007-10-05 18:00:00,18.0,0.0
2007-10-06 00:00:00,7.0,0.0
2007-10-06 06:00:00,3.2,0.0
2007-10-06 12:00:00,2.2,0.0
2007-10-06 18:00:00,15.7,0.0
2007-10-07 00:00:00,4.9,3.5
2007-10-07 06:00:00,4.3,0.0
2007-10-07 12:00:00,6.7,0.0
2007-10-07 18:00:00,15.7,0.0
2007-10-08 00:00:00,5.5,1.2
2007-10-08 06:00:00,4.2,2.5
2007-10-08 12:00:00,5.3,0.0
2007-10-08 18:00:00,13.1,0.0
2007-10-09 00:00:00,7.7,0.0
2007-10-09 06:00:00,5.1,0.5
2007-10-09 12:00:00,5.5,0.0
2007-10-09 18:00:00,14.9,0.0
2007-10-10 00:00:00,6.3,1.0
2007-10-10 06:00:00,5.3,0.0
2007-10-10 12:00:00,5.3,0.0
2007-10-10 18:00:00,12.4,0.0
2007-10-11 00:00:00,7.2,0.0
2007-10-11 06:00:00,5.2,0.0
2007-10-11 12:00:00,5.9,0.0
2007-10-11 18:00:00,10.8,0.0
2007-10-12 00:00:00,6.1,0.0
2007-10-12 06:00:00,5.0,0.0
2007-10-12 12:00:00,2.8,0.0
2007-10-12 18:00:00,15.2,0.0
2007-10-13 00:00:00,6.0,0.0
2007-10-13 06:00:00,4.0,0.0
2007-10-13 12:00:00,4.4,0.0
2007-10-13 18:00:00,14.7,0.0
2007-10-14 00:00:00,6.1,0.0
2007-10-14 06:00:00,2.0,0.0
2007-10-14 12:00:00,1.2,0.0
2007-10-14 18:00:00,16.0,0.0
2007-10-15 00:00:00,6.1,0.0
2007-10-15 06:00:00,0.8,0.0
2007-10-15 12:00:00,0.9,0.0
2007-10-15 18:00:00,18.0,0.0
2007-10-16 00:00:00,7.6,0.0
2007-10-16 06:00:00,2.7,0.0
2007-10-16 12:00:00,2.2,0.0
2007-10-16 18:00:00,16.3,0.0
2007-10-17 00:00:00,8.2,0.0
2007-10-17 06:00:00,5.8,0.0
2007-10-17 12:00:00,5.3,0.0
2007-10-17 18:00:00,10.5,0.1
2007-10-18 00:00:00,5.8,0.0
2007-10-18 06:00:00,4.8,1.6
2007-10-18 12:00:00,4.6,0.0
2007-10-18 18:00:00,14.8,0.0
2007-10-19 00:00:00,5.8,1.8
2007-10-19 06:00:00,4.3,0.1
2007-10-19 12:00:00,4.2,0.0
2007-10-19 18:00:00,8.1,0.4
2007-10-20 00:00:00,5.6,0.0
2007-10-20 06:00:00,4.1,0.0
2007-10-20 12:00:00,6.4,0.0
2007-10-20 18:00:00,12.8,0.1
2007-10-21 00:00:00,5.4,3.9
2007-10-21 06:00:00,4.0,0.0
2007-10-21 12:00:00,5.5,0.0
2007-10-21 18:00:00,11.6,0.0
2007-10-22 00:00:00,2.7,4.0
2007-10-22 06:00:00,2.6,0.0
2007-10-22 12:00:00,4.4,0.0
2007-10-22 18:00:00,13.1,0.0
2007-10-23 00:00:00,5.1,0.6
2007-10-23 06:00:00,4.5,0.0
2007-10-23 12:00:00,4.5,0.1
2007-10-23 18:00:00,9.6,0.1
2007-10-24 00:00:00,6.3,0.4
2007-10-24 06:00:00,5.0,0.0
2007-10-24 12:00:00,4.0,0.0
2007-10-24 18:00:00,11.7,0.0
2007-10-25 00:00:00,6.5,0.0
2007-10-25 06:00:00,4.4,0.9
2007-10-25 12:00:00,5.3,0.4
2007-10-25 18:00:00,14.1,0.0
2007-10-26 00:00:00,6.8,0.0
2007-10-26 06:00:00,5.2,0.0
2007-10-26 12:00:00,4.8,0.0
2007-10-26 18:00:00,9.9,0.0
2007-10-27 00:00:00,6.0,0.4
2007-10-27 06:00:00,5.3,0.1
2007-10-27 12:00:00,2.8,0.0
2007-10-27 18:00:00,15.8,0.0
2007-10-28 00:00:00,6.2,0.1
2007-10-28 06:00:00,4.9,0.0
2007-10-28 12:00:00,4.5,0.0
2007-10-28 18:00:00,12.8,0.0
2007-10-29 00:00:00,5.6,0.0
2007-10-29 06:00:00,4.8,0.0
2007-10-29 12:00:00,4.9,0.0
2007-10-29 18:00:00,13.1,0.0
2007-10-30 00:00:00,6.0,0.0
2007-10-30 06:00:00,5.2,0.0
2007-10-30 12:00:00,4.4,0.1
2007-10-30 18:00:00,12.6,0.0
2007-10-31 00:00:00,5.3,1.4
2007-10-31 06:00:00,4.7,0.1
2007-10-31 12:00:00,4.8,0.0
2007-10-31 18:00:00,9.3,0.9
2007-11-01 00:00:00,4.6,0.1
2007-11-01 06:00:00,4.1,0.0
2007-11-01 12:00:00,3.4,0.0
2007-11-01 18:00:00,15.4,0.0
2007-11-02 00:00:00,7.3,0.0
2007-11-02 06:00:00,3.4,0.0
2007-11-02 12:00:00,1.5,0.0
2007-11-02 18:00:00,17.1,0.0
2007-11-03 00:00:00,6.3,0.0
2007-11-03 06:00:00,4.7,0.0
2007-11-03 12:00:00,3.7,0.0
2007-11-03 18:00:00,13.6,0.0
2007-11-04 00:00:00,5.4,0.2
2007-11-04 06:00:00,4.0,0.0
2007-11-04 12:00:00,3.0,0.0
2007-11-04 18:00:00,12.6,0.0
2007-11-05 00:00:00,4.6,0.0
2007-11-05 06:00:00,4.3,0.0
2007-11-05 12:00:00,4.7,0.4
2007-11-05 18:00:00,12.5,0.0
2007-11-06 00:00:00,6.3,0.9
2007-11-06 06:00:00,5.7,0.1
2007-11-06 12:00:00,5.7,0.3
2007-11-06 18:00:00,10.3,0.0
2007-11-07 00:00:00,5.9,0.1
2007-11-07 06:00:00,6.1,1.0
2007-11-07 12:00:00,5.6,0.0
2007-11-07 18:00:00,12.0,0.0
2007-11-08 00:00:00,4.6,0.0
2007-11-08 06:00:00,3.0,0.0
2007-11-08 12:00:00,4.5,0.1
2007-11-08 18:00:00,13.4,0.0
2007-11-09 00:00:00,5.3,0.2
2007-11-09 06:00:00,4.7,0.0
2007-11-09 12:00:00,5.7,0.0
2007-11-09 18:00:00,13.1,0.0
2007-11-10 00:00:00,5.8,0.1
2007-11-10 06:00:00,3.7,0.0
2007-11-10 12:00:00,5.0,0.0
2007-11-10 18:00:00,12.8,0.0
2007-11-11 00:00:00,4.4,0.3
2007-11-11 06:00:00,2.9,0.0
2007-11-11 12:00:00,4.3,0.0
2007-11-11 18:00:00,14.3,0.0
2007-11-12 00:00:00,4.8,3.2
2007-11-12 06:00:00,4.6,0.0
2007-11-12 12:00:00,5.1,0.0
2007-11-12 18:00:00,16.2,0.0
2007-11-13 00:00:00,7.8,0.0
2007-11-13 06:00:00,4.7,0.0
2007-11-13 12:00:00,5.1,0.0
2007-11-13 18:00:00,16.0,0.0
2007-11-14 00:00:00,7.2,0.0
2007-11-14 06:00:00,3.8,0.0
2007-11-14 12:00:00,3.9,0.0
2007-11-14 18:00:00,16.8,0.0
2007-11-15 00:00:00,6.3,0.0
2007-11-15 06:00:00,4.6,0.0
2007-11-15 12:00:00,7.6,0.0
2007-11-15 18:00:00,16.3,0.0
2007-11-16 00:00:00,6.9,1.1
2007-11-16 06:00:00,5.6,0.0
2007-11-16 12:00:00,6.3,0.0
2007-11-16 18:00:00,9.3,0.2
2007-11-17 00:00:00,4.4,1.6
2007-11-17 06:00:00,6.3,0.0
2007-11-17 12:00:00,7.8,0.0
2007-11-17 18:00:00,15.0,0.0
2007-11-18 00:00:00,9.2,0.0
2007-11-18 06:00:00,5.0,0.0
2007-11-18 12:00:00,7.9,0.0
2007-11-18 18:00:00,14.9,0.0
2007-11-19 00:00:00,9.2,0.0
2007-11-19 06:00:00,6.3,0.1
2007-11-19 12:00:00,6.6,0.1
2007-11-19 18:00:00,14.4,0.0
2007-11-20 00:00:00,9.2,0.0
2007-11-20 06:00:00,4.7,0.0
2007-11-20 12:00:00,4.7,0.0
2007-11-20 18:00:00,17.1,0.0
2007-11-21 00:00:00,7.6,0.0
2007-11-21 06:00:00,5.0,2.1
2007-11-21 12:00:00,6.4,0.0
2007-11-21 18:00:00,10.2,0.6
2007-11-22 00:00:00,6.7,0.0
2007-11-22 06:00:00,4.4,1.6
2007-11-22 12:00:00,6.5,0.0
2007-11-22 18:00:00,11.5,0.0
2007-11-23 00:00:00,6.4,0.3
2007-11-23 06:00:00,5.0,0.0
2007-11-23 12:00:00,6.9,0.0
2007-11-23 18:00:00,14.3,0.0
2007-11-24 00:00:00,5.8,0.0
2007-11-24 06:00:00,3.9,0.0
2007-11-24 12:00:00,5.6,0.0
2007-11-24 18:00:00,17.3,0.0
2007-11-25 00:00:00,6.9,0.0
2007-11-25 06:00:00,6.1,0.0
2007-11-25 12:00:00,6.1,0.0
2007-11-25 18:00:00,14.0,0.0
2007-11-26 00:00:00,7.5,0.0
2007-11-26 06:00:00,6.0,0.0
2007-11-26 12:00:00,5.4,0.0
2007-11-26 18:00:00,18.2,0.0
2007-11-27 00:00:00,8.1,0.0
2007-11-27 06:00:00,5.2,0.1
2007-11-27 12:00:00,5.6,0.0
2007-11-27 18:00:00,17.0,0.0
2007-11-28 00:00:00,7.0,0.3
2007-11-28 06:00:00,5.8,0.0
2007-11-28 12:00:00,3.3,0.0
2007-11-28 18:00:00,14.0,0.0
2007-11-29 00:00:00,6.5,0.0
2007-11-29 06:00:00,5.5,0.0
2007-11-29 12:00:00,5.4,0.2
2007-11-29 18:00:00,11.6,0.0
2007-11-30 00:00:00,6.5,0.9
2007-11-30 06:00:00,5.5,0.0
2007-11-30 12:00:00,5.5,0.0
2007-11-30 18:00:00,13.7,0.0
2007-12-01 00:00:00,5.9,0.0
2007-12-01 06:00:00,3.9,0.0
2007-12-01 12:00:00,4.9,0.0
2007-12-01 18:00:00,15.5,0.0
2007-12-02 00:00:00,8.2,0.0
2007-12-02 06:00:00,0.3,0.0
2007-12-02 12:00:00,0.0,0.0
2007-12-02 18:00:00,16.2,0.0
2007-12-03 00:00:00,7.7,0.0
2007-12-03 06:00:00,1.1,0.0
2007-12-03 12:00:00,0.6,0.0
2007-12-03 18:00:00,16.9,0.0
2007-12-04 00:00:00,6.3,0.0
2007-12-04 06:00:00,0.8,0.0
2007-12-04 12:00:00,-0.7,0.0
2007-12-04 18:00:00,14.2,0.0
2007-12-05 00:00:00,4.6,0.0
2007-12-05 06:00:00,0.5,0.0
2007-12-05 12:00:00,0.0,0.0
2007-12-05 18:00:00,15.5,0.0
2007-12-06 00:00:00,6.3,0.0
2007-12-06 06:00:00,2.4,0.0
2007-12-06 12:00:00,3.1,0.0
2007-12-06 18:00:00,15.3,0.0
2007-12-07 00:00:00,5.4,0.0
2007-12-07 06:00:00,2.9,0.0
2007-12-07 12:00:00,0.1,0.0
2007-12-07 18:00:00,13.0,0.0
2007-12-08 00:00:00,5.9,0.0
2007-12-08 06:00:00,3.0,0.0
2007-12-08 12:00:00,2.9,0.0
2007-12-08 18:00:00,12.4,0.0
2007-12-09 00:00:00,5.7,0.0
2007-12-09 06:00:00,1.3,0.0
2007-12-09 12:00:00,2.6,0.0
2007-12-09 18:00:00,17.8,0.0
2007-12-10 00:00:00,6.9,0.0
2007-12-10 06:00:00,2.4,0.0
2007-12-10 12:00:00,3.8,0.0
2007-12-10 18:00:00,14.2,0.0
2007-12-11 00:00:00,8.4,0.0
2007-12-11 06:00:00,3.6,0.0
2007-12-11 12:00:00,4.1,0.0
2007-12-11 18:00:00,11.5,0.0
2007-12-12 00:00:00,4.9,3.4
2007-12-12 06:00:00,3.5,0.1
2007-12-12 12:00:00,4.6,0.0
2007-12-12 18:00:00,11.7,0.1
2007-12-13 00:00:00,5.9,0.0
2007-12-13 06:00:00,5.1,0.0
2007-12-13 12:00:00,5.4,0.0
2007-12-13 18:00:00,13.9,0.0
2007-12-14 00:00:00,5.8,2.1
2007-12-14 06:00:00,4.7,0.0
2007-12-14 12:00:00,5.5,0.0
2007-12-14 18:00:00,11.0,0.0
2007-12-15 00:00:00,6.7,0.0
2007-12-15 06:00:00,5.6,0.1
2007-12-15 12:00:00,5.0,0.1
2007-12-15 18:00:00,9.8,0.0
2007-12-16 00:00:00,5.6,0.0
2007-12-16 06:00:00,3.5,0.0
2007-12-16 12:00:00,3.3,0.0
2007-12-16 18:00:00,11.5,0.0
2007-12-17 00:00:00,5.4,0.0
2007-12-17 06:00:00,3.4,0.0
2007-12-17 12:00:00,4.5,0.0
2007-12-17 18:00:00,6.7,0.0
2007-12-18 00:00:00,5.2,0.0
2007-12-18 06:00:00,3.0,0.0
2007-12-18 12:00:00,2.6,0.0
2007-12-18 18:00:00,15.4,0.0
2007-12-19 00:00:00,7.0,0.0
2007-12-19 06:00:00,4.7,0.0
2007-12-19 12:00:00,4.3,0.0
2007-12-19 18:00:00,16.5,0.0
2007-12-20 00:00:00,4.0,5.5
2007-12-20 06:00:00,4.2,0.1
2007-12-20 12:00:00,4.4,0.0
2007-12-20 18:00:00,11.0,0.0
2007-12-21 00:00:00,5.0,0.1
2007-12-21 06:00:00,4.1,1.1
2007-12-21 12:00:00,4.8,0.1
2007-12-21 18:00:00,13.6,0.0
2007-12-22 00:00:00,7.5,0.1
2007-12-22 06:00:00,5.7,0.2
2007-12-22 12:00:00,5.5,0.0
2007-12-22 18:00:00,11.6,0.0
2007-12-23 00:00:00,8.2,0.0
2007-12-23 06:00:00,6.6,1.0
2007-12-23 12:00:00,9.2,0.0
2007-12-23 18:00:00,12.7,0.0
2007-12-24 00:00:00,6.8,0.3
2007-12-24 06:00:00,4.9,0.0
2007-12-24 12:00:00,5.8,0.0
2007-12-24 18:00:00,14.7,0.1
2007-12-25 00:00:00,7.2,0.0
2007-12-25 06:00:00,7.0,0.0
2007-12-25 12:00:00,9.6,0.0
2007-12-25 18:00:00,13.2,0.0
2007-12-26 00:00:00,5.5,0.0
2007-12-26 06:00:00,4.8,0.0
2007-12-26 12:00:00,5.2,0.0
2007-12-26 18:00:00,12.7,0.0
2007-12-27 00:00:00,6.0,0.3
2007-12-27 06:00:00,4.6,3.5
2007-12-27 12:00:00,4.9,0.0
2007-12-27 18:00:00,12.6,0.0
2007-12-28 00:00:00,6.5,0.0
2007-12-28 06:00:00,5.6,0.0
2007-12-28 12:00:00,4.9,0.0
2007-12-28 18:00:00,15.0,0.0
2007-12-29 00:00:00,7.4,0.2
2007-12-29 06:00:00,5.1,0.1
2007-12-29 12:00:00,4.9,0.0
2007-12-29 18:00:00,11.1,0.0
2007-12-30 00:00:00,5.5,1.0
2007-12-30 06:00:00,5.2,0.0
2007-12-30 12:00:00,5.5,0.0
2007-12-30 18:00:00,11.8,0.0
2007-12-31 00:00:00,7.1,0.4
2007-12-31 06:00:00,6.3,0.0
2007-12-31 12:00:00,6.2,0.0
2007-12-31 18:00:00,14.2,0.0
2008-01-01 00:00:00,6.1,2.2
2008-01-01 06:00:00,5.6,0.1
2008-01-01 12:00:00,5.9,0.0
2008-01-01 18:00:00,13.4,0.0
2008-01-02 00:00:00,5.9,0.8
2008-01-02 06:00:00,5.1,0.0
2008-01-02 12:00:00,4.2,0.0
2008-01-02 18:00:00,15.2,0.0
2008-01-03 00:00:00,7.2,0.0
2008-01-03 06:00:00,3.9,0.0
2008-01-03 12:00:00,3.0,0.0
2008-01-03 18:00:00,13.4,0.0
2008-01-04 00:00:00,5.3,0.2
2008-01-04 06:00:00,2.5,0.0
2008-01-04 12:00:00,6.0,0.0
2008-01-04 18:00:00,16.1,0.0
2008-01-05 00:00:00,8.0,0.0
2008-01-05 06:00:00,3.4,0.0
2008-01-05 12:00:00,8.6,0.0
2008-01-05 18:00:00,13.6,0.0
2008-01-06 00:00:00,8.2,0.1
2008-01-06 06:00:00,6.1,0.3
2008-01-06 12:00:00,6.1,0.1
2008-01-06 18:00:00,15.8,0.0
2008-01-07 00:00:00,7.0,1.3
2008-01-07 06:00:00,5.3,0.3
2008-01-07 12:00:00,5.1,0.0
2008-01-07 18:00:00,12.3,0.0
2008-01-08 00:00:00,6.3,2.3
2008-01-08 06:00:00,4.8,1.0
2008-01-08 12:00:00,5.3,0.0
2008-01-08 18:00:00,12.8,0.0
2008-01-09 00:00:00,5.4,2.5
2008-01-09 06:00:00,5.0,0.8
2008-01-09 12:00:00,4.9,0.1
2008-01-09 18:00:00,10.7,0.1
2008-01-10 00:00:00,3.0,3.9
2008-01-10 06:00:00,3.8,0.0
2008-01-10 12:00:00,3.3,0.0
2008-01-10 18:00:00,7.6,0.0
2008-01-11 00:00:00,5.3,0.0
2008-01-11 06:00:00,4.6,0.0
2008-01-11 12:00:00,3.2,0.0
2008-01-11 18:00:00,11.9,0.0
2008-01-12 00:00:00,6.0,0.0
2008-01-12 06:00:00,4.9,0.0
2008-01-12 12:00:00,4.6,0.0
2008-01-12 18:00:00,12.5,0.0
2008-01-13 00:00:00,7.1,0.4
2008-01-13 06:00:00,4.2,0.0
2008-01-13 12:00:00,6.5,0.2
2008-01-13 18:00:00,14.4,0.0
2008-01-14 00:00:00,6.9,0.1
2008-01-14 06:00:00,6.3,0.1
2008-01-14 12:00:00,6.1,0.1
2008-01-14 18:00:00,10.7,0.0
2008-01-15 00:00:00,5.7,0.1
2008-01-15 06:00:00,5.9,0.7
2008-01-15 12:00:00,4.4,0.6
2008-01-15 18:00:00,7.5,0.0
2008-01-16 00:00:00,6.0,1.0
2008-01-16 06:00:00,4.1,1.1
2008-01-16 12:00:00,4.8,0.1
2008-01-16 18:00:00,12.4,0.0
2008-01-17 00:00:00,6.9,0.1
2008-01-17 06:00:00,5.9,0.0
2008-01-17 12:00:00,5.0,0.0
2008-01-17 18:00:00,14.2,0.0
2008-01-18 00:00:00,5.2,1.0
2008-01-18 06:00:00,4.4,0.0
2008-01-18 12:00:00,3.3,0.1
2008-01-18 18:00:00,14.6,0.0
2008-01-19 00:00:00,7.7,0.0
2008-01-19 06:00:00,6.0,0.0
2008-01-19 12:00:00,6.1,0.0
2008-01-19 18:00:00,14.3,0.0
2008-01-20 00:00:00,8.8,0.0
2008-01-20 06:00:00,6.8,0.0
2008-01-20 12:00:00,5.7,0.9
2008-01-20 18:00:00,15.6,0.0
2008-01-21 00:00:00,8.2,0.0
2008-01-21 06:00:00,6.3,0.2
2008-01-21 12:00:00,5.7,0.0
2008-01-21 18:00:00,13.8,0.0
2008-01-22 00:00:00,7.4,0.0
2008-01-22 06:00:00,6.0,0.4
2008-01-22 12:00:00,6.1,0.1
2008-01-22 18:00:00,10.6,0.1
2008-01-23 00:00:00,7.1,0.1
2008-01-23 06:00:00,4.2,0.0
2008-01-23 12:00:00,5.7,0.0
2008-01-23 18:00:00,14.2,0.0
2008-01-24 00:00:00,6.2,0.2
2008-01-24 06:00:00,5.6,0.6
2008-01-24 12:00:00,4.5,0.1
2008-01-24 18:00:00,12.0,0.1
2008-01-25 00:00:00,7.1,0.6
2008-01-25 06:00:00,5.3,0.1
2008-01-25 12:00:00,5.2,0.1
2008-01-25 18:00:00,9.0,0.5
2008-01-26 00:00:00,6.4,0.0
2008-01-26 06:00:00,5.3,0.1
2008-01-26 12:00:00,5.4,0.0
2008-01-26 18:00:00,11.4,0.0
2008-01-27 00:00:00,6.7,0.3
2008-01-27 06:00:00,6.2,0.0
2008-01-27 12:00:00,5.8,0.0
2008-01-27 18:00:00,14.3,0.0
2008-01-28 00:00:00,6.7,0.2
2008-01-28 06:00:00,5.1,0.0
2008-01-28 12:00:00,4.5,0.0
2008-01-28 18:00:00,12.5,0.0
2008-01-29 00:00:00,6.5,0.0
2008-01-29 06:00:00,5.3,0.0
2008-01-29 12:00:00,4.6,0.0
2008-01-29 18:00:00,10.7,0.0
2008-01-30 00:00:00,6.1,0.0
2008-01-30 06:00:00,4.6,0.0
2008-01-30 12:00:00,4.4,0.0
2008-01-30 18:00:00,11.1,0.0
2008-01-31 00:00:00,6.3,0.0
2008-01-31 06:00:00,4.1,0.0
2008-01-31 12:00:00,1.9,0.0
2008-01-31 18:00:00,15.3,0.0
2008-02-01 00:00:00,6.3,0.0
2008-02-01 06:00:00,4.2,0.0
2008-02-01 12:00:00,1.8,0.0
2008-02-01 18:00:00,13.8,0.0
2008-02-02 00:00:00,5.6,0.0
2008-02-02 06:00:00,3.9,0.0
2008-02-02 12:00:00,3.4,0.0
2008-02-02 18:00:00,10.9,0.0
2008-02-03 00:00:00,5.5,0.0
2008-02-03 06:00:00,4.3,0.0
2008-02-03 12:00:00,4.0,0.1
2008-02-03 18:00:00,8.5,0.0
2008-02-04 00:00:00,5.9,0.0
2008-02-04 06:00:00,5.1,0.3
2008-02-04 12:00:00,5.1,0.5
2008-02-04 18:00:00,12.1,0.0
2008-02-05 00:00:00,7.2,0.0
2008-02-05 06:00:00,5.2,0.0
2008-02-05 12:00:00,5.0,0.0
2008-02-05 18:00:00,16.7,0.0
2008-02-06 00:00:00,8.8,0.0
2008-02-06 06:00:00,6.2,0.2
2008-02-06 12:00:00,6.5,0.0
2008-02-06 18:00:00,14.9,0.0
2008-02-07 00:00:00,10.3,0.0
2008-02-07 06:00:00,4.9,0.0
2008-02-07 12:00:00,8.4,0.0
2008-02-07 18:00:00,15.2,0.0
2008-02-08 00:00:00,7.0,0.7
2008-02-08 06:00:00,6.8,0.2
2008-02-08 12:00:00,8.3,0.0
2008-02-08 18:00:00,15.0,0.0
2008-02-09 00:00:00,6.5,0.3
2008-02-09 06:00:00,3.9,0.0
2008-02-09 12:00:00,6.2,0.0
2008-02-09 18:00:00,15.7,0.0
2008-02-10 00:00:00,7.4,0.0
2008-02-10 06:00:00,5.7,0.0
2008-02-10 12:00:00,4.6,0.0
2008-02-10 18:00:00,14.7,0.0
2008-02-11 00:00:00,7.1,0.0
2008-02-11 06:00:00,5.1,0.0
2008-02-11 12:00:00,3.7,0.0
2008-02-11 18:00:00,14.1,0.0
2008-02-12 00:00:00,5.9,0.2
2008-02-12 06:00:00,5.5,0.2
2008-02-12 12:00:00,5.3,0.1
2008-02-12 18:00:00,12.3,0.0
2008-02-13 00:00:00,6.8,0.3
2008-02-13 06:00:00,5.7,0.1
2008-02-13 12:00:00,5.9,0.0
2008-02-13 18:00:00,15.0,0.0
2008-02-14 00:00:00,6.0,0.2
2008-02-14 06:00:00,4.5,0.0
2008-02-14 12:00:00,5.0,0.0
2008-02-14 18:00:00,12.8,0.1
2008-02-15 00:00:00,7.1,0.0
2008-02-15 06:00:00,5.7,0.0
2008-02-15 12:00:00,5.7,0.0
2008-02-15 18:00:00,14.4,0.0
2008-02-16 00:00:00,6.1,1.7
2008-02-16 06:00:00,5.4,0.0
2008-02-16 12:00:00,5.2,0.0
2008-02-16 18:00:00,11.9,0.0
2008-02-17 00:00:00,6.7,0.7
2008-02-17 06:00:00,5.6,0.0
2008-02-17 12:00:00,5.7,0.0
2008-02-17 18:00:00,11.2,0.0
2008-02-18 00:00:00,5.2,0.3
2008-02-18 06:00:00,5.1,0.1
2008-02-18 12:00:00,4.5,0.0
2008-02-18 18:00:00,11.3,0.0
2008-02-19 00:00:00,5.8,1.0
2008-02-19 06:00:00,5.2,0.1
2008-02-19 12:00:00,5.1,0.0
2008-02-19 18:00:00,13.0,0.0
2008-02-20 00:00:00,5.1,2.0
2008-02-20 06:00:00,4.0,0.6
2008-02-20 12:00:00,4.5,0.0
2008-02-20 18:00:00,8.6,0.3
2008-02-21 00:00:00,6.2,0.2
2008-02-21 06:00:00,4.3,0.4
2008-02-21 12:00:00,3.5,0.8
2008-02-21 18:00:00,11.2,0.0
2008-02-22 00:00:00,5.9,0.7
2008-02-22 06:00:00,4.9,0.3
2008-02-22 12:00:00,5.0,0.1
2008-02-22 18:00:00,12.0,0.0
2008-02-23 00:00:00,5.5,1.8
2008-02-23 06:00:00,5.1,0.1
2008-02-23 12:00:00,4.8,0.0
2008-02-23 18:00:00,9.2,0.0
2008-02-24 00:00:00,5.8,0.6
2008-02-24 06:00:00,5.5,0.1
2008-02-24 12:00:00,3.8,0.2
2008-02-24 18:00:00,13.3,0.0
2008-02-25 00:00:00,7.3,0.1
2008-02-25 06:00:00,5.3,1.0
2008-02-25 12:00:00,3.9,2.4
2008-02-25 18:00:00,7.4,0.6
2008-02-26 00:00:00,5.7,2.2
2008-02-26 06:00:00,5.2,0.0
2008-02-26 12:00:00,5.3,0.0
2008-02-26 18:00:00,10.7,0.0
2008-02-27 00:00:00,6.6,0.0
2008-02-27 06:00:00,5.3,0.5
2008-02-27 12:00:00,4.9,0.0
2008-02-27 18:00:00,9.2,0.0
2008-02-28 00:00:00,5.4,0.4
2008-02-28 06:00:00,4.8,0.1
2008-02-28 12:00:00,4.7,0.0
2008-02-28 18:00:00,9.2,0.0
2008-02-29 00:00:00,4.1,1.3
2008-02-29 06:00:00,2.2,0.1
2008-02-29 12:00:00,4.4,0.2
2008-02-29 18:00:00,11.3,0.0
2008-03-01 00:00:00,4.5,1.4
2008-03-01 06:00:00,4.6,0.0
2008-03-01 12:00:00,4.7,0.0
2008-03-01 18:00:00,12.6,0.0
2008-03-02 00:00:00,6.5,0.0
2008-03-02 06:00:00,5.0,0.0
2008-03-02 12:00:00,3.8,0.0
2008-03-02 18:00:00,12.4,0.0
2008-03-03 00:00:00,7.4,0.0
2008-03-03 06:00:00,5.2,0.0
2008-03-03 12:00:00,3.8,0.0
2008-03-03 18:00:00,12.8,0.0
2008-03-04 00:00:00,5.9,1.4
2008-03-04 06:00:00,5.2,0.4
2008-03-04 12:00:00,4.9,0.0
2008-03-04 18:00:00,8.7,0.3
2008-03-05 00:00:00,5.4,0.0
2008-03-05 06:00:00,5.2,0.0
2008-03-05 12:00:00,4.6,0.0
2008-03-05 18:00:00,5.9,0.8
2008-03-06 00:00:00,4.1,2.2
2008-03-06 06:00:00,2.2,0.0
2008-03-06 12:00:00,2.7,0.0
2008-03-06 18:00:00,8.3,0.1
2008-03-07 00:00:00,4.9,0.0
2008-03-07 06:00:00,3.4,0.0
2008-03-07 12:00:00,3.1,0.0
2008-03-07 18:00:00,7.7,0.0
2008-03-08 00:00:00,4.2,0.0
2008-03-08 06:00:00,-0.2,0.0
2008-03-08 12:00:00,1.0,0.0
2008-03-08 18:00:00,12.9,0.0
2008-03-09 00:00:00,6.1,0.0
2008-03-09 06:00:00,3.1,0.0
2008-03-09 12:00:00,1.3,0.0
2008-03-09 18:00:00,12.6,0.0
2008-03-10 00:00:00,4.1,1.1
2008-03-10 06:00:00,2.7,0.3
2008-03-10 12:00:00,2.5,0.0
2008-03-10 18:00:00,10.1,0.0
2008-03-11 00:00:00,4.5,0.2
2008-03-11 06:00:00,4.0,0.1
2008-03-11 12:00:00,3.5,0.1
2008-03-11 18:00:00,5.1,2.1
2008-03-12 00:00:00,4.0,0.9
2008-03-12 06:00:00,3.2,0.0
2008-03-12 12:00:00,3.7,0.0
2008-03-12 18:00:00,5.7,0.0
2008-03-13 00:00:00,4.3,2.7
2008-03-13 06:00:00,3.9,0.1
2008-03-13 12:00:00,3.8,0.1
2008-03-13 18:00:00,7.9,0.1
2008-03-14 00:00:00,6.0,0.0
2008-03-14 06:00:00,5.0,0.3
2008-03-14 12:00:00,5.1,0.0
2008-03-14 18:00:00,9.6,0.0
2008-03-15 00:00:00,6.4,0.0
2008-03-15 06:00:00,4.2,1.1
2008-03-15 12:00:00,4.7,0.3
2008-03-15 18:00:00,9.9,0.0
2008-03-16 00:00:00,5.2,0.2
2008-03-16 06:00:00,4.7,0.5
2008-03-16 12:00:00,4.3,0.0
2008-03-16 18:00:00,12.0,0.0
2008-03-17 00:00:00,6.9,0.0
2008-03-17 06:00:00,5.6,0.3
2008-03-17 12:00:00,5.4,0.0
2008-03-17 18:00:00,13.1,0.0
2008-03-18 00:00:00,6.2,0.1
2008-03-18 06:00:00,3.8,2.1
2008-03-18 12:00:00,3.4,0.0
2008-03-18 18:00:00,14.7,0.0
2008-03-19 00:00:00,7.1,0.0
2008-03-19 06:00:00,5.1,0.1
2008-03-19 12:00:00,4.8,0.1
2008-03-19 18:00:00,13.4,0.0
2008-03-20 00:00:00,7.5,0.0
2008-03-20 06:00:00,5.6,0.0
2008-03-20 12:00:00,3.4,0.0
2008-03-20 18:00:00,11.9,0.0
2008-03-21 00:00:00,6.5,0.5
2008-03-21 06:00:00,4.7,0.0
2008-03-21 12:00:00,4.8,0.0
2008-03-21 18:00:00,12.6,0.0
2008-03-22 00:00:00,6.9,0.1
2008-03-22 06:00:00,4.8,0.1
2008-03-22 12:00:00,5.4,0.0
2008-03-22 18:00:00,12.8,0.0
2008-03-23 00:00:00,7.8,0.0
2008-03-23 06:00:00,4.2,0.0
2008-03-23 12:00:00,5.3,0.0
2008-03-23 18:00:00,12.3,0.0
2008-03-24 00:00:00,7.6,0.0
2008-03-24 06:00:00,6.3,0.0
2008-03-24 12:00:00,5.9,0.0
2008-03-24 18:00:00,10.4,0.0
2008-03-25 00:00:00,7.4,0.8
2008-03-25 06:00:00,5.5,0.1
2008-03-25 12:00:00,6.1,0.0
2008-03-25 18:00:00,11.8,0.0
2008-03-26 00:00:00,7.7,0.0
2008-03-26 06:00:00,6.4,0.0
2008-03-26 12:00:00,5.3,0.0
2008-03-26 18:00:00,15.0,0.0
2008-03-27 00:00:00,7.9,0.0
2008-03-27 06:00:00,6.3,0.1
2008-03-27 12:00:00,5.2,0.1
2008-03-27 18:00:00,11.3,0.2
2008-03-28 00:00:00,4.8,3.7
2008-03-28 06:00:00,4.0,0.0
2008-03-28 12:00:00,4.4,0.0
2008-03-28 18:00:00,12.3,0.0
2008-03-29 00:00:00,6.6,0.0
2008-03-29 06:00:00,5.5,0.1
2008-03-29 12:00:00,5.5,0.3
2008-03-29 18:00:00,10.4,0.0
2008-03-30 00:00:00,6.1,0.0
2008-03-30 06:00:00,6.0,0.0
2008-03-30 12:00:00,5.6,0.0
2008-03-30 18:00:00,13.4,0.0
2008-03-31 00:00:00,5.9,0.0
2008-03-31 06:00:00,5.7,0.1
2008-03-31 12:00:00,5.6,0.1
2008-03-31 18:00:00,9.6,0.3
2008-04-01 00:00:00,5.6,1.9
2008-04-01 06:00:00,5.3,0.1
2008-04-01 12:00:00,5.0,0.1
2008-04-01 18:00:00,9.0,0.0
2008-04-02 00:00:00,5.8,0.3
2008-04-02 06:00:00,5.0,0.7
2008-04-02 12:00:00,4.6,0.1
2008-04-02 18:00:00,12.1,0.0
2008-04-03 00:00:00,5.6,0.0
2008-04-03 06:00:00,4.0,0.0
2008-04-03 12:00:00,3.3,0.0
2008-04-03 18:00:00,9.2,0.0
2008-04-04 00:00:00,4.1,0.6
2008-04-04 06:00:00,4.1,0.5
2008-04-04 12:00:00,3.6,0.0
2008-04-04 18:00:00,7.8,0.0
2008-04-05 00:00:00,4.8,0.5
2008-04-05 06:00:00,3.9,1.4
2008-04-05 12:00:00,4.3,0.2
2008-04-05 18:00:00,11.8,0.0
2008-04-06 00:00:00,5.6,0.6
2008-04-06 06:00:00,5.2,0.0
2008-04-06 12:00:00,5.1,0.0
2008-04-06 18:00:00,11.9,0.0
2008-04-07 00:00:00,5.8,0.1
2008-04-07 06:00:00,2.6,0.0
2008-04-07 12:00:00,2.4,0.0
2008-04-07 18:00:00,12.2,0.0
2008-04-08 00:00:00,6.1,0.1
2008-04-08 06:00:00,4.1,0.0
2008-04-08 12:00:00,3.2,0.0
2008-04-08 18:00:00,12.1,0.0
2008-04-09 00:00:00,7.1,0.2
2008-04-09 06:00:00,5.7,0.1
2008-04-09 12:00:00,5.3,0.2
2008-04-09 18:00:00,11.9,0.0
2008-04-10 00:00:00,6.6,0.0
2008-04-10 06:00:00,5.5,0.0
2008-04-10 12:00:00,5.3,0.2
2008-04-10 18:00:00,12.5,0.0
2008-04-11 00:00:00,5.7,0.4
2008-04-11 06:00:00,5.3,0.0
2008-04-11 12:00:00,5.0,0.2
2008-04-11 18:00:00,11.3,0.0
2008-04-12 00:00:00,6.0,0.0
2008-04-12 06:00:00,5.3,0.0
2008-04-12 12:00:00,3.9,0.0
2008-04-12 18:00:00,11.5,0.0
2008-04-13 00:00:00,4.4,2.3
2008-04-13 06:00:00,3.6,0.0
2008-04-13 12:00:00,3.2,0.0
2008-04-13 18:00:00,11.6,0.0
2008-04-14 00:00:00,6.9,0.0
2008-04-14 06:00:00,5.2,0.0
2008-04-14 12:00:00,4.6,0.0
2008-04-14 18:00:00,13.7,0.0
2008-04-15 00:00:00,6.2,1.1
2008-04-15 06:00:00,5.1,0.0
2008-04-15 12:00:00,5.5,0.1
2008-04-15 18:00:00,12.2,0.0
2008-04-16 00:00:00,5.4,0.6
2008-04-16 06:00:00,4.0,0.0
2008-04-16 12:00:00,3.6,0.0
2008-04-16 18:00:00,15.7,0.0
2008-04-17 00:00:00,6.8,0.1
2008-04-17 06:00:00,4.2,0.7
2008-04-17 12:00:00,5.9,0.0
2008-04-17 18:00:00,12.1,0.0
2008-04-18 00:00:00,10.3,0.0
2008-04-18 06:00:00,7.4,0.0
2008-04-18 12:00:00,8.8,0.0
2008-04-18 18:00:00,14.9,0.0
2008-04-19 00:00:00,9.9,0.0
2008-04-19 06:00:00,4.5,0.0
2008-04-19 12:00:00,3.7,0.0
2008-04-19 18:00:00,18.0,0.0
2008-04-20 00:00:00,7.3,0.0
2008-04-20 06:00:00,4.9,0.0
2008-04-20 12:00:00,4.0,0.0
2008-04-20 18:00:00,12.7,0.0
2008-04-21 00:00:00,7.3,0.0
2008-04-21 06:00:00,4.2,0.0
2008-04-21 12:00:00,2.9,0.0
2008-04-21 18:00:00,16.2,0.0
2008-04-22 00:00:00,7.4,0.0
2008-04-22 06:00:00,4.1,0.0
2008-04-22 12:00:00,3.8,0.0
2008-04-22 18:00:00,13.6,0.0
2008-04-23 00:00:00,8.2,0.0
2008-04-23 06:00:00,3.8,0.0
2008-04-23 12:00:00,4.1,0.0
2008-04-23 18:00:00,13.4,0.0
2008-04-24 00:00:00,7.8,0.0
2008-04-24 06:00:00,5.2,0.1
2008-04-24 12:00:00,5.0,0.0
2008-04-24 18:00:00,12.3,0.0
2008-04-25 00:00:00,6.0,0.7
2008-04-25 06:00:00,5.5,0.0
2008-04-25 12:00:00,5.1,0.0
2008-04-25 18:00:00,13.2,0.0
2008-04-26 00:00:00,7.0,0.0
2008-04-26 06:00:00,5.7,0.0
2008-04-26 12:00:00,4.5,0.0
2008-04-26 18:00:00,13.1,0.0
2008-04-27 00:00:00,6.8,0.0
2008-04-27 06:00:00,5.3,0.0
2008-04-27 12:00:00,3.8,0.8
2008-04-27 18:00:00,9.0,0.1
2008-04-28 00:00:00,7.3,0.0
2008-04-28 06:00:00,4.7,0.0
2008-04-28 12:00:00,4.2,0.0
2008-04-28 18:00:00,11.7,0.0
2008-04-29 00:00:00,7.6,0.0
2008-04-29 06:00:00,6.2,0.0
2008-04-29 12:00:00,6.4,0.0
2008-04-29 18:00:00,14.5,0.0
2008-04-30 00:00:00,6.1,0.5
2008-04-30 06:00:00,3.9,0.0
2008-04-30 12:00:00,4.2,0.0
2008-04-30 18:00:00,14.5,0.0
2008-05-01 00:00:00,6.1,0.2
2008-05-01 06:00:00,5.1,0.0
2008-05-01 12:00:00,5.3,0.0
2008-05-01 18:00:00,11.7,0.0
2008-05-02 00:00:00,5.5,0.0
2008-05-02 06:00:00,5.5,0.0
2008-05-02 12:00:00,5.1,0.0
2008-05-02 18:00:00,13.8,0.0
2008-05-03 00:00:00,5.9,1.1
2008-05-03 06:00:00,4.6,0.0
2008-05-03 12:00:00,3.4,0.1
2008-05-03 18:00:00,13.2,0.0
2008-05-04 00:00:00,7.2,0.0
2008-05-04 06:00:00,5.6,0.0
2008-05-04 12:00:00,4.5,0.0
2008-05-04 18:00:00,13.6,0.0
2008-05-05 00:00:00,7.0,0.0
2008-05-05 06:00:00,4.6,0.0
2008-05-05 12:00:00,5.0,0.0
2008-05-05 18:00:00,14.5,0.0
2008-05-06 00:00:00,5.5,0.0
2008-05-06 06:00:00,4.6,0.0
2008-05-06 12:00:00,4.4,0.0
2008-05-06 18:00:00,15.0,0.0
2008-05-07 00:00:00,5.5,0.0
2008-05-07 06:00:00,2.6,0.0
2008-05-07 12:00:00,6.1,0.0
2008-05-07 18:00:00,14.5,0.0
2008-05-08 00:00:00,10.3,0.0
2008-05-08 06:00:00,7.5,0.0
2008-05-08 12:00:00,7.1,0.0
2008-05-08 18:00:00,16.9,0.0
2008-05-09 00:00:00,5.1,0.0
2008-05-09 06:00:00,2.1,0.0
2008-05-09 12:00:00,2.2,0.0
2008-05-09 18:00:00,16.0,0.0
2008-05-10 00:00:00,6.0,0.4
2008-05-10 06:00:00,3.9,0.0
2008-05-10 12:00:00,3.6,0.0
2008-05-10 18:00:00,9.5,0.0
2008-05-11 00:00:00,5.8,0.0
2008-05-11 06:00:00,5.3,0.0
2008-05-11 12:00:00,5.0,0.0
2008-05-11 18:00:00,8.7,0.0
2008-05-12 00:00:00,4.6,0.4
2008-05-12 06:00:00,4.0,0.0
2008-05-12 12:00:00,4.8,0.0
2008-05-12 18:00:00,10.9,0.0
2008-05-13 00:00:00,4.9,0.0
2008-05-13 06:00:00,4.6,0.0
2008-05-13 12:00:00,3.9,0.0
2008-05-13 18:00:00,13.2,0.0
2008-05-14 00:00:00,7.0,0.0
2008-05-14 06:00:00,3.7,0.0
2008-05-14 12:00:00,3.9,0.0
2008-05-14 18:00:00,12.7,0.0
2008-05-15 00:00:00,8.1,0.0
2008-05-15 06:00:00,5.6,0.0
2008-05-15 12:00:00,3.1,0.0
2008-05-15 18:00:00,15.6,0.0
2008-05-16 00:00:00,6.9,0.0
2008-05-16 06:00:00,4.3,0.0
2008-05-16 12:00:00,5.0,0.0
2008-05-16 18:00:00,15.3,0.0
2008-05-17 00:00:00,6.7,0.0
2008-05-17 06:00:00,3.2,0.0
2008-05-17 12:00:00,2.2,0.0
2008-05-17 18:00:00,12.6,0.0
2008-05-18 00:00:00,4.6,0.0
2008-05-18 06:00:00,3.2,0.0
2008-05-18 12:00:00,4.2,0.0
2008-05-18 18:00:00,15.2,0.0
2008-05-19 00:00:00,5.5,0.0
2008-05-19 06:00:00,2.5,0.0
2008-05-19 12:00:00,5.7,0.0
2008-05-19 18:00:00,14.6,0.0
2008-05-20 00:00:00,4.8,0.0
2008-05-20 06:00:00,2.1,0.0
2008-05-20 12:00:00,0.4,0.0
2008-05-20 18:00:00,14.1,0.0
2008-05-21 00:00:00,4.2,0.0
2008-05-21 06:00:00,3.2,0.0
2008-05-21 12:00:00,2.2,0.0
2008-05-21 18:00:00,12.8,0.0
2008-05-22 00:00:00,5.9,0.0
2008-05-22 06:00:00,2.8,0.0
2008-05-22 12:00:00,0.7,0.0
2008-05-22 18:00:00,15.5,0.0
2008-05-23 00:00:00,5.0,0.0
2008-05-23 06:00:00,4.7,0.0
2008-05-23 12:00:00,3.1,0.0
2008-05-23 18:00:00,14.0,0.0
2008-05-24 00:00:00,5.9,0.0
2008-05-24 06:00:00,4.5,0.0
2008-05-24 12:00:00,1.8,0.0
2008-05-24 18:00:00,14.4,0.0
2008-05-25 00:00:00,5.2,0.0
2008-05-25 06:00:00,3.2,0.0
2008-05-25 12:00:00,0.9,0.0
2008-05-25 18:00:00,13.8,0.0
2008-05-26 00:00:00,5.6,0.0
2008-05-26 06:00:00,4.5,0.0
2008-05-26 12:00:00,2.4,0.0
2008-05-26 18:00:00,12.3,0.0
2008-05-27 00:00:00,5.3,0.0
2008-05-27 06:00:00,3.7,0.0
2008-05-27 12:00:00,3.9,0.0
2008-05-27 18:00:00,14.2,0.0
2008-05-28 00:00:00,5.4,0.0
2008-05-28 06:00:00,2.1,0.0
2008-05-28 12:00:00,1.6,0.0
2008-05-28 18:00:00,12.6,0.0
2008-05-29 00:00:00,5.5,0.0
2008-05-29 06:00:00,4.3,0.0
2008-05-29 12:00:00,1.9,0.0
2008-05-29 18:00:00,12.4,0.0
2008-05-30 00:00:00,2.8,0.0
2008-05-30 06:00:00,3.1,0.0
2008-05-30 12:00:00,5.0,0.0
2008-05-30 18:00:00,12.0,0.0
2008-05-31 00:00:00,5.4,0.0
2008-05-31 06:00:00,4.5,0.0
2008-05-31 12:00:00,3.1,0.0
2008-05-31 18:00:00,12.0,0.0
2008-06-01 00:00:00,5.8,1.0
2008-06-01 06:00:00,3.1,0.0
2008-06-01 12:00:00,6.2,0.0
2008-06-01 18:00:00,15.2,0.0
2008-06-02 00:00:00,6.6,0.0
2008-06-02 06:00:00,1.4,0.0
2008-06-02 12:00:00,5.0,0.0
2008-06-02 18:00:00,16.5,0.0
2008-06-03 00:00:00,6.1,0.0
2008-06-03 06:00:00,2.9,0.0
2008-06-03 12:00:00,1.2,0.0
2008-06-03 18:00:00,13.2,0.0
2008-06-04 00:00:00,9.7,0.0
2008-06-04 06:00:00,0.4,0.0
2008-06-04 12:00:00,0.0,0.0
2008-06-04 18:00:00,15.0,0.0
2008-06-05 00:00:00,4.2,0.0
2008-06-05 06:00:00,0.6,0.0
2008-06-05 12:00:00,0.3,0.0
2008-06-05 18:00:00,14.3,0.0
2008-06-06 00:00:00,6.3,0.0
2008-06-06 06:00:00,-0.3,0.0
2008-06-06 12:00:00,-0.7,0.0
2008-06-06 18:00:00,14.8,0.0
2008-06-07 00:00:00,4.8,0.0
2008-06-07 06:00:00,0.3,0.0
2008-06-07 12:00:00,1.2,0.0
2008-06-07 18:00:00,15.0,0.0
2008-06-08 00:00:00,6.6,0.0
2008-06-08 06:00:00,2.9,0.0
2008-06-08 12:00:00,1.0,0.0
2008-06-08 18:00:00,16.4,0.0
2008-06-09 00:00:00,5.2,0.0
2008-06-09 06:00:00,3.6,0.0
2008-06-09 12:00:00,2.1,0.0
2008-06-09 18:00:00,12.4,0.0
2008-06-10 00:00:00,2.6,0.0
2008-06-10 06:00:00,2.2,0.0
2008-06-10 12:00:00,1.3,0.0
2008-06-10 18:00:00,13.5,0.0
2008-06-11 00:00:00,5.4,0.0
2008-06-11 06:00:00,3.8,0.0
2008-06-11 12:00:00,3.4,0.0
2008-06-11 18:00:00,15.4,0.0
2008-06-12 00:00:00,7.8,0.0
2008-06-12 06:00:00,2.3,0.0
2008-06-12 12:00:00,1.9,0.0
2008-06-12 18:00:00,15.7,0.0
2008-06-13 00:00:00,6.5,0.0
2008-06-13 06:00:00,2.0,0.0
2008-06-13 12:00:00,0.3,0.0
2008-06-13 18:00:00,17.1,0.0
2008-06-14 00:00:00,6.5,0.0
2008-06-14 06:00:00,3.0,0.0
2008-06-14 12:00:00,4.2,0.0
2008-06-14 18:00:00,14.0,0.0
2008-06-15 00:00:00,6.1,0.0
2008-06-15 06:00:00,3.2,0.0
2008-06-15 12:00:00,6.4,0.0
2008-06-15 18:00:00,8.3,0.4
2008-06-16 00:00:00,8.2,0.2
2008-06-16 06:00:00,8.5,0.0
2008-06-16 12:00:00,7.8,0.0
2008-06-16 18:00:00,10.1,0.0
2008-06-17 00:00:00,8.7,0.0
2008-06-17 06:00:00,8.4,0.0
2008-06-17 12:00:00,4.1,0.0
2008-06-17 18:00:00,15.8,0.0
2008-06-18 00:00:00,4.7,0.0
2008-06-18 06:00:00,3.7,0.0
2008-06-18 12:00:00,2.3,0.0
2008-06-18 18:00:00,16.2,0.0
2008-06-19 00:00:00,3.5,0.0
2008-06-19 06:00:00,1.4,0.0
2008-06-19 12:00:00,1.9,0.0
2008-06-19 18:00:00,15.8,0.0
2008-06-20 00:00:00,4.0,0.0
2008-06-20 06:00:00,2.6,0.0
2008-06-20 12:00:00,1.1,0.0
2008-06-20 18:00:00,15.0,0.0
2008-06-21 00:00:00,3.6,0.0
2008-06-21 06:00:00,2.2,0.0
2008-06-21 12:00:00,1.3,0.0
2008-06-21 18:00:00,15.8,0.0
2008-06-22 00:00:00,5.0,0.0
2008-06-22 06:00:00,2.1,0.0
2008-06-22 12:00:00,1.3,0.0
2008-06-22 18:00:00,12.6,0.0
2008-06-23 00:00:00,5.9,0.0
2008-06-23 06:00:00,4.5,0.0
2008-06-23 12:00:00,4.1,0.4
2008-06-23 18:00:00,11.6,0.0
2008-06-24 00:00:00,4.8,0.2
2008-06-24 06:00:00,4.2,0.0
2008-06-24 12:00:00,3.2,2.6
2008-06-24 18:00:00,11.8,0.0
2008-06-25 00:00:00,5.7,0.0
2008-06-25 06:00:00,3.9,0.0
2008-06-25 12:00:00,4.8,0.0
2008-06-25 18:00:00,15.4,0.0
2008-06-26 00:00:00,6.3,0.0
2008-06-26 06:00:00,4.6,0.0
2008-06-26 12:00:00,1.4,0.0
2008-06-26 18:00:00,16.5,0.0
2008-06-27 00:00:00,6.5,0.0
2008-06-27 06:00:00,2.6,0.0
2008-06-27 12:00:00,2.6,0.0
2008-06-27 18:00:00,16.6,0.0
2008-06-28 00:00:00,9.3,0.0
2008-06-28 06:00:00,6.7,0.0
2008-06-28 12:00:00,6.8,0.0
2008-06-28 18:00:00,14.2,0.0
2008-06-29 00:00:00,8.5,0.0
2008-06-29 06:00:00,2.6,0.0
2008-06-29 12:00:00,5.4,0.0
2008-06-29 18:00:00,15.1,0.0
2008-06-30 00:00:00,9.2,0.0
2008-06-30 06:00:00,-0.1,0.0
2008-06-30 12:00:00,-0.4,0.0
2008-06-30 18:00:00,14.8,0.0
2008-07-01 00:00:00,2.9,0.0
2008-07-01 06:00:00,0.2,0.0
2008-07-01 12:00:00,0.3,0.0
2008-07-01 18:00:00,14.1,0.0
2008-07-02 00:00:00,2.7,0.0
2008-07-02 06:00:00,-0.1,0.0
2008-07-02 12:00:00,-1.3,0.0
2008-07-02 18:00:00,16.4,0.0
2008-07-03 00:00:00,4.0,0.0
2008-07-03 06:00:00,-0.6,0.0
2008-07-03 12:00:00,-0.8,0.0
2008-07-03 18:00:00,13.1,0.0
2008-07-04 00:00:00,4.1,0.0
2008-07-04 06:00:00,-1.1,0.0
2008-07-04 12:00:00,-1.1,0.0
2008-07-04 18:00:00,13.8,0.0
2008-07-05 00:00:00,2.3,0.0
2008-07-05 06:00:00,-0.2,0.0
2008-07-05 12:00:00,0.2,0.0
2008-07-05 18:00:00,14.4,0.0
2008-07-06 00:00:00,3.7,0.0
2008-07-06 06:00:00,0.2,0.0
2008-07-06 12:00:00,-0.4,0.0
2008-07-06 18:00:00,16.0,0.0
2008-07-07 00:00:00,3.0,0.0
2008-07-07 06:00:00,1.6,0.0
2008-07-07 12:00:00,1.5,0.0
2008-07-07 18:00:00,15.9,0.0
2008-07-08 00:00:00,2.5,0.0
2008-07-08 06:00:00,0.2,0.0
2008-07-08 12:00:00,2.1,0.0
2008-07-08 18:00:00,11.5,0.0
2008-07-09 00:00:00,4.1,0.0
2008-07-09 06:00:00,3.8,0.0
2008-07-09 12:00:00,0.8,0.0
2008-07-09 18:00:00,11.9,0.0
2008-07-10 00:00:00,5.6,0.0
2008-07-10 06:00:00,6.9,0.0
2008-07-10 12:00:00,3.8,0.0
2008-07-10 18:00:00,11.7,0.0
2008-07-11 00:00:00,4.0,0.0
2008-07-11 06:00:00,7.7,0.0
2008-07-11 12:00:00,3.7,0.0
2008-07-11 18:00:00,11.0,0.0
2008-07-12 00:00:00,7.5,0.0
2008-07-12 06:00:00,5.0,0.0
2008-07-12 12:00:00,2.4,0.0
2008-07-12 18:00:00,12.2,0.0
2008-07-13 00:00:00,5.6,0.2
2008-07-13 06:00:00,3.5,0.0
2008-07-13 12:00:00,1.2,0.0
2008-07-13 18:00:00,14.5,0.0
2008-07-14 00:00:00,3.4,0.0
2008-07-14 06:00:00,-0.2,0.0
2008-07-14 12:00:00,5.6,0.0
2008-07-14 18:00:00,14.7,0.0
2008-07-15 00:00:00,4.5,0.0
2008-07-15 06:00:00,0.4,0.0
2008-07-15 12:00:00,2.5,0.0
2008-07-15 18:00:00,14.7,0.0
2008-07-16 00:00:00,7.7,0.0
2008-07-16 06:00:00,2.9,0.0
2008-07-16 12:00:00,1.3,0.0
2008-07-16 18:00:00,15.9,0.0
2008-07-17 00:00:00,6.1,0.0
2008-07-17 06:00:00,1.4,0.0
2008-07-17 12:00:00,0.8,0.0
2008-07-17 18:00:00,15.3,0.0
2008-07-18 00:00:00,2.6,0.0
2008-07-18 06:00:00,0.1,0.0
2008-07-18 12:00:00,0.9,0.0
2008-07-18 18:00:00,15.5,0.0
2008-07-19 00:00:00,3.6,0.0
2008-07-19 06:00:00,1.0,0.0
2008-07-19 12:00:00,-1.0,0.0
2008-07-19 18:00:00,15.2,0.0
2008-07-20 00:00:00,8.3,0.0
2008-07-20 06:00:00,0.2,0.0
2008-07-20 12:00:00,1.0,0.0
2008-07-20 18:00:00,15.6,0.0
2008-07-21 00:00:00,7.7,0.0
2008-07-21 06:00:00,3.7,0.0
2008-07-21 12:00:00,2.3,0.0
2008-07-21 18:00:00,16.4,0.0
2008-07-22 00:00:00,7.5,0.0
2008-07-22 06:00:00,3.5,0.0
2008-07-22 12:00:00,5.1,0.2
2008-07-22 18:00:00,11.8,0.0
2008-07-23 00:00:00,7.6,0.0
2008-07-23 06:00:00,1.8,0.0
2008-07-23 12:00:00,0.7,0.0
2008-07-23 18:00:00,14.6,0.0
2008-07-24 00:00:00,4.1,0.0
2008-07-24 06:00:00,0.6,0.0
2008-07-24 12:00:00,-0.3,0.0
2008-07-24 18:00:00,15.1,0.0
2008-07-25 00:00:00,4.6,0.0
2008-07-25 06:00:00,1.3,0.0
2008-07-25 12:00:00,7.4,0.0
2008-07-25 18:00:00,13.6,0.0
2008-07-26 00:00:00,4.2,0.0
2008-07-26 06:00:00,2.6,0.0
2008-07-26 12:00:00,3.1,0.0
2008-07-26 18:00:00,17.7,0.0
2008-07-27 00:00:00,8.5,0.0
2008-07-27 06:00:00,1.9,0.0
2008-07-27 12:00:00,0.1,0.0
2008-07-27 18:00:00,16.9,0.0
2008-07-28 00:00:00,4.9,0.0
2008-07-28 06:00:00,3.1,0.0
2008-07-28 12:00:00,3.4,0.0
2008-07-28 18:00:00,15.9,0.0
2008-07-29 00:00:00,6.6,0.0
2008-07-29 06:00:00,2.0,0.0
2008-07-29 12:00:00,1.7,0.0
2008-07-29 18:00:00,12.3,0.0
2008-07-30 00:00:00,5.3,0.0
2008-07-30 06:00:00,0.7,0.0
2008-07-30 12:00:00,1.5,0.0
2008-07-30 18:00:00,16.3,0.0
2008-07-31 00:00:00,5.6,0.0
2008-07-31 06:00:00,1.9,0.0
2008-07-31 12:00:00,0.8,0.0
2008-07-31 18:00:00,14.1,0.0
2008-08-01 00:00:00,5.7,0.0
2008-08-01 06:00:00,2.8,0.0
2008-08-01 12:00:00,2.8,0.0
2008-08-01 18:00:00,13.6,0.0
2008-08-02 00:00:00,6.1,0.0
2008-08-02 06:00:00,3.9,0.0
2008-08-02 12:00:00,1.6,0.0
2008-08-02 18:00:00,17.1,0.0
2008-08-03 00:00:00,6.2,0.0
2008-08-03 06:00:00,1.5,0.0
2008-08-03 12:00:00,3.0,0.0
2008-08-03 18:00:00,18.0,0.0
2008-08-04 00:00:00,7.0,0.0
2008-08-04 06:00:00,4.0,0.2
2008-08-04 12:00:00,3.0,0.2
2008-08-04 18:00:00,15.8,0.0
2008-08-05 00:00:00,7.4,0.0
2008-08-05 06:00:00,4.4,0.0
2008-08-05 12:00:00,4.5,0.2
2008-08-05 18:00:00,14.2,0.0
2008-08-06 00:00:00,5.5,0.0
2008-08-06 06:00:00,2.1,0.0
2008-08-06 12:00:00,1.8,0.0
2008-08-06 18:00:00,11.5,0.0
2008-08-07 00:00:00,6.3,0.0
2008-08-07 06:00:00,3.0,0.0
2008-08-07 12:00:00,5.2,0.0
2008-08-07 18:00:00,15.4,0.0
2008-08-08 00:00:00,8.2,0.0
2008-08-08 06:00:00,2.8,0.0
2008-08-08 12:00:00,3.1,0.0
2008-08-08 18:00:00,16.4,0.0
2008-08-09 00:00:00,7.4,0.0
2008-08-09 06:00:00,3.2,0.0
2008-08-09 12:00:00,5.1,0.0
2008-08-09 18:00:00,12.2,0.0
2008-08-10 00:00:00,5.7,0.0
2008-08-10 06:00:00,4.8,0.0
2008-08-10 12:00:00,4.1,0.0
2008-08-10 18:00:00,7.1,0.0
2008-08-11 00:00:00,8.5,0.0
2008-08-11 06:00:00,0.6,0.0
2008-08-11 12:00:00,0.7,0.0
2008-08-11 18:00:00,16.1,0.0
2008-08-12 00:00:00,6.3,0.0
2008-08-12 06:00:00,3.5,0.0
2008-08-12 12:00:00,0.8,0.0
2008-08-12 18:00:00,17.0,0.0
2008-08-13 00:00:00,7.2,0.0
2008-08-13 06:00:00,0.8,0.0
2008-08-13 12:00:00,5.2,0.0
2008-08-13 18:00:00,14.5,0.0
2008-08-14 00:00:00,10.2,0.0
2008-08-14 06:00:00,1.2,0.0
2008-08-14 12:00:00,0.6,0.0
2008-08-14 18:00:00,14.3,0.0
2008-08-15 00:00:00,6.4,0.0
2008-08-15 06:00:00,1.4,0.0
2008-08-15 12:00:00,0.5,0.0
2008-08-15 18:00:00,16.0,0.0
2008-08-16 00:00:00,6.9,0.0
2008-08-16 06:00:00,2.2,0.0
2008-08-16 12:00:00,-0.4,0.0
2008-08-16 18:00:00,17.1,0.0
2008-08-17 00:00:00,5.6,0.0
2008-08-17 06:00:00,0.6,0.0
2008-08-17 12:00:00,-0.2,0.0
2008-08-17 18:00:00,17.4,0.0
2008-08-18 00:00:00,3.6,0.0
2008-08-18 06:00:00,0.9,0.0
2008-08-18 12:00:00,6.2,0.0
2008-08-18 18:00:00,19.0,0.0
2008-08-19 00:00:00,4.8,0.0
2008-08-19 06:00:00,2.1,0.0
2008-08-19 12:00:00,1.5,0.0
2008-08-19 18:00:00,16.3,0.0
2008-08-20 00:00:00,6.2,0.0
2008-08-20 06:00:00,4.7,0.0
2008-08-20 12:00:00,4.3,0.0
2008-08-20 18:00:00,13.8,0.0
2008-08-21 00:00:00,5.7,0.0
2008-08-21 06:00:00,4.3,0.0
2008-08-21 12:00:00,2.2,0.0
2008-08-21 18:00:00,12.1,0.0
2008-08-22 00:00:00,6.4,0.0
2008-08-22 06:00:00,3.0,0.0
2008-08-22 12:00:00,3.9,0.0
2008-08-22 18:00:00,18.0,0.0
2008-08-23 00:00:00,6.4,0.0
2008-08-23 06:00:00,5.3,0.0
2008-08-23 12:00:00,2.7,0.0
2008-08-23 18:00:00,17.6,0.0
2008-08-24 00:00:00,6.1,0.0
2008-08-24 06:00:00,4.3,0.0
2008-08-24 12:00:00,2.8,0.2
2008-08-24 18:00:00,15.7,0.0
2008-08-25 00:00:00,6.4,0.0
2008-08-25 06:00:00,2.7,0.0
2008-08-25 12:00:00,1.3,0.0
2008-08-25 18:00:00,16.6,0.0
2008-08-26 00:00:00,6.9,0.0
2008-08-26 06:00:00,4.1,0.0
2008-08-26 12:00:00,6.9,0.0
2008-08-26 18:00:00,15.9,0.0
2008-08-27 00:00:00,7.0,0.0
2008-08-27 06:00:00,4.2,0.0
2008-08-27 12:00:00,2.0,0.0
2008-08-27 18:00:00,13.4,0.0
2008-08-28 00:00:00,5.6,0.0
2008-08-28 06:00:00,3.0,0.0
2008-08-28 12:00:00,1.8,0.0
2008-08-28 18:00:00,15.0,0.0
2008-08-29 00:00:00,5.5,0.0
2008-08-29 06:00:00,2.1,0.0
2008-08-29 12:00:00,5.3,0.0
2008-08-29 18:00:00,14.5,0.0
2008-08-30 00:00:00,6.7,0.0
2008-08-30 06:00:00,2.8,0.0
2008-08-30 12:00:00,4.9,0.0
2008-08-30 18:00:00,17.0,0.0
2008-08-31 00:00:00,6.4,0.0
2008-08-31 06:00:00,2.1,0.0
2008-08-31 12:00:00,7.8,0.0
2008-08-31 18:00:00,16.8,0.0
2008-09-01 00:00:00,7.2,0.0
2008-09-01 06:00:00,2.4,0.0
2008-09-01 12:00:00,0.0,0.0
2008-09-01 18:00:00,16.5,0.0
2008-09-02 00:00:00,10.9,0.0
2008-09-02 06:00:00,2.3,0.0
2008-09-02 12:00:00,0.7,0.0
2008-09-02 18:00:00,18.1,0.0
2008-09-03 00:00:00,5.5,0.0
2008-09-03 06:00:00,1.6,0.0
2008-09-03 12:00:00,3.4,0.0
2008-09-03 18:00:00,16.5,0.0
2008-09-04 00:00:00,7.2,0.0
2008-09-04 06:00:00,2.6,0.0
2008-09-04 12:00:00,3.8,0.0
2008-09-04 18:00:00,13.1,0.0
2008-09-05 00:00:00,7.4,0.0
2008-09-05 06:00:00,3.2,0.0
2008-09-05 12:00:00,5.2,0.0
2008-09-05 18:00:00,15.2,0.0
2008-09-06 00:00:00,7.4,0.0
2008-09-06 06:00:00,5.7,0.0
2008-09-06 12:00:00,6.0,0.0
2008-09-06 18:00:00,12.3,0.0
2008-09-07 00:00:00,7.6,0.0
2008-09-07 06:00:00,4.0,0.0
2008-09-07 12:00:00,4.7,0.0
2008-09-07 18:00:00,14.4,0.0
2008-09-08 00:00:00,5.8,0.0
2008-09-08 06:00:00,7.4,0.0
2008-09-08 12:00:00,6.6,0.0
2008-09-08 18:00:00,10.4,0.0
2008-09-09 00:00:00,4.4,2.2
2008-09-09 06:00:00,6.1,0.0
2008-09-09 12:00:00,6.7,0.0
2008-09-09 18:00:00,12.4,0.0
2008-09-10 00:00:00,8.1,0.0
2008-09-10 06:00:00,6.8,0.0
2008-09-10 12:00:00,7.3,0.0
2008-09-10 18:00:00,14.3,0.0
2008-09-11 00:00:00,9.6,0.0
2008-09-11 06:00:00,3.7,0.0
2008-09-11 12:00:00,7.0,0.0
2008-09-11 18:00:00,16.4,0.0
2008-09-12 00:00:00,8.5,0.0
2008-09-12 06:00:00,5.2,0.0
2008-09-12 12:00:00,1.9,0.0
2008-09-12 18:00:00,17.4,0.0
2008-09-13 00:00:00,6.5,0.0
2008-09-13 06:00:00,2.6,0.0
2008-09-13 12:00:00,7.7,0.0
2008-09-13 18:00:00,15.4,0.0
2008-09-14 00:00:00,9.9,0.0
2008-09-14 06:00:00,1.5,0.0
2008-09-14 12:00:00,1.3,0.0
2008-09-14 18:00:00,17.4,0.0
2008-09-15 00:00:00,7.4,0.0
2008-09-15 06:00:00,4.5,0.0
2008-09-15 12:00:00,3.7,0.0
2008-09-15 18:00:00,14.8,0.0
2008-09-16 00:00:00,8.4,0.0
2008-09-16 06:00:00,5.4,0.0
2008-09-16 12:00:00,4.2,0.0
2008-09-16 18:00:00,10.5,0.0
2008-09-17 00:00:00,6.8,0.0
2008-09-17 06:00:00,5.4,0.0
2008-09-17 12:00:00,4.9,0.0
2008-09-17 18:00:00,14.9,0.0
2008-09-18 00:00:00,7.5,0.0
2008-09-18 06:00:00,2.7,0.0
2008-09-18 12:00:00,4.0,0.0
2008-09-18 18:00:00,16.3,0.0
2008-09-19 00:00:00,5.7,0.0
2008-09-19 06:00:00,4.7,0.0
2008-09-19 12:00:00,5.9,0.0
2008-09-19 18:00:00,7.4,0.0
2008-09-20 00:00:00,6.3,0.0
2008-09-20 06:00:00,4.3,0.0
2008-09-20 12:00:00,0.8,0.0
2008-09-20 18:00:00,16.4,0.0
2008-09-21 00:00:00,7.1,0.0
2008-09-21 06:00:00,3.4,0.0
2008-09-21 12:00:00,5.7,0.0
2008-09-21 18:00:00,17.2,0.0
2008-09-22 00:00:00,6.5,0.0
2008-09-22 06:00:00,4.7,0.0
2008-09-22 12:00:00,3.2,0.0
2008-09-22 18:00:00,13.8,0.0
2008-09-23 00:00:00,3.6,0.0
2008-09-23 06:00:00,1.2,0.0
2008-09-23 12:00:00,0.7,0.0
2008-09-23 18:00:00,15.8,0.0
2008-09-24 00:00:00,7.0,0.0
2008-09-24 06:00:00,2.5,0.0
2008-09-24 12:00:00,0.3,0.0
2008-09-24 18:00:00,17.1,0.0
2008-09-25 00:00:00,6.6,0.0
2008-09-25 06:00:00,2.7,0.0
2008-09-25 12:00:00,3.0,0.0
2008-09-25 18:00:00,13.9,0.0
2008-09-26 00:00:00,8.6,0.0
2008-09-26 06:00:00,8.2,0.0
2008-09-26 12:00:00,5.8,0.0
2008-09-26 18:00:00,17.2,0.0
2008-09-27 00:00:00,8.0,0.0
2008-09-27 06:00:00,4.2,0.0
2008-09-27 12:00:00,5.4,0.0
2008-09-27 18:00:00,14.4,0.0
2008-09-28 00:00:00,5.7,4.4
2008-09-28 06:00:00,4.0,0.0
2008-09-28 12:00:00,5.2,0.0
2008-09-28 18:00:00,14.0,0.0
2008-09-29 00:00:00,6.0,0.0
2008-09-29 06:00:00,4.7,0.0
2008-09-29 12:00:00,5.3,0.0
2008-09-29 18:00:00,12.8,0.0
2008-09-30 00:00:00,5.7,1.8
2008-09-30 06:00:00,3.5,0.0
2008-09-30 12:00:00,8.3,0.0
2008-09-30 18:00:00,14.7,0.0
2008-10-01 00:00:00,6.3,0.0
2008-10-01 06:00:00,3.2,0.4
2008-10-01 12:00:00,5.2,0.0
2008-10-01 18:00:00,13.0,0.0
2008-10-02 00:00:00,6.9,0.0
2008-10-02 06:00:00,3.2,0.0
2008-10-02 12:00:00,4.0,0.0
2008-10-02 18:00:00,12.8,0.0
2008-10-03 00:00:00,5.4,1.2
2008-10-03 06:00:00,5.1,0.2
2008-10-03 12:00:00,3.4,0.0
2008-10-03 18:00:00,9.9,0.0
2008-10-04 00:00:00,6.6,0.2
2008-10-04 06:00:00,3.7,0.0
2008-10-04 12:00:00,3.1,0.0
2008-10-04 18:00:00,16.7,0.0
2008-10-05 00:00:00,7.1,0.0
2008-10-05 06:00:00,4.6,0.0
2008-10-05 12:00:00,4.8,0.0
2008-10-05 18:00:00,11.2,0.0
2008-10-06 00:00:00,5.1,1.8
2008-10-06 06:00:00,4.1,0.8
2008-10-06 12:00:00,3.9,0.2
2008-10-06 18:00:00,10.5,0.0
2008-10-07 00:00:00,2.6,3.4
2008-10-07 06:00:00,1.3,0.0
2008-10-07 12:00:00,3.1,0.8
2008-10-07 18:00:00,12.6,0.0
2008-10-08 00:00:00,6.5,0.2
2008-10-08 06:00:00,5.0,0.0
2008-10-08 12:00:00,6.9,0.0
2008-10-08 18:00:00,13.9,0.0
2008-10-09 00:00:00,8.1,0.0
2008-10-09 06:00:00,3.3,0.0
2008-10-09 12:00:00,6.1,0.0
2008-10-09 18:00:00,15.8,0.0
2008-10-10 00:00:00,5.7,0.6
2008-10-10 06:00:00,5.3,0.0
2008-10-10 12:00:00,4.1,0.0
2008-10-10 18:00:00,7.8,0.2
2008-10-11 00:00:00,5.3,1.0
2008-10-11 06:00:00,4.6,0.0
2008-10-11 12:00:00,4.4,0.0
2008-10-11 18:00:00,15.8,0.0
2008-10-12 00:00:00,6.5,0.0
2008-10-12 06:00:00,4.1,0.0
2008-10-12 12:00:00,6.5,0.0
2008-10-12 18:00:00,16.5,0.0
2008-10-13 00:00:00,6.0,0.0
2008-10-13 06:00:00,5.6,0.4
2008-10-13 12:00:00,3.5,0.0
2008-10-13 18:00:00,12.7,0.0
2008-10-14 00:00:00,5.7,0.0
2008-10-14 06:00:00,4.4,0.4
2008-10-14 12:00:00,6.3,0.0
2008-10-14 18:00:00,13.3,0.0
2008-10-15 00:00:00,6.6,0.0
2008-10-15 06:00:00,5.0,0.0
2008-10-15 12:00:00,5.0,0.0
2008-10-15 18:00:00,14.6,0.0
2008-10-16 00:00:00,7.3,0.0
2008-10-16 06:00:00,4.3,0.0
2008-10-16 12:00:00,6.0,0.2
2008-10-16 18:00:00,9.7,0.0
2008-10-17 00:00:00,6.7,0.0
2008-10-17 06:00:00,5.7,1.2
2008-10-17 12:00:00,6.6,0.0
2008-10-17 18:00:00,16.1,0.0
2008-10-18 00:00:00,7.7,0.0
2008-10-18 06:00:00,5.6,0.0
2008-10-18 12:00:00,4.8,2.6
2008-10-18 18:00:00,6.5,1.2
2008-10-19 00:00:00,5.2,0.0
2008-10-19 06:00:00,1.6,0.0
2008-10-19 12:00:00,3.7,0.0
2008-10-19 18:00:00,13.0,0.0
2008-10-20 00:00:00,6.6,0.0
2008-10-20 06:00:00,3.2,0.0
2008-10-20 12:00:00,3.0,0.0
2008-10-20 18:00:00,14.3,0.0
2008-10-21 00:00:00,7.7,0.0
2008-10-21 06:00:00,3.1,0.0
2008-10-21 12:00:00,2.4,0.0
2008-10-21 18:00:00,18.9,0.0
2008-10-22 00:00:00,7.3,0.0
2008-10-22 06:00:00,5.7,0.0
2008-10-22 12:00:00,5.5,0.0
2008-10-22 18:00:00,15.2,0.0
2008-10-23 00:00:00,7.7,0.0
2008-10-23 06:00:00,5.3,0.0
2008-10-23 12:00:00,6.7,0.0
2008-10-23 18:00:00,10.9,0.0
2008-10-24 00:00:00,5.2,2.8
2008-10-24 06:00:00,5.0,0.0
2008-10-24 12:00:00,5.1,0.0
2008-10-24 18:00:00,14.7,0.0
2008-10-25 00:00:00,5.8,1.0
2008-10-25 06:00:00,4.7,0.0
2008-10-25 12:00:00,5.3,0.2
2008-10-25 18:00:00,15.8,0.0
2008-10-26 00:00:00,6.1,0.0
2008-10-26 06:00:00,5.5,0.0
2008-10-26 12:00:00,5.7,0.0
2008-10-26 18:00:00,14.2,0.0
2008-10-27 00:00:00,6.0,0.8
2008-10-27 06:00:00,4.8,3.2
2008-10-27 12:00:00,5.7,0.0
2008-10-27 18:00:00,10.0,0.2
2008-10-28 00:00:00,5.7,0.0
2008-10-28 06:00:00,4.9,0.0
2008-10-28 12:00:00,2.8,0.0
2008-10-28 18:00:00,9.1,0.2
2008-10-29 00:00:00,6.2,1.6
2008-10-29 06:00:00,5.5,0.0
2008-10-29 12:00:00,4.5,0.0
2008-10-29 18:00:00,15.9,0.0
2008-10-30 00:00:00,5.1,2.2
2008-10-30 06:00:00,5.4,0.0
2008-10-30 12:00:00,6.2,0.4
2008-10-30 18:00:00,14.6,0.0
2008-10-31 00:00:00,6.7,1.2
2008-10-31 06:00:00,6.1,1.0
2008-10-31 12:00:00,6.0,0.0
2008-10-31 18:00:00,7.2,1.6
2008-11-01 00:00:00,5.9,0.0
2008-11-01 06:00:00,5.4,0.0
2008-11-01 12:00:00,4.2,0.0
2008-11-01 18:00:00,11.6,0.0
2008-11-02 00:00:00,6.8,0.0
2008-11-02 06:00:00,5.3,0.0
2008-11-02 12:00:00,5.2,0.0
2008-11-02 18:00:00,7.6,0.2
2008-11-03 00:00:00,6.4,0.0
2008-11-03 06:00:00,5.2,0.0
2008-11-03 12:00:00,5.4,0.0
2008-11-03 18:00:00,8.3,0.2
2008-11-04 00:00:00,6.3,0.4
2008-11-04 06:00:00,5.5,0.2
2008-11-04 12:00:00,6.3,0.0
2008-11-04 18:00:00,10.5,1.0
2008-11-05 00:00:00,6.2,0.6
2008-11-05 06:00:00,5.7,0.0
2008-11-05 12:00:00,4.9,0.0
2008-11-05 18:00:00,12.0,0.0
2008-11-06 00:00:00,7.8,0.0
2008-11-06 06:00:00,6.1,0.0
2008-11-06 12:00:00,4.0,0.0
2008-11-06 18:00:00,9.6,1.2
2008-11-07 00:00:00,6.7,0.6
2008-11-07 06:00:00,3.6,0.0
2008-11-07 12:00:00,3.1,0.0
2008-11-07 18:00:00,9.8,0.0
2008-11-08 00:00:00,6.3,0.0
2008-11-08 06:00:00,5.1,0.0
2008-11-08 12:00:00,3.0,0.0
2008-11-08 18:00:00,15.9,0.0
2008-11-09 00:00:00,6.6,0.2
2008-11-09 06:00:00,3.8,0.0
2008-11-09 12:00:00,4.2,0.0
2008-11-09 18:00:00,16.3,0.0
2008-11-10 00:00:00,7.8,0.0
2008-11-10 06:00:00,4.2,0.0
2008-11-10 12:00:00,7.2,0.0
2008-11-10 18:00:00,10.0,0.0
2008-11-11 00:00:00,6.5,0.0
2008-11-11 06:00:00,5.4,0.0
2008-11-11 12:00:00,5.6,0.0
2008-11-11 18:00:00,16.0,0.0
2008-11-12 00:00:00,6.6,0.0
2008-11-12 06:00:00,5.9,0.0
2008-11-12 12:00:00,5.4,0.0
2008-11-12 18:00:00,10.6,0.0
2008-11-13 00:00:00,6.4,0.0
2008-11-13 06:00:00,4.8,0.0
2008-11-13 12:00:00,4.7,0.0
2008-11-13 18:00:00,18.3,0.0
2008-11-14 00:00:00,6.1,0.0
2008-11-14 06:00:00,4.4,0.0
2008-11-14 12:00:00,4.5,0.0
2008-11-14 18:00:00,11.1,0.0
2008-11-15 00:00:00,5.0,0.0
2008-11-15 06:00:00,3.9,0.0
2008-11-15 12:00:00,3.4,0.0
2008-11-15 18:00:00,16.4,0.0
2008-11-16 00:00:00,5.9,0.0
2008-11-16 06:00:00,4.3,0.0
2008-11-16 12:00:00,3.6,0.0
2008-11-16 18:00:00,16.6,0.0
2008-11-17 00:00:00,8.3,0.0
2008-11-17 06:00:00,4.4,0.0
2008-11-17 12:00:00,4.8,0.0
2008-11-17 18:00:00,16.0,0.0
2008-11-18 00:00:00,7.2,0.0
2008-11-18 06:00:00,4.5,0.0
2008-11-18 12:00:00,4.2,0.0
2008-11-18 18:00:00,17.5,0.0
2008-11-19 00:00:00,6.0,0.0
2008-11-19 06:00:00,5.3,0.0
2008-11-19 12:00:00,4.8,0.0
2008-11-19 18:00:00,10.5,0.0
2008-11-20 00:00:00,6.3,0.0
2008-11-20 06:00:00,5.9,0.0
2008-11-20 12:00:00,6.3,0.0
2008-11-20 18:00:00,17.2,0.0
2008-11-21 00:00:00,5.8,0.0
2008-11-21 06:00:00,4.3,0.0
2008-11-21 12:00:00,6.0,0.0
2008-11-21 18:00:00,18.6,0.0
2008-11-22 00:00:00,7.8,0.0
2008-11-22 06:00:00,4.7,0.0
2008-11-22 12:00:00,7.5,0.2
2008-11-22 18:00:00,15.8,0.0
2008-11-23 00:00:00,7.1,0.0
2008-11-23 06:00:00,5.8,0.0
2008-11-23 12:00:00,3.4,0.0
2008-11-23 18:00:00,18.7,0.0
2008-11-24 00:00:00,7.5,0.0
2008-11-24 06:00:00,5.8,0.0
2008-11-24 12:00:00,6.9,0.0
2008-11-24 18:00:00,14.9,0.0
2008-11-25 00:00:00,8.3,0.0
2008-11-25 06:00:00,6.8,0.0
2008-11-25 12:00:00,6.9,0.0
2008-11-25 18:00:00,18.2,0.0
2008-11-26 00:00:00,7.3,0.0
2008-11-26 06:00:00,5.8,0.0
2008-11-26 12:00:00,6.4,0.0
2008-11-26 18:00:00,11.3,0.0
2008-11-27 00:00:00,6.5,0.6
2008-11-27 06:00:00,5.8,0.0
2008-11-27 12:00:00,5.7,0.0
2008-11-27 18:00:00,13.9,0.0
2008-11-28 00:00:00,7.5,0.0
2008-11-28 06:00:00,5.8,0.0
2008-11-28 12:00:00,4.7,0.0
2008-11-28 18:00:00,11.4,0.0
2008-11-29 00:00:00,4.9,2.6
2008-11-29 06:00:00,4.2,0.0
2008-11-29 12:00:00,2.5,0.0
2008-11-29 18:00:00,9.1,0.0
2008-11-30 00:00:00,5.5,1.0
2008-11-30 06:00:00,3.8,0.2
2008-11-30 12:00:00,5.4,0.8
2008-11-30 18:00:00,8.3,0.0
2008-12-01 00:00:00,6.0,1.2
2008-12-01 06:00:00,5.3,0.2
2008-12-01 12:00:00,5.7,0.0
2008-12-01 18:00:00,13.0,0.0
2008-12-02 00:00:00,5.0,0.0
2008-12-02 06:00:00,4.5,0.2
2008-12-02 12:00:00,4.5,0.0
2008-12-02 18:00:00,10.4,0.0
2008-12-03 00:00:00,6.4,0.0
2008-12-03 06:00:00,5.3,0.0
2008-12-03 12:00:00,3.9,0.2
2008-12-03 18:00:00,15.9,0.0
2008-12-04 00:00:00,8.3,0.0
2008-12-04 06:00:00,3.6,0.0
2008-12-04 12:00:00,4.5,0.0
2008-12-04 18:00:00,15.3,0.0
2008-12-05 00:00:00,6.4,0.0
2008-12-05 06:00:00,1.9,0.0
2008-12-05 12:00:00,2.7,0.0
2008-12-05 18:00:00,16.6,0.0
2008-12-06 00:00:00,7.1,0.0
2008-12-06 06:00:00,3.0,0.0
2008-12-06 12:00:00,2.6,0.0
2008-12-06 18:00:00,17.9,0.0
2008-12-07 00:00:00,6.2,0.0
2008-12-07 06:00:00,5.5,0.0
2008-12-07 12:00:00,6.6,0.0
2008-12-07 18:00:00,11.7,0.0
2008-12-08 00:00:00,6.4,0.0
2008-12-08 06:00:00,5.7,0.0
2008-12-08 12:00:00,4.9,0.0
2008-12-08 18:00:00,17.1,0.0
2008-12-09 00:00:00,6.7,0.2
2008-12-09 06:00:00,6.0,0.2
2008-12-09 12:00:00,5.8,0.0
2008-12-09 18:00:00,13.4,0.0
2008-12-10 00:00:00,6.0,0.0
2008-12-10 06:00:00,5.0,0.0
2008-12-10 12:00:00,7.3,0.0
2008-12-10 18:00:00,13.4,0.0
2008-12-11 00:00:00,5.7,0.0
2008-12-11 06:00:00,3.9,0.0
2008-12-11 12:00:00,2.1,0.0
2008-12-11 18:00:00,13.0,0.0
2008-12-12 00:00:00,7.8,0.0
2008-12-12 06:00:00,3.4,0.0
2008-12-12 12:00:00,5.2,0.0
2008-12-12 18:00:00,15.3,0.0
2008-12-13 00:00:00,7.5,0.0
2008-12-13 06:00:00,4.0,0.0
2008-12-13 12:00:00,5.3,0.0
2008-12-13 18:00:00,12.7,0.0
2008-12-14 00:00:00,5.7,0.0
2008-12-14 06:00:00,2.4,0.0
2008-12-14 12:00:00,2.1,0.0
2008-12-14 18:00:00,14.3,0.0
2008-12-15 00:00:00,6.4,0.0
2008-12-15 06:00:00,3.6,0.0
2008-12-15 12:00:00,2.0,0.0
2008-12-15 18:00:00,16.4,0.0
2008-12-16 00:00:00,6.1,0.0
2008-12-16 06:00:00,0.8,0.0
2008-12-16 12:00:00,4.1,0.0
2008-12-16 18:00:00,14.3,0.0
2008-12-17 00:00:00,6.6,0.0
2008-12-17 06:00:00,3.8,0.0
2008-12-17 12:00:00,3.2,0.0
2008-12-17 18:00:00,13.7,0.0
2008-12-18 00:00:00,5.1,0.0
2008-12-18 06:00:00,3.7,0.0
2008-12-18 12:00:00,3.6,0.0
2008-12-18 18:00:00,15.2,0.0
2008-12-19 00:00:00,6.9,0.0
2008-12-19 06:00:00,4.4,0.0
2008-12-19 12:00:00,6.6,0.0
2008-12-19 18:00:00,10.7,0.0
2008-12-20 00:00:00,5.3,0.0
2008-12-20 06:00:00,2.6,2.0
2008-12-20 12:00:00,4.8,0.0
2008-12-20 18:00:00,11.5,0.0
2008-12-21 00:00:00,5.1,0.0
2008-12-21 06:00:00,4.8,0.0
2008-12-21 12:00:00,5.0,0.4
2008-12-21 18:00:00,13.2,0.0
2008-12-22 00:00:00,6.3,0.0
2008-12-22 06:00:00,4.8,0.4
2008-12-22 12:00:00,4.9,0.0
2008-12-22 18:00:00,10.4,0.0
2008-12-23 00:00:00,5.1,0.0
2008-12-23 06:00:00,4.7,2.2
2008-12-23 12:00:00,5.0,0.6
2008-12-23 18:00:00,7.8,0.0
2008-12-24 00:00:00,5.4,0.2
2008-12-24 06:00:00,4.2,0.4
2008-12-24 12:00:00,4.7,0.2
2008-12-24 18:00:00,8.9,0.0
2008-12-25 00:00:00,5.4,0.0
2008-12-25 06:00:00,3.2,0.0
2008-12-25 12:00:00,3.6,0.0
2008-12-25 18:00:00,15.4,0.0
2008-12-26 00:00:00,6.7,0.0
2008-12-26 06:00:00,1.6,0.0
2008-12-26 12:00:00,1.5,0.0
2008-12-26 18:00:00,14.4,0.0
2008-12-27 00:00:00,5.7,0.0
2008-12-27 06:00:00,1.5,0.0
2008-12-27 12:00:00,1.8,0.0
2008-12-27 18:00:00,16.5,0.0
2008-12-28 00:00:00,6.7,0.0
2008-12-28 06:00:00,-0.2,0.0
2008-12-28 12:00:00,2.1,0.0
2008-12-28 18:00:00,15.4,0.0
2008-12-29 00:00:00,6.6,0.0
2008-12-29 06:00:00,2.6,0.0
2008-12-29 12:00:00,3.1,0.0
2008-12-29 18:00:00,13.7,0.0
2008-12-30 00:00:00,7.4,0.0
2008-12-30 06:00:00,2.9,0.0
2008-12-30 12:00:00,5.8,0.0
2008-12-30 18:00:00,12.3,0.0
2008-12-31 00:00:00,6.8,0.0
2008-12-31 06:00:00,5.5,0.0
2008-12-31 12:00:00,6.6,0.0
2008-12-31 18:00:00,17.0,0.0
2009-01-01 00:00:00,6.9,0.0
2009-01-01 06:00:00,5.1,0.0
2009-01-01 12:00:00,4.2,0.0
2009-01-01 18:00:00,17.7,0.0
2009-01-02 00:00:00,6.4,0.0
2009-01-02 06:00:00,5.7,0.0
2009-01-02 12:00:00,6.6,0.0
2009-01-02 18:00:00,9.0,0.0
2009-01-03 00:00:00,6.7,0.0
2009-01-03 06:00:00,5.8,0.0
2009-01-03 12:00:00,6.7,0.0
2009-01-03 18:00:00,11.8,0.0
2009-01-04 00:00:00,5.1,1.8
2009-01-04 06:00:00,2.9,1.8
2009-01-04 12:00:00,5.4,0.0
2009-01-04 18:00:00,12.5,0.0
2009-01-05 00:00:00,7.6,0.0
2009-01-05 06:00:00,6.3,0.0
2009-01-05 12:00:00,6.0,0.0
2009-01-05 18:00:00,15.4,0.0
2009-01-06 00:00:00,8.2,0.0
2009-01-06 06:00:00,5.9,0.4
2009-01-06 12:00:00,5.0,0.0
2009-01-06 18:00:00,13.6,0.0
2009-01-07 00:00:00,5.3,2.4
2009-01-07 06:00:00,4.3,0.0
2009-01-07 12:00:00,5.2,0.0
2009-01-07 18:00:00,10.3,0.0
2009-01-08 00:00:00,5.2,0.8
2009-01-08 06:00:00,3.6,0.0
2009-01-08 12:00:00,4.4,0.0
2009-01-08 18:00:00,11.5,0.0
2009-01-09 00:00:00,5.5,1.4
2009-01-09 06:00:00,4.4,0.0
2009-01-09 12:00:00,3.0,0.0
2009-01-09 18:00:00,14.8,0.0
2009-01-10 00:00:00,7.0,0.0
2009-01-10 06:00:00,5.9,0.2
2009-01-10 12:00:00,5.6,0.0
2009-01-10 18:00:00,11.7,0.0
2009-01-11 00:00:00,5.8,0.0
2009-01-11 06:00:00,5.3,0.8
2009-01-11 12:00:00,6.0,0.0
2009-01-11 18:00:00,15.3,0.0
2009-01-12 00:00:00,7.0,0.8
2009-01-12 06:00:00,5.9,0.2
2009-01-12 12:00:00,5.8,0.0
2009-01-12 18:00:00,16.7,0.0
2009-01-13 00:00:00,7.1,0.0
2009-01-13 06:00:00,4.0,4.6
2009-01-13 12:00:00,4.9,0.2
2009-01-13 18:00:00,13.9,0.0
2009-01-14 00:00:00,5.6,1.2
2009-01-14 06:00:00,5.3,0.2
2009-01-14 12:00:00,5.2,0.0
2009-01-14 18:00:00,6.1,0.8
2009-01-15 00:00:00,6.4,0.8
2009-01-15 06:00:00,5.1,0.0
2009-01-15 12:00:00,5.2,0.0
2009-01-15 18:00:00,11.0,0.0
2009-01-16 00:00:00,6.4,1.2
2009-01-16 06:00:00,3.1,0.0
2009-01-16 12:00:00,2.7,0.0
2009-01-16 18:00:00,14.8,0.0
2009-01-17 00:00:00,5.0,0.0
2009-01-17 06:00:00,4.0,0.2
2009-01-17 12:00:00,4.8,0.0
2009-01-17 18:00:00,10.9,0.0
2009-01-18 00:00:00,5.3,1.2
2009-01-18 06:00:00,2.5,1.8
2009-01-18 12:00:00,3.5,0.4
2009-01-18 18:00:00,8.9,0.0
2009-01-19 00:00:00,5.3,1.8
2009-01-19 06:00:00,4.8,0.0
2009-01-19 12:00:00,4.4,0.2
2009-01-19 18:00:00,8.0,0.0
2009-01-20 00:00:00,5.8,0.0
2009-01-20 06:00:00,3.4,0.0
2009-01-20 12:00:00,2.1,0.0
2009-01-20 18:00:00,15.2,0.0
2009-01-21 00:00:00,6.6,0.0
2009-01-21 06:00:00,2.7,0.0
2009-01-21 12:00:00,3.6,0.0
2009-01-21 18:00:00,13.3,0.0
2009-01-22 00:00:00,6.3,0.0
2009-01-22 06:00:00,2.8,0.0
2009-01-22 12:00:00,1.2,0.0
2009-01-22 18:00:00,16.7,0.0
2009-01-23 00:00:00,7.9,0.0
2009-01-23 06:00:00,4.8,0.0
2009-01-23 12:00:00,4.9,0.0
2009-01-23 18:00:00,14.9,0.0
2009-01-24 00:00:00,5.6,0.0
2009-01-24 06:00:00,5.4,0.0
2009-01-24 12:00:00,5.1,0.0
2009-01-24 18:00:00,12.0,0.0
2009-01-25 00:00:00,5.9,1.8
2009-01-25 06:00:00,5.0,0.0
2009-01-25 12:00:00,4.8,0.0
2009-01-25 18:00:00,12.7,0.0
2009-01-26 00:00:00,4.4,0.4
2009-01-26 06:00:00,3.4,0.0
2009-01-26 12:00:00,4.1,0.0
2009-01-26 18:00:00,12.2,0.0
2009-01-27 00:00:00,6.9,0.2
2009-01-27 06:00:00,5.8,0.0
2009-01-27 12:00:00,5.4,0.0
2009-01-27 18:00:00,12.7,0.0
2009-01-28 00:00:00,7.9,0.0
2009-01-28 06:00:00,6.1,1.0
2009-01-28 12:00:00,5.9,0.0
2009-01-28 18:00:00,14.3,0.0
2009-01-29 00:00:00,7.9,0.0
2009-01-29 06:00:00,5.7,0.2
2009-01-29 12:00:00,5.8,0.4
2009-01-29 18:00:00,10.4,0.0
2009-01-30 00:00:00,5.5,0.2
2009-01-30 06:00:00,5.0,0.2
2009-01-30 12:00:00,6.3,0.0
2009-01-30 18:00:00,13.1,0.0
2009-01-31 00:00:00,5.9,0.8
2009-01-31 06:00:00,4.3,1.6
2009-01-31 12:00:00,4.9,0.4
2009-01-31 18:00:00,12.0,0.0
2009-02-01 00:00:00,4.8,4.4
2009-02-01 06:00:00,5.3,0.2
2009-02-01 12:00:00,3.2,0.0
2009-02-01 18:00:00,15.3,0.0
2009-02-02 00:00:00,6.6,0.2
2009-02-02 06:00:00,5.0,0.0
2009-02-02 12:00:00,5.3,0.2
2009-02-02 18:00:00,14.2,0.0
2009-02-03 00:00:00,6.1,0.0
2009-02-03 06:00:00,5.8,0.0
2009-02-03 12:00:00,5.1,0.0
2009-02-03 18:00:00,14.6,0.0
2009-02-04 00:00:00,7.7,0.4
2009-02-04 06:00:00,5.7,0.0
2009-02-04 12:00:00,4.4,0.0
2009-02-04 18:00:00,14.0,0.0
2009-02-05 00:00:00,7.7,0.0
2009-02-05 06:00:00,6.7,0.0
2009-02-05 12:00:00,6.2,0.0
2009-02-05 18:00:00,15.2,0.0
2009-02-06 00:00:00,7.6,0.0
2009-02-06 06:00:00,6.2,0.0
2009-02-06 12:00:00,6.0,1.0
2009-02-06 18:00:00,10.7,0.0
2009-02-07 00:00:00,7.1,0.8
2009-02-07 06:00:00,6.1,0.2
2009-02-07 12:00:00,6.3,0.2
2009-02-07 18:00:00,12.6,0.0
2009-02-08 00:00:00,8.0,0.0
2009-02-08 06:00:00,6.5,0.0
2009-02-08 12:00:00,7.0,0.2
2009-02-08 18:00:00,17.0,0.0
2009-02-09 00:00:00,7.7,0.0
2009-02-09 06:00:00,5.8,0.0
2009-02-09 12:00:00,6.1,0.2
2009-02-09 18:00:00,16.4,0.0
2009-02-10 00:00:00,6.2,0.0
2009-02-10 06:00:00,6.0,0.2
2009-02-10 12:00:00,6.1,0.0
2009-02-10 18:00:00,11.5,0.0
2009-02-11 00:00:00,4.5,12.0
2009-02-11 06:00:00,3.9,0.0
2009-02-11 12:00:00,5.1,0.0
2009-02-11 18:00:00,8.1,0.6
2009-02-12 00:00:00,7.6,0.0
2009-02-12 06:00:00,6.1,0.0
2009-02-12 12:00:00,5.9,0.0
2009-02-12 18:00:00,10.5,0.2
2009-02-13 00:00:00,6.9,0.6
2009-02-13 06:00:00,5.5,0.4
2009-02-13 12:00:00,4.9,2.0
2009-02-13 18:00:00,11.4,0.0
2009-02-14 00:00:00,6.4,0.8
2009-02-14 06:00:00,6.1,0.2
2009-02-14 12:00:00,5.9,0.2
2009-02-14 18:00:00,7.3,0.0
2009-02-15 00:00:00,6.1,0.0
2009-02-15 06:00:00,5.7,0.2
2009-02-15 12:00:00,4.9,0.0
2009-02-15 18:00:00,10.0,0.0
2009-02-16 00:00:00,5.8,1.2
2009-02-16 06:00:00,4.4,0.2
2009-02-16 12:00:00,3.8,0.0
2009-02-16 18:00:00,9.3,0.0
2009-02-17 00:00:00,5.3,0.0
2009-02-17 06:00:00,4.5,0.0
2009-02-17 12:00:00,2.7,0.0
2009-02-17 18:00:00,8.1,0.0
2009-02-18 00:00:00,5.3,0.0
2009-02-18 06:00:00,4.4,0.0
2009-02-18 12:00:00,3.6,0.0
2009-02-18 18:00:00,9.0,0.0
2009-02-19 00:00:00,4.8,1.6
2009-02-19 06:00:00,4.3,0.0
2009-02-19 12:00:00,4.6,0.0
2009-02-19 18:00:00,14.6,0.0
2009-02-20 00:00:00,7.3,0.0
2009-02-20 06:00:00,5.5,0.0
2009-02-20 12:00:00,5.9,0.0
2009-02-20 18:00:00,15.3,0.0
2009-02-21 00:00:00,6.2,1.0
2009-02-21 06:00:00,5.4,0.2
2009-02-21 12:00:00,5.8,0.8
2009-02-21 18:00:00,10.6,0.2
2009-02-22 00:00:00,6.1,0.0
2009-02-22 06:00:00,5.7,0.2
2009-02-22 12:00:00,4.8,0.2
2009-02-22 18:00:00,12.3,0.0
2009-02-23 00:00:00,6.6,0.0
2009-02-23 06:00:00,5.8,0.0
2009-02-23 12:00:00,5.6,0.0
2009-02-23 18:00:00,10.3,0.0
2009-02-24 00:00:00,4.9,0.4
2009-02-24 06:00:00,4.8,0.4
2009-02-24 12:00:00,4.4,0.2
2009-02-24 18:00:00,16.0,0.0
2009-02-25 00:00:00,6.8,0.0
2009-02-25 06:00:00,6.0,0.0
2009-02-25 12:00:00,5.6,0.0
2009-02-25 18:00:00,13.4,0.0
2009-02-26 00:00:00,7.9,0.0
2009-02-26 06:00:00,5.8,0.0
2009-02-26 12:00:00,5.4,0.0
2009-02-26 18:00:00,9.3,0.0
2009-02-27 00:00:00,6.0,0.0
2009-02-27 06:00:00,4.6,0.0
2009-02-27 12:00:00,2.6,0.0
2009-02-27 18:00:00,13.0,0.0
2009-02-28 00:00:00,6.6,0.0
2009-02-28 06:00:00,4.8,0.0
2009-02-28 12:00:00,3.2,0.0
2009-02-28 18:00:00,16.5,0.0
2009-03-01 00:00:00,8.0,0.0
2009-03-01 06:00:00,6.4,0.0
2009-03-01 12:00:00,5.5,0.6
2009-03-01 18:00:00,13.7,0.0
2009-03-02 00:00:00,6.8,0.4
2009-03-02 06:00:00,6.4,0.0
2009-03-02 12:00:00,6.0,0.0
2009-03-02 18:00:00,13.7,0.0
2009-03-03 00:00:00,5.9,2.2
2009-03-03 06:00:00,5.5,0.0
2009-03-03 12:00:00,4.3,0.0
2009-03-03 18:00:00,11.1,0.0
2009-03-04 00:00:00,6.8,0.0
2009-03-04 06:00:00,4.6,0.0
2009-03-04 12:00:00,3.0,0.0
2009-03-04 18:00:00,14.9,0.0
2009-03-05 00:00:00,7.6,0.0
2009-03-05 06:00:00,5.8,0.8
2009-03-05 12:00:00,6.2,0.0
2009-03-05 18:00:00,13.7,0.0
2009-03-06 00:00:00,7.0,1.6
2009-03-06 06:00:00,6.1,0.2
2009-03-06 12:00:00,6.1,0.0
2009-03-06 18:00:00,17.5,0.0
2009-03-07 00:00:00,5.2,0.4
2009-03-07 06:00:00,3.3,1.6
2009-03-07 12:00:00,3.4,4.2
2009-03-07 18:00:00,16.7,0.0
2009-03-08 00:00:00,5.4,0.4
2009-03-08 06:00:00,4.9,0.2
2009-03-08 12:00:00,7.2,0.0
2009-03-08 18:00:00,12.5,0.0
2009-03-09 00:00:00,8.1,0.0
2009-03-09 06:00:00,3.8,0.0
2009-03-09 12:00:00,2.8,0.0
2009-03-09 18:00:00,14.1,0.0
2009-03-10 00:00:00,7.8,0.4
2009-03-10 06:00:00,4.5,0.0
2009-03-10 12:00:00,6.2,0.0
2009-03-10 18:00:00,11.1,0.0
2009-03-11 00:00:00,6.5,0.0
2009-03-11 06:00:00,5.2,0.0
2009-03-11 12:00:00,4.7,0.0
2009-03-11 18:00:00,12.8,0.0
2009-03-12 00:00:00,5.5,5.2
2009-03-12 06:00:00,5.2,0.2
2009-03-12 12:00:00,5.2,0.0
2009-03-12 18:00:00,10.3,0.0
2009-03-13 00:00:00,5.2,1.2
2009-03-13 06:00:00,5.4,0.4
2009-03-13 12:00:00,4.6,0.2
2009-03-13 18:00:00,6.9,0.2
2009-03-14 00:00:00,3.9,2.6
2009-03-14 06:00:00,4.8,0.0
2009-03-14 12:00:00,2.5,0.0
2009-03-14 18:00:00,11.5,0.0
2009-03-15 00:00:00,6.5,0.2
2009-03-15 06:00:00,5.1,0.2
2009-03-15 12:00:00,5.1,0.0
2009-03-15 18:00:00,11.5,0.0
2009-03-16 00:00:00,6.3,0.0
2009-03-16 06:00:00,5.9,0.0
2009-03-16 12:00:00,5.7,0.0
2009-03-16 18:00:00,13.8,0.0
2009-03-17 00:00:00,7.9,0.0
2009-03-17 06:00:00,6.2,0.0
2009-03-17 12:00:00,3.2,0.0
2009-03-17 18:00:00,14.8,0.0
2009-03-18 00:00:00,7.3,0.0
2009-03-18 06:00:00,5.3,0.0
2009-03-18 12:00:00,4.6,0.0
2009-03-18 18:00:00,12.8,0.0
2009-03-19 00:00:00,8.0,0.0
2009-03-19 06:00:00,6.1,0.2
2009-03-19 12:00:00,5.6,0.2
2009-03-19 18:00:00,14.5,0.0
2009-03-20 00:00:00,7.5,0.0
2009-03-20 06:00:00,6.4,0.2
2009-03-20 12:00:00,5.5,0.0
2009-03-20 18:00:00,13.3,0.0
2009-03-21 00:00:00,7.0,2.0
2009-03-21 06:00:00,3.9,0.0
2009-03-21 12:00:00,4.4,0.0
2009-03-21 18:00:00,13.4,0.0
2009-03-22 00:00:00,7.0,0.2
2009-03-22 06:00:00,6.0,0.0
2009-03-22 12:00:00,5.2,0.0
2009-03-22 18:00:00,14.8,0.0
2009-03-23 00:00:00,6.1,1.0
2009-03-23 06:00:00,5.3,0.8
2009-03-23 12:00:00,5.2,0.0
2009-03-23 18:00:00,9.3,0.0
2009-03-24 00:00:00,6.6,0.4
2009-03-24 06:00:00,5.5,0.4
2009-03-24 12:00:00,5.5,0.0
2009-03-24 18:00:00,9.7,0.2
2009-03-25 00:00:00,6.6,0.6
2009-03-25 06:00:00,5.6,0.0
2009-03-25 12:00:00,4.4,0.0
2009-03-25 18:00:00,14.2,0.0
2009-03-26 00:00:00,5.3,1.0
2009-03-26 06:00:00,5.6,0.2
2009-03-26 12:00:00,5.2,0.2
2009-03-26 18:00:00,9.1,0.2
2009-03-27 00:00:00,6.2,0.2
2009-03-27 06:00:00,4.8,0.0
2009-03-27 12:00:00,4.6,0.4
2009-03-27 18:00:00,13.2,0.0
2009-03-28 00:00:00,6.3,0.4
2009-03-28 06:00:00,4.7,0.2
2009-03-28 12:00:00,5.3,0.2
2009-03-28 18:00:00,12.1,0.0
2009-03-29 00:00:00,6.4,0.0
2009-03-29 06:00:00,5.0,0.0
2009-03-29 12:00:00,4.5,0.0
2009-03-29 18:00:00,8.9,0.0
2009-03-30 00:00:00,5.4,0.0
2009-03-30 06:00:00,3.8,0.0
2009-03-30 12:00:00,4.5,0.0
2009-03-30 18:00:00,7.6,0.0
2009-03-31 00:00:00,4.9,0.8
2009-03-31 06:00:00,4.6,0.0
2009-03-31 12:00:00,4.1,0.0
2009-03-31 18:00:00,10.6,0.0
2009-04-01 00:00:00,6.2,1.4
2009-04-01 06:00:00,5.2,0.2
2009-04-01 12:00:00,4.7,0.0
2009-04-01 18:00:00,9.2,0.0
2009-04-02 00:00:00,5.7,0.0
2009-04-02 06:00:00,4.6,0.8
2009-04-02 12:00:00,4.8,0.0
2009-04-02 18:00:00,10.8,0.0
2009-04-03 00:00:00,5.7,1.2
2009-04-03 06:00:00,5.7,0.0
2009-04-03 12:00:00,4.1,0.0
2009-04-03 18:00:00,14.8,0.0
2009-04-04 00:00:00,6.9,0.6
2009-04-04 06:00:00,4.8,0.2
2009-04-04 12:00:00,2.2,0.2
2009-04-04 18:00:00,15.7,0.0
2009-04-05 00:00:00,6.5,1.0
2009-04-05 06:00:00,5.9,0.0
2009-04-05 12:00:00,3.3,0.0
2009-04-05 18:00:00,14.8,0.2
2009-04-06 00:00:00,6.6,2.2
2009-04-06 06:00:00,5.5,0.0
2009-04-06 12:00:00,4.3,0.2
2009-04-06 18:00:00,17.1,0.0
2009-04-07 00:00:00,6.7,0.2
2009-04-07 06:00:00,5.2,0.2
2009-04-07 12:00:00,5.7,0.2
2009-04-07 18:00:00,11.4,0.0
2009-04-08 00:00:00,6.4,0.6
2009-04-08 06:00:00,5.5,0.0
2009-04-08 12:00:00,5.6,0.0
2009-04-08 18:00:00,8.0,0.0
2009-04-09 00:00:00,6.1,0.2
2009-04-09 06:00:00,5.2,0.4
2009-04-09 12:00:00,4.7,0.0
2009-04-09 18:00:00,8.9,0.0
2009-04-10 00:00:00,5.1,1.2
2009-04-10 06:00:00,4.6,0.0
2009-04-10 12:00:00,5.4,0.0
2009-04-10 18:00:00,15.3,0.0
2009-04-11 00:00:00,5.2,5.2
2009-04-11 06:00:00,5.0,0.0
2009-04-11 12:00:00,4.9,0.0
2009-04-11 18:00:00,9.9,0.0
2009-04-12 00:00:00,7.0,0.2
2009-04-12 06:00:00,5.6,0.0
2009-04-12 12:00:00,4.8,0.0
2009-04-12 18:00:00,14.0,0.0
2009-04-13 00:00:00,7.4,0.4
2009-04-13 06:00:00,6.0,0.2
2009-04-13 12:00:00,4.7,1.4
2009-04-13 18:00:00,11.5,0.0
2009-04-14 00:00:00,5.9,1.4
2009-04-14 06:00:00,5.5,0.2
2009-04-14 12:00:00,5.4,0.0
2009-04-14 18:00:00,9.5,0.4
2009-04-15 00:00:00,7.3,0.4
2009-04-15 06:00:00,5.8,0.2
2009-04-15 12:00:00,7.0,0.0
2009-04-15 18:00:00,8.8,0.8
2009-04-16 00:00:00,6.9,0.0
2009-04-16 06:00:00,7.5,0.0
2009-04-16 12:00:00,7.8,0.0
2009-04-16 18:00:00,12.8,0.0
2009-04-17 00:00:00,9.7,0.0
2009-04-17 06:00:00,9.0,0.0
2009-04-17 12:00:00,8.5,0.0
2009-04-17 18:00:00,13.8,0.0
2009-04-18 00:00:00,9.5,0.0
2009-04-18 06:00:00,7.4,0.4
2009-04-18 12:00:00,6.0,0.0
2009-04-18 18:00:00,14.3,0.0
2009-04-19 00:00:00,7.4,0.2
2009-04-19 06:00:00,8.9,0.0
2009-04-19 12:00:00,8.0,0.0
2009-04-19 18:00:00,12.1,0.0
2009-04-20 00:00:00,10.4,0.0
2009-04-20 06:00:00,7.2,0.2
2009-04-20 12:00:00,9.7,0.0
2009-04-20 18:00:00,14.9,0.0
2009-04-21 00:00:00,9.7,0.0
2009-04-21 06:00:00,6.8,0.2
2009-04-21 12:00:00,8.3,0.0
2009-04-21 18:00:00,14.8,0.0
2009-04-22 00:00:00,8.1,0.0
2009-04-22 06:00:00,6.4,0.0
2009-04-22 12:00:00,6.3,0.0
2009-04-22 18:00:00,12.5,0.0
2009-04-23 00:00:00,7.4,1.0
2009-04-23 06:00:00,6.1,0.0
2009-04-23 12:00:00,3.1,0.0
2009-04-23 18:00:00,14.5,0.0
2009-04-24 00:00:00,7.3,0.2
2009-04-24 06:00:00,6.0,0.0
2009-04-24 12:00:00,5.1,0.0
2009-04-24 18:00:00,15.5,0.0
2009-04-25 00:00:00,7.3,0.4
2009-04-25 06:00:00,6.6,0.0
2009-04-25 12:00:00,3.7,0.0
2009-04-25 18:00:00,15.1,0.0
2009-04-26 00:00:00,7.9,0.6
2009-04-26 06:00:00,6.5,0.0
2009-04-26 12:00:00,4.5,0.0
2009-04-26 18:00:00,14.2,0.0
2009-04-27 00:00:00,9.5,0.0
2009-04-27 06:00:00,6.5,0.0
2009-04-27 12:00:00,7.3,0.0
2009-04-27 18:00:00,15.5,0.0
2009-04-28 00:00:00,8.2,0.0
2009-04-28 06:00:00,5.5,0.0
2009-04-28 12:00:00,3.1,0.0
2009-04-28 18:00:00,16.2,0.0
2009-04-29 00:00:00,7.4,0.0
2009-04-29 06:00:00,5.3,0.0
2009-04-29 12:00:00,6.1,0.0
2009-04-29 18:00:00,13.1,0.0
2009-04-30 00:00:00,6.7,0.0
2009-04-30 06:00:00,4.6,0.0
2009-04-30 12:00:00,7.2,0.0
2009-04-30 18:00:00,16.2,0.0
2009-05-01 00:00:00,10.8,0.0
2009-05-01 06:00:00,5.5,0.0
2009-05-01 12:00:00,2.7,0.0
2009-05-01 18:00:00,11.2,0.0
2009-05-02 00:00:00,5.2,1.6
2009-05-02 06:00:00,5.0,0.0
2009-05-02 12:00:00,4.3,0.0
2009-05-02 18:00:00,11.0,0.2
2009-05-03 00:00:00,6.4,0.0
2009-05-03 06:00:00,5.9,0.0
2009-05-03 12:00:00,5.7,0.0
2009-05-03 18:00:00,13.4,0.0
2009-05-04 00:00:00,6.4,0.0
2009-05-04 06:00:00,3.4,0.0
2009-05-04 12:00:00,4.5,0.0
2009-05-04 18:00:00,14.9,0.0
2009-05-05 00:00:00,6.3,0.0
2009-05-05 06:00:00,5.1,0.0
2009-05-05 12:00:00,1.0,0.0
2009-05-05 18:00:00,15.2,0.0
2009-05-06 00:00:00,6.3,0.0
2009-05-06 06:00:00,2.1,0.0
2009-05-06 12:00:00,0.2,0.0
2009-05-06 18:00:00,14.8,0.0
2009-05-07 00:00:00,5.7,0.0
2009-05-07 06:00:00,0.7,0.0
2009-05-07 12:00:00,2.1,0.0
2009-05-07 18:00:00,13.2,0.0
2009-05-08 00:00:00,3.4,0.0
2009-05-08 06:00:00,2.8,0.0
2009-05-08 12:00:00,3.7,0.0
2009-05-08 18:00:00,15.0,0.0
2009-05-09 00:00:00,7.2,0.0
2009-05-09 06:00:00,4.8,0.0
2009-05-09 12:00:00,7.0,0.0
2009-05-09 18:00:00,15.7,0.0
2009-05-10 00:00:00,5.3,0.0
2009-05-10 06:00:00,3.7,0.0
2009-05-10 12:00:00,2.3,0.0
2009-05-10 18:00:00,16.3,0.0
2009-05-11 00:00:00,5.9,0.2
2009-05-11 06:00:00,2.3,0.0
2009-05-11 12:00:00,7.5,0.0
2009-05-11 18:00:00,13.4,0.0
2009-05-12 00:00:00,5.2,0.0
2009-05-12 06:00:00,3.7,0.0
2009-05-12 12:00:00,2.3,0.0
2009-05-12 18:00:00,14.1,0.0
2009-05-13 00:00:00,6.3,0.0
2009-05-13 06:00:00,4.4,0.0
2009-05-13 12:00:00,5.3,0.0
2009-05-13 18:00:00,13.5,0.0
2009-05-14 00:00:00,6.5,0.8
2009-05-14 06:00:00,2.6,0.0
2009-05-14 12:00:00,2.1,0.0
2009-05-14 18:00:00,17.2,0.0
2009-05-15 00:00:00,6.8,0.0
2009-05-15 06:00:00,3.2,0.0
2009-05-15 12:00:00,3.5,0.0
2009-05-15 18:00:00,15.7,0.0
2009-05-16 00:00:00,7.1,0.0
2009-05-16 06:00:00,5.6,0.2
2009-05-16 12:00:00,5.8,0.0
2009-05-16 18:00:00,11.7,0.0
2009-05-17 00:00:00,7.2,0.0
2009-05-17 06:00:00,5.1,0.2
2009-05-17 12:00:00,5.1,0.0
2009-05-17 18:00:00,15.5,0.0
2009-05-18 00:00:00,7.0,0.0
2009-05-18 06:00:00,6.2,0.0
2009-05-18 12:00:00,5.5,0.0
2009-05-18 18:00:00,14.3,0.0
2009-05-19 00:00:00,8.8,0.0
2009-05-19 06:00:00,5.9,0.0
2009-05-19 12:00:00,7.6,0.0
2009-05-19 18:00:00,13.8,0.0
2009-05-20 00:00:00,9.1,0.0
2009-05-20 06:00:00,5.5,0.4
2009-05-20 12:00:00,7.1,0.0
2009-05-20 18:00:00,11.8,0.0
2009-05-21 00:00:00,9.0,0.0
2009-05-21 06:00:00,6.2,0.0
2009-05-21 12:00:00,2.4,0.0
2009-05-21 18:00:00,15.6,0.0
2009-05-22 00:00:00,7.5,0.0
2009-05-22 06:00:00,3.9,0.0
2009-05-22 12:00:00,1.3,0.0
2009-05-22 18:00:00,16.7,0.0
2009-05-23 00:00:00,8.0,0.0
2009-05-23 06:00:00,5.8,0.0
2009-05-23 12:00:00,3.1,0.0
2009-05-23 18:00:00,18.4,0.0
2009-05-24 00:00:00,7.9,0.0
2009-05-24 06:00:00,5.8,0.0
2009-05-24 12:00:00,2.6,0.0
2009-05-24 18:00:00,12.2,0.0
2009-05-25 00:00:00,6.4,0.0
2009-05-25 06:00:00,4.6,0.0
2009-05-25 12:00:00,1.6,0.0
2009-05-25 18:00:00,12.9,0.0
2009-05-26 00:00:00,6.5,0.0
2009-05-26 06:00:00,5.0,0.0
2009-05-26 12:00:00,2.9,0.0
2009-05-26 18:00:00,13.1,0.0
2009-05-27 00:00:00,6.6,0.0
2009-05-27 06:00:00,4.7,0.0
2009-05-27 12:00:00,4.7,0.0
2009-05-27 18:00:00,14.4,0.0
2009-05-28 00:00:00,6.4,0.2
2009-05-28 06:00:00,3.5,0.0
2009-05-28 12:00:00,2.2,0.0
2009-05-28 18:00:00,13.0,0.0
2009-05-29 00:00:00,4.6,0.0
2009-05-29 06:00:00,2.2,0.0
2009-05-29 12:00:00,2.2,0.0
2009-05-29 18:00:00,14.8,0.0
2009-05-30 00:00:00,4.4,0.0
2009-05-30 06:00:00,1.7,0.0
2009-05-30 12:00:00,4.0,0.0
2009-05-30 18:00:00,13.8,0.0
2009-05-31 00:00:00,5.8,0.0
2009-05-31 06:00:00,2.9,0.0
2009-05-31 12:00:00,2.6,0.0
2009-05-31 18:00:00,17.0,0.0
2009-06-01 00:00:00,6.9,0.0
2009-06-01 06:00:00,2.6,0.0
2009-06-01 12:00:00,5.7,0.0
2009-06-01 18:00:00,17.5,0.0
2009-06-02 00:00:00,8.0,0.0
2009-06-02 06:00:00,4.1,0.0
2009-06-02 12:00:00,7.8,0.0
2009-06-02 18:00:00,17.7,0.0
2009-06-03 00:00:00,7.2,0.0
2009-06-03 06:00:00,6.7,0.4
2009-06-03 12:00:00,8.0,0.0
2009-06-03 18:00:00,13.1,0.0
2009-06-04 00:00:00,10.0,0.0
2009-06-04 06:00:00,2.3,0.0
2009-06-04 12:00:00,5.2,0.0
2009-06-04 18:00:00,14.6,0.0
2009-06-05 00:00:00,7.2,0.0
2009-06-05 06:00:00,3.5,0.0
2009-06-05 12:00:00,2.8,0.0
2009-06-05 18:00:00,16.4,0.0
2009-06-06 00:00:00,4.5,0.0
2009-06-06 06:00:00,1.7,0.0
2009-06-06 12:00:00,6.4,0.0
2009-06-06 18:00:00,15.2,0.0
2009-06-07 00:00:00,5.1,0.0
2009-06-07 06:00:00,2.1,0.0
2009-06-07 12:00:00,1.5,0.0
2009-06-07 18:00:00,18.3,0.0
2009-06-08 00:00:00,5.7,0.0
2009-06-08 06:00:00,3.1,0.0
2009-06-08 12:00:00,1.9,0.0
2009-06-08 18:00:00,16.2,0.0
2009-06-09 00:00:00,7.8,0.0
2009-06-09 06:00:00,2.7,0.0
2009-06-09 12:00:00,3.0,0.0
2009-06-09 18:00:00,17.3,0.0
2009-06-10 00:00:00,7.5,0.0
2009-06-10 06:00:00,4.5,0.0
2009-06-10 12:00:00,2.7,0.0
2009-06-10 18:00:00,17.8,0.0
2009-06-11 00:00:00,5.6,0.0
2009-06-11 06:00:00,2.3,0.0
2009-06-11 12:00:00,2.3,0.0
2009-06-11 18:00:00,15.7,0.0
2009-06-12 00:00:00,5.7,0.0
2009-06-12 06:00:00,7.0,0.0
2009-06-12 12:00:00,5.8,0.0
2009-06-12 18:00:00,13.5,0.0
2009-06-13 00:00:00,5.6,0.0
2009-06-13 06:00:00,2.2,0.0
2009-06-13 12:00:00,2.9,0.0
2009-06-13 18:00:00,11.4,0.0
2009-06-14 00:00:00,6.3,0.0
2009-06-14 06:00:00,4.8,0.0
2009-06-14 12:00:00,2.9,0.0
2009-06-14 18:00:00,16.6,0.0
2009-06-15 00:00:00,6.2,0.0
2009-06-15 06:00:00,1.7,0.0
2009-06-15 12:00:00,0.2,0.0
2009-06-15 18:00:00,14.8,0.0
2009-06-16 00:00:00,5.4,0.0
2009-06-16 06:00:00,4.3,0.0
2009-06-16 12:00:00,2.2,0.0
2009-06-16 18:00:00,14.7,0.0
2009-06-17 00:00:00,4.1,0.0
2009-06-17 06:00:00,4.8,0.0
2009-06-17 12:00:00,1.6,0.0
2009-06-17 18:00:00,14.2,0.0
2009-06-18 00:00:00,6.5,0.0
2009-06-18 06:00:00,1.5,0.0
2009-06-18 12:00:00,3.0,0.0
2009-06-18 18:00:00,17.4,0.0
2009-06-19 00:00:00,4.4,0.0
2009-06-19 06:00:00,1.5,0.0
2009-06-19 12:00:00,1.0,0.0
2009-06-19 18:00:00,15.4,0.0
2009-06-20 00:00:00,7.2,0.0
2009-06-20 06:00:00,2.6,0.0
2009-06-20 12:00:00,1.9,0.0
2009-06-20 18:00:00,13.1,0.0
2009-06-21 00:00:00,6.1,0.0
2009-06-21 06:00:00,3.6,0.0
2009-06-21 12:00:00,4.2,0.2
2009-06-21 18:00:00,14.2,0.0
2009-06-22 00:00:00,5.8,0.0
2009-06-22 06:00:00,2.7,0.0
2009-06-22 12:00:00,3.1,0.0
2009-06-22 18:00:00,12.4,0.0
2009-06-23 00:00:00,5.4,0.0
2009-06-23 06:00:00,3.1,0.0
2009-06-23 12:00:00,4.6,0.0
2009-06-23 18:00:00,9.7,0.0
2009-06-24 00:00:00,5.2,0.0
2009-06-24 06:00:00,2.8,0.0
2009-06-24 12:00:00,3.0,0.0
2009-06-24 18:00:00,12.4,0.0
2009-06-25 00:00:00,6.0,0.0
2009-06-25 06:00:00,4.8,0.0
2009-06-25 12:00:00,2.5,0.0
2009-06-25 18:00:00,16.5,0.0
2009-06-26 00:00:00,7.4,0.0
2009-06-26 06:00:00,7.3,0.0
2009-06-26 12:00:00,6.8,0.0
2009-06-26 18:00:00,13.3,0.0
2009-06-27 00:00:00,8.0,0.0
2009-06-27 06:00:00,2.6,0.0
2009-06-27 12:00:00,6.3,0.0
2009-06-27 18:00:00,13.1,0.0
2009-06-28 00:00:00,9.1,0.0
2009-06-28 06:00:00,3.6,0.0
2009-06-28 12:00:00,0.9,0.0
2009-06-28 18:00:00,17.0,0.0
2009-06-29 00:00:00,8.7,0.0
2009-06-29 06:00:00,-0.3,0.0
2009-06-29 12:00:00,-0.5,0.0
2009-06-29 18:00:00,17.3,0.0
2009-06-30 00:00:00,10.0,0.0
2009-06-30 06:00:00,6.5,0.0
2009-06-30 12:00:00,7.7,0.0
2009-06-30 18:00:00,14.9,0.0
2009-07-01 00:00:00,3.1,0.0
2009-07-01 06:00:00,1.0,0.0
2009-07-01 12:00:00,0.4,0.0
2009-07-01 18:00:00,16.2,0.0
2009-07-02 00:00:00,6.0,0.0
2009-07-02 06:00:00,2.2,0.0
2009-07-02 12:00:00,2.5,0.0
2009-07-02 18:00:00,17.2,0.0
2009-07-03 00:00:00,7.8,0.0
2009-07-03 06:00:00,2.7,0.0
2009-07-03 12:00:00,2.9,0.0
2009-07-03 18:00:00,11.5,0.0
2009-07-04 00:00:00,6.9,0.0
2009-07-04 06:00:00,3.4,0.0
2009-07-04 12:00:00,2.5,0.0
2009-07-04 18:00:00,16.0,0.0
2009-07-05 00:00:00,4.7,0.0
2009-07-05 06:00:00,1.9,0.0
2009-07-05 12:00:00,2.3,0.0
2009-07-05 18:00:00,13.0,0.0
2009-07-06 00:00:00,5.5,0.0
2009-07-06 06:00:00,4.6,0.0
2009-07-06 12:00:00,4.7,0.0
2009-07-06 18:00:00,13.4,0.0
2009-07-07 00:00:00,5.3,0.0
2009-07-07 06:00:00,2.1,0.0
2009-07-07 12:00:00,2.5,0.0
2009-07-07 18:00:00,12.5,0.0
2009-07-08 00:00:00,7.7,0.0
2009-07-08 06:00:00,3.5,1.6
2009-07-08 12:00:00,3.3,0.4
2009-07-08 18:00:00,11.3,0.0
2009-07-09 00:00:00,4.1,0.0
2009-07-09 06:00:00,4.0,0.0
2009-07-09 12:00:00,1.6,0.0
2009-07-09 18:00:00,13.4,0.0
2009-07-10 00:00:00,3.9,3.0
2009-07-10 06:00:00,1.1,0.0
2009-07-10 12:00:00,2.0,0.0
2009-07-10 18:00:00,17.0,0.0
2009-07-11 00:00:00,6.1,0.0
2009-07-11 06:00:00,2.3,0.0
2009-07-11 12:00:00,0.4,0.0
2009-07-11 18:00:00,16.9,0.0
2009-07-12 00:00:00,8.1,0.0
2009-07-12 06:00:00,1.9,0.0
2009-07-12 12:00:00,-0.2,0.0
2009-07-12 18:00:00,16.5,0.0
2009-12-31 00:00:00,6.7,0.0
2009-12-31 06:00:00,5.4,0.0
2009-12-31 12:00:00,6.1,0.0
2009-12-31 18:00:00,16.6,0.0
2010-01-01 00:00:00,7.0,0.0
2010-01-01 06:00:00,4.6,0.0
2010-01-01 12:00:00,3.4,0.0
2010-01-01 18:00:00,17.9,0.0
2010-01-02 00:00:00,6.8,0.0
2010-01-02 06:00:00,3.1,0.0
2010-01-02 12:00:00,2.4,0.0
2010-01-02 18:00:00,19.5,0.0
2010-01-03 00:00:00,6.9,0.0
2010-01-03 06:00:00,3.8,0.0
2010-01-03 12:00:00,4.3,0.0
2010-01-03 18:00:00,17.6,0.0
2010-01-04 00:00:00,7.9,1.2
2010-01-04 06:00:00,5.9,0.0
2010-01-04 12:00:00,8.0,0.0
2010-01-04 18:00:00,14.8,0.0
2010-01-05 00:00:00,7.6,0.0
2010-01-05 06:00:00,6.0,0.6
2010-01-05 12:00:00,5.9,0.0
2010-01-05 18:00:00,11.4,0.0
2010-01-06 00:00:00,6.6,0.0
2010-01-06 06:00:00,5.6,0.2
2010-01-06 12:00:00,5.3,0.2
2010-01-06 18:00:00,15.2,0.2
2010-01-07 00:00:00,7.2,0.0
2010-01-07 06:00:00,6.3,0.0
2010-01-07 12:00:00,4.6,0.0
2010-01-07 18:00:00,17.6,0.0
2010-01-08 00:00:00,9.8,0.0
2010-01-08 06:00:00,7.5,0.0
2010-01-08 12:00:00,7.5,0.0
2010-01-08 18:00:00,16.4,0.0
2010-01-09 00:00:00,9.6,0.8
2010-01-09 06:00:00,6.8,0.0
2010-01-09 12:00:00,5.8,0.2
2010-01-09 18:00:00,9.5,0.2
2010-01-10 00:00:00,6.7,1.8
2010-01-10 06:00:00,6.5,0.2
2010-01-10 12:00:00,6.0,0.0
2010-01-10 18:00:00,7.4,0.0
2010-01-11 00:00:00,6.8,0.4
2010-01-11 06:00:00,5.5,0.2
2010-01-11 12:00:00,5.5,0.2
2010-01-11 18:00:00,12.1,0.0
2010-01-12 00:00:00,7.3,0.0
2010-01-12 06:00:00,6.1,0.0
2010-01-12 12:00:00,5.5,0.0
2010-01-12 18:00:00,13.4,0.0
2010-01-13 00:00:00,6.8,0.0
2010-01-13 06:00:00,6.1,0.0
2010-01-13 12:00:00,3.6,0.0
2010-01-13 18:00:00,13.1,0.0
2010-01-14 00:00:00,7.5,0.0
2010-01-14 06:00:00,7.2,0.0
2010-01-14 12:00:00,6.7,0.0
2010-01-14 18:00:00,11.3,0.0
2010-01-15 00:00:00,6.9,0.0
2010-01-15 06:00:00,6.6,0.0
2010-01-15 12:00:00,6.8,0.0
2010-01-15 18:00:00,13.4,0.0
2010-01-16 00:00:00,8.4,0.0
2010-01-16 06:00:00,6.8,0.0
2010-01-16 12:00:00,7.5,0.0
2010-01-16 18:00:00,14.2,0.0
2010-01-17 00:00:00,8.6,0.0
2010-01-17 06:00:00,7.0,0.0
2010-01-17 12:00:00,6.7,0.0
2010-01-17 18:00:00,13.7,0.0
2010-01-18 00:00:00,8.3,0.0
2010-01-18 06:00:00,7.1,0.0
2010-01-18 12:00:00,6.3,0.0
2010-01-18 18:00:00,16.1,0.0
2010-01-19 00:00:00,7.3,0.0
2010-01-19 06:00:00,6.1,0.0
2010-01-19 12:00:00,6.7,0.0
2010-01-19 18:00:00,14.9,0.0
2010-01-20 00:00:00,7.8,0.0
2010-01-20 06:00:00,7.3,0.0
2010-01-20 12:00:00,3.8,0.0
2010-01-20 18:00:00,18.2,0.0
2010-01-21 00:00:00,7.7,0.4
2010-01-21 06:00:00,5.0,0.0
2010-01-21 12:00:00,6.6,0.0
2010-01-21 18:00:00,17.1,0.0
2010-01-22 00:00:00,9.7,0.0
2010-01-22 06:00:00,7.4,0.0
2010-01-22 12:00:00,7.5,0.2
2010-01-22 18:00:00,14.2,0.0
2010-01-23 00:00:00,5.7,1.4
2010-01-23 06:00:00,5.8,0.2
2010-01-23 12:00:00,6.9,0.0
2010-01-23 18:00:00,6.6,5.4
2010-01-24 00:00:00,6.4,0.4
2010-01-24 06:00:00,5.8,0.0
2010-01-24 12:00:00,5.2,0.0
2010-01-24 18:00:00,11.5,0.0
2010-01-25 00:00:00,7.0,0.6
2010-01-25 06:00:00,5.6,0.0
2010-01-25 12:00:00,4.5,0.0
2010-01-25 18:00:00,16.2,0.0
2010-01-26 00:00:00,7.7,0.0
2010-01-26 06:00:00,5.4,0.0
2010-01-26 12:00:00,4.7,0.0
2010-01-26 18:00:00,16.6,0.0
2010-01-27 00:00:00,7.6,0.0
2010-01-27 06:00:00,7.0,0.0
2010-01-27 12:00:00,4.8,0.0
2010-01-27 18:00:00,17.7,0.0
2010-01-28 00:00:00,8.3,0.0
2010-01-28 06:00:00,3.8,0.0
2010-01-28 12:00:00,4.4,0.0
2010-01-28 18:00:00,18.2,0.0
2010-01-29 00:00:00,9.6,0.0
2010-01-29 06:00:00,6.3,0.0
2010-01-29 12:00:00,3.2,0.0
2010-01-29 18:00:00,16.4,0.0
2010-01-30 00:00:00,10.2,0.0
2010-01-30 06:00:00,5.4,0.0
2010-01-30 12:00:00,4.2,0.0
2010-01-30 18:00:00,17.1,0.0
2010-01-31 00:00:00,11.4,0.0
2010-01-31 06:00:00,9.0,0.0
2010-01-31 12:00:00,9.6,0.0
2010-01-31 18:00:00,16.7,0.0
2010-02-01 00:00:00,11.5,0.0
2010-02-01 06:00:00,10.6,0.0
2010-02-01 12:00:00,10.2,0.0
2010-02-01 18:00:00,17.0,0.0
2010-02-02 00:00:00,7.9,0.4
2010-02-02 06:00:00,9.3,0.0
2010-02-02 12:00:00,8.4,0.0
2010-02-02 18:00:00,16.3,0.0
2010-02-03 00:00:00,12.1,0.0
2010-02-03 06:00:00,6.4,0.0
2010-02-03 12:00:00,10.7,0.0
2010-02-03 18:00:00,17.3,0.0
2010-02-04 00:00:00,10.5,0.0
2010-02-04 06:00:00,5.5,0.0
2010-02-04 12:00:00,9.3,0.0
2010-02-04 18:00:00,18.4,0.0
2010-02-05 00:00:00,8.8,0.0
2010-02-05 06:00:00,7.7,0.0
2010-02-05 12:00:00,7.1,1.0
2010-02-05 18:00:00,9.7,0.6
2010-02-06 00:00:00,7.1,0.0
2010-02-06 06:00:00,5.8,0.4
2010-02-06 12:00:00,5.8,0.0
2010-02-06 18:00:00,7.3,0.0
2010-02-07 00:00:00,4.3,2.4
2010-02-07 06:00:00,4.8,0.4
2010-02-07 12:00:00,4.4,1.2
2010-02-07 18:00:00,5.2,1.2
2010-02-08 00:00:00,6.4,0.2
2010-02-08 06:00:00,4.0,0.0
2010-02-08 12:00:00,5.5,0.0
2010-02-08 18:00:00,19.9,0.0
2010-02-09 00:00:00,9.8,0.0
2010-02-09 06:00:00,4.7,0.0
2010-02-09 12:00:00,4.0,0.0
2010-02-09 18:00:00,14.0,0.0
2010-02-10 00:00:00,9.1,0.0
2010-02-10 06:00:00,7.5,0.0
2010-02-10 12:00:00,6.8,0.0
2010-02-10 18:00:00,16.8,0.0
2010-02-11 00:00:00,5.3,14.6
2010-02-11 06:00:00,4.9,0.0
2010-02-11 12:00:00,5.3,0.0
2010-02-11 18:00:00,11.4,0.0
2010-02-12 00:00:00,7.8,0.0
2010-02-12 06:00:00,7.2,0.0
2010-02-12 12:00:00,6.7,0.0
2010-02-12 18:00:00,12.4,0.0
2010-02-13 00:00:00,8.7,0.0
2010-02-13 06:00:00,7.5,1.0
2010-02-13 12:00:00,7.2,0.0
2010-02-13 18:00:00,14.7,0.0
2010-02-14 00:00:00,8.5,0.0
2010-02-14 06:00:00,7.1,0.2
2010-02-14 12:00:00,5.7,0.0
2010-02-14 18:00:00,16.6,0.0
2010-02-15 00:00:00,8.1,0.6
2010-02-15 06:00:00,7.6,0.0
2010-02-15 12:00:00,7.1,0.0
2010-02-15 18:00:00,13.5,0.0
2010-02-16 00:00:00,6.9,1.2
2010-02-16 06:00:00,6.9,0.0
2010-02-16 12:00:00,6.8,0.0
2010-02-16 18:00:00,10.1,0.0
2010-02-17 00:00:00,7.4,1.2
2010-02-17 06:00:00,7.5,0.2
2010-02-17 12:00:00,6.5,1.8
2010-02-17 18:00:00,13.2,0.0
2010-02-18 00:00:00,9.2,0.0
2010-02-18 06:00:00,7.6,0.0
2010-02-18 12:00:00,8.5,0.0
2010-02-18 18:00:00,16.7,0.0
2010-02-19 00:00:00,9.4,0.0
2010-02-19 06:00:00,10.4,0.0
2010-02-19 12:00:00,10.9,0.0
2010-02-19 18:00:00,16.6,0.0
2010-02-20 00:00:00,12.4,0.0
2010-02-20 06:00:00,8.1,0.0
2010-02-20 12:00:00,9.7,0.0
2010-02-20 18:00:00,17.6,0.0
2010-02-21 00:00:00,10.5,0.0
2010-02-21 06:00:00,7.5,0.2
2010-02-21 12:00:00,6.7,0.0
2010-02-21 18:00:00,10.5,1.0
2010-02-22 00:00:00,6.7,1.6
2010-02-22 06:00:00,7.1,0.0
2010-02-22 12:00:00,6.7,0.0
2010-02-22 18:00:00,16.3,0.0
2010-02-23 00:00:00,9.0,0.0
2010-02-23 06:00:00,7.2,0.0
2010-02-23 12:00:00,6.9,0.0
2010-02-23 18:00:00,17.5,0.0
2010-02-24 00:00:00,10.3,0.0
2010-02-24 06:00:00,6.1,0.0
2010-02-24 12:00:00,5.7,0.0
2010-02-24 18:00:00,12.9,0.0
2010-02-25 00:00:00,7.5,0.0
2010-02-25 06:00:00,5.2,0.0
2010-02-25 12:00:00,2.9,0.0
2010-02-25 18:00:00,17.2,0.0
2010-02-26 00:00:00,8.5,0.0
2010-02-26 06:00:00,5.2,0.0
2010-02-26 12:00:00,5.1,0.0
2010-02-26 18:00:00,16.4,0.0
2010-02-27 00:00:00,8.8,0.0
2010-02-27 06:00:00,5.8,0.0
2010-02-27 12:00:00,5.1,0.0
2010-02-27 18:00:00,14.4,0.0
2010-02-28 00:00:00,6.1,0.0
2010-02-28 06:00:00,2.0,0.0
2010-02-28 12:00:00,4.0,0.0
2010-02-28 18:00:00,18.3,0.0
2010-03-01 00:00:00,8.6,0.0
2010-03-01 06:00:00,4.7,0.0
2010-03-01 12:00:00,6.6,0.0
2010-03-01 18:00:00,16.5,0.0
2010-03-02 00:00:00,6.6,2.0
2010-03-02 06:00:00,6.9,0.4
2010-03-02 12:00:00,6.2,0.0
2010-03-02 18:00:00,16.3,0.0
2010-03-03 00:00:00,7.6,0.0
2010-03-03 06:00:00,5.8,0.0
2010-03-03 12:00:00,7.0,0.0
2010-03-03 18:00:00,12.0,0.0
2010-03-04 00:00:00,6.8,1.0
2010-03-04 06:00:00,6.8,0.0
2010-03-04 12:00:00,6.5,1.8
2010-03-04 18:00:00,14.1,0.0
2010-03-05 00:00:00,8.2,0.2
2010-03-05 06:00:00,4.9,0.0
2010-03-05 12:00:00,5.1,0.0
2010-03-05 18:00:00,15.4,0.0
2010-03-06 00:00:00,10.1,0.0
2010-03-06 06:00:00,9.0,0.0
2010-03-06 12:00:00,6.9,0.0
2010-03-06 18:00:00,17.2,0.0
2010-03-07 00:00:00,9.3,1.0
2010-03-07 06:00:00,7.1,0.6
2010-03-07 12:00:00,5.3,0.0
2010-03-07 18:00:00,15.6,0.0
2010-03-08 00:00:00,8.1,2.2
2010-03-08 06:00:00,6.5,0.4
2010-03-08 12:00:00,6.6,0.0
2010-03-08 18:00:00,15.2,0.0
2010-03-09 00:00:00,8.5,0.0
2010-03-09 06:00:00,5.5,0.0
2010-03-09 12:00:00,5.5,0.0
2010-03-09 18:00:00,17.2,0.0
2010-03-10 00:00:00,10.1,0.0
2010-03-10 06:00:00,6.5,0.0
2010-03-10 12:00:00,6.7,0.0
2010-03-10 18:00:00,16.3,0.0
2010-03-11 00:00:00,6.1,0.6
2010-03-11 06:00:00,6.3,0.0
2010-03-11 12:00:00,4.8,0.0
2010-03-11 18:00:00,15.0,0.0
2010-03-12 00:00:00,8.5,0.2
2010-03-12 06:00:00,7.0,0.0
2010-03-12 12:00:00,4.8,0.0
2010-03-12 18:00:00,12.6,0.0
2010-03-13 00:00:00,5.9,0.4
2010-03-13 06:00:00,6.4,0.0
2010-03-13 12:00:00,5.7,0.2
2010-03-13 18:00:00,13.6,0.0
2010-03-14 00:00:00,6.8,0.2
2010-03-14 06:00:00,5.4,0.0
2010-03-14 12:00:00,3.9,0.2
2010-03-14 18:00:00,13.9,0.0
2010-03-15 00:00:00,9.3,0.0
2010-03-15 06:00:00,6.3,0.0
2010-03-15 12:00:00,5.0,0.0
2010-03-15 18:00:00,13.1,0.0
2010-03-16 00:00:00,6.1,2.0
2010-03-16 06:00:00,6.2,0.0
2010-03-16 12:00:00,4.1,0.6
2010-03-16 18:00:00,12.2,0.0
2010-03-17 00:00:00,6.7,0.0
2010-03-17 06:00:00,7.0,0.0
2010-03-17 12:00:00,6.5,0.0
2010-03-17 18:00:00,13.2,0.0
2010-03-18 00:00:00,7.7,0.0
2010-03-18 06:00:00,6.4,0.0
2010-03-18 12:00:00,5.8,0.0
2010-03-18 18:00:00,9.0,0.4
2010-03-19 00:00:00,6.3,0.0
2010-03-19 06:00:00,7.0,0.2
2010-03-19 12:00:00,7.1,0.2
2010-03-19 18:00:00,13.4,0.0
2010-03-20 00:00:00,8.4,0.0
2010-03-20 06:00:00,7.0,0.0
2010-03-20 12:00:00,6.6,0.0
2010-03-20 18:00:00,10.4,1.4
2010-03-21 00:00:00,7.4,0.0
2010-03-21 06:00:00,6.2,0.0
2010-03-21 12:00:00,5.2,0.0
2010-03-21 18:00:00,18.1,0.0
2010-03-22 00:00:00,9.6,0.0
2010-03-22 06:00:00,7.0,0.0
2010-03-22 12:00:00,6.8,0.0
2010-03-22 18:00:00,12.2,0.0
2010-03-23 00:00:00,6.1,2.4
2010-03-23 06:00:00,6.1,0.0
2010-03-23 12:00:00,6.2,0.2
2010-03-23 18:00:00,13.9,0.0
2010-03-24 00:00:00,7.6,1.8
2010-03-24 06:00:00,6.5,0.0
2010-03-24 12:00:00,5.3,0.2
2010-03-24 18:00:00,16.9,0.0
2010-03-25 00:00:00,8.5,0.0
2010-03-25 06:00:00,7.3,0.0
2010-03-25 12:00:00,6.7,0.0
2010-03-25 18:00:00,11.5,0.0
2010-03-26 00:00:00,6.2,2.6
2010-03-26 06:00:00,6.0,0.0
2010-03-26 12:00:00,6.2,0.0
2010-03-26 18:00:00,12.0,0.0
2010-03-27 00:00:00,8.1,0.0
2010-03-27 06:00:00,7.1,0.2
2010-03-27 12:00:00,6.5,0.0
2010-03-27 18:00:00,16.0,0.0
2010-03-28 00:00:00,9.1,0.2
2010-03-28 06:00:00,7.3,0.0
2010-03-28 12:00:00,4.1,0.0
2010-03-28 18:00:00,17.1,0.0
2010-03-29 00:00:00,8.0,1.0
2010-03-29 06:00:00,5.8,0.0
2010-03-29 12:00:00,7.0,0.0
2010-03-29 18:00:00,13.8,0.0
2010-03-30 00:00:00,7.3,0.0
2010-03-30 06:00:00,6.6,0.0
2010-03-30 12:00:00,6.5,0.0
2010-03-30 18:00:00,14.9,0.2
2010-03-31 00:00:00,5.9,1.8
2010-03-31 06:00:00,5.6,0.0
2010-03-31 12:00:00,4.9,0.0
2010-03-31 18:00:00,14.5,0.0
2010-04-01 00:00:00,7.2,1.4
2010-04-01 06:00:00,6.6,0.2
2010-04-01 12:00:00,6.6,0.0
2010-04-01 18:00:00,9.2,0.0
2010-04-02 00:00:00,7.1,0.0
2010-04-02 06:00:00,7.0,0.0
2010-04-02 12:00:00,4.7,0.0
2010-04-02 18:00:00,15.8,0.0
2010-04-03 00:00:00,7.5,0.0
2010-04-03 06:00:00,5.4,0.0
2010-04-03 12:00:00,4.6,0.0
2010-04-03 18:00:00,16.8,0.0
2010-04-04 00:00:00,8.6,1.2
2010-04-04 06:00:00,7.0,0.0
2010-04-04 12:00:00,6.9,0.0
2010-04-04 18:00:00,15.4,0.0
2010-04-05 00:00:00,7.1,0.0
2010-04-05 06:00:00,5.0,3.2
2010-04-05 12:00:00,6.4,0.2
2010-04-05 18:00:00,10.5,0.0
2010-04-06 00:00:00,8.1,0.0
2010-04-06 06:00:00,6.6,0.4
2010-04-06 12:00:00,6.2,0.0
2010-04-06 18:00:00,16.6,0.0
2010-04-07 00:00:00,7.1,0.2
2010-04-07 06:00:00,5.6,0.0
2010-04-07 12:00:00,3.7,0.0
2010-04-07 18:00:00,14.6,0.0
2010-04-08 00:00:00,8.7,2.0
2010-04-08 06:00:00,7.3,0.2
2010-04-08 12:00:00,4.0,0.0
2010-04-08 18:00:00,15.1,0.0
2010-04-09 00:00:00,8.8,0.0
2010-04-09 06:00:00,7.1,0.0
2010-04-09 12:00:00,5.4,0.2
2010-04-09 18:00:00,15.3,0.0
2010-04-10 00:00:00,9.0,0.0
2010-04-10 06:00:00,6.5,0.0
2010-04-10 12:00:00,4.1,0.0
2010-04-10 18:00:00,17.0,0.0
2010-04-11 00:00:00,8.6,0.0
2010-04-11 06:00:00,4.4,0.0
2010-04-11 12:00:00,4.2,0.0
2010-04-11 18:00:00,12.9,0.0
2010-04-12 00:00:00,8.3,0.0
2010-04-12 06:00:00,6.6,0.0
2010-04-12 12:00:00,2.2,0.0
2010-04-12 18:00:00,17.4,0.0
2010-04-13 00:00:00,7.6,0.0
2010-04-13 06:00:00,5.8,0.0
2010-04-13 12:00:00,2.9,0.0
2010-04-13 18:00:00,16.0,0.0
2010-04-14 00:00:00,7.2,0.0
2010-04-14 06:00:00,4.0,0.0
2010-04-14 12:00:00,3.7,0.0
2010-04-14 18:00:00,17.4,0.0
2010-04-15 00:00:00,8.0,0.0
2010-04-15 06:00:00,6.7,0.0
2010-04-15 12:00:00,3.6,0.0
2010-04-15 18:00:00,17.8,0.0
2010-04-16 00:00:00,8.1,0.0
2010-04-16 06:00:00,6.7,0.0
2010-04-16 12:00:00,5.9,0.2
2010-04-16 18:00:00,16.1,0.0
2010-04-17 00:00:00,8.3,0.0
2010-04-17 06:00:00,7.1,0.0
2010-04-17 12:00:00,6.3,0.2
2010-04-17 18:00:00,15.5,0.0
2010-04-18 00:00:00,8.2,0.0
2010-04-18 06:00:00,5.7,0.0
2010-04-18 12:00:00,9.8,0.0
2010-04-18 18:00:00,14.1,0.0
2010-04-19 00:00:00,10.4,0.0
2010-04-19 06:00:00,5.6,0.0
2010-04-19 12:00:00,6.5,0.0
2010-04-19 18:00:00,15.7,0.0
2010-04-20 00:00:00,7.8,0.0
2010-04-20 06:00:00,5.0,0.0
2010-04-20 12:00:00,6.3,0.0
2010-04-20 18:00:00,14.5,0.0
2010-04-21 00:00:00,8.2,0.0
2010-04-21 06:00:00,6.6,0.0
2010-04-21 12:00:00,3.8,0.2
2010-04-21 18:00:00,17.2,0.0
2010-04-22 00:00:00,8.9,0.2
2010-04-22 06:00:00,5.7,0.0
2010-04-22 12:00:00,4.9,0.0
2010-04-22 18:00:00,16.6,0.0
2010-04-23 00:00:00,12.4,0.0
2010-04-23 06:00:00,4.8,0.0
2010-04-23 12:00:00,3.3,0.0
2010-04-23 18:00:00,16.2,0.0
2010-04-24 00:00:00,8.1,0.0
2010-04-24 06:00:00,6.5,0.0
2010-04-24 12:00:00,5.6,0.0
2010-04-24 18:00:00,17.9,0.0
2010-04-25 00:00:00,10.5,0.0
2010-04-25 06:00:00,5.6,0.0
2010-04-25 12:00:00,7.7,0.0
2010-04-25 18:00:00,19.4,0.0
2010-04-26 00:00:00,8.2,0.2
2010-04-26 06:00:00,6.8,0.0
2010-04-26 12:00:00,6.6,0.0
2010-04-26 18:00:00,13.2,0.0
2010-04-27 00:00:00,7.9,0.2
2010-04-27 06:00:00,6.7,0.0
2010-04-27 12:00:00,6.1,0.0
2010-04-27 18:00:00,13.0,0.0
2010-04-28 00:00:00,7.0,0.2
2010-04-28 06:00:00,4.8,0.0
2010-04-28 12:00:00,2.7,0.0
2010-04-28 18:00:00,13.7,0.0
2010-04-29 00:00:00,8.2,0.0
2010-04-29 06:00:00,6.7,0.0
2010-04-29 12:00:00,6.1,0.0
2010-04-29 18:00:00,13.8,0.0
2010-04-30 00:00:00,7.7,0.0
2010-04-30 06:00:00,6.5,0.0
2010-04-30 12:00:00,6.3,0.2
2010-04-30 18:00:00,9.8,0.0
2010-05-01 00:00:00,7.0,0.0
2010-05-01 06:00:00,5.7,1.4
2010-05-01 12:00:00,5.9,0.0
2010-05-01 18:00:00,12.9,0.0
2010-05-02 00:00:00,6.8,1.6
2010-05-02 06:00:00,5.6,0.8
2010-05-02 12:00:00,6.2,0.0
2010-05-02 18:00:00,11.7,0.0
2010-05-03 00:00:00,6.3,1.4
2010-05-03 06:00:00,6.4,0.0
2010-05-03 12:00:00,6.4,0.0
2010-05-03 18:00:00,14.2,0.0
2010-05-04 00:00:00,6.1,0.4
2010-05-04 06:00:00,5.6,0.0
2010-05-04 12:00:00,4.9,0.0
2010-05-04 18:00:00,15.4,0.0
2010-05-05 00:00:00,5.8,0.2
2010-05-05 06:00:00,6.2,0.0
2010-05-05 12:00:00,5.9,0.0
2010-05-05 18:00:00,15.2,0.0
2010-05-06 00:00:00,7.4,0.0
2010-05-06 06:00:00,5.4,0.0
2010-05-06 12:00:00,4.3,0.0
2010-05-06 18:00:00,17.7,0.0
2010-05-07 00:00:00,8.2,0.0
2010-05-07 06:00:00,7.1,0.0
2010-05-07 12:00:00,3.7,0.0
2010-05-07 18:00:00,18.9,0.0
2010-05-08 00:00:00,7.2,0.0
2010-05-08 06:00:00,4.9,0.0
2010-05-08 12:00:00,4.9,0.0
2010-05-08 18:00:00,12.9,0.0
2010-05-09 00:00:00,9.2,0.0
2010-05-09 06:00:00,9.8,0.0
2010-05-09 12:00:00,8.1,0.0
2010-05-09 18:00:00,13.5,0.0
2010-05-10 00:00:00,7.3,0.0
2010-05-10 06:00:00,5.0,0.0
2010-05-10 12:00:00,8.6,0.0
2010-05-10 18:00:00,14.9,0.0
2010-05-11 00:00:00,8.8,0.0
2010-05-11 06:00:00,4.1,0.0
2010-05-11 12:00:00,1.6,0.0
2010-05-11 18:00:00,17.1,0.0
2010-05-12 00:00:00,5.7,0.0
2010-05-12 06:00:00,6.2,0.0
2010-05-12 12:00:00,5.1,0.0
2010-05-12 18:00:00,16.1,0.0
2010-05-13 00:00:00,7.3,0.0
2010-05-13 06:00:00,2.8,0.0
2010-05-13 12:00:00,2.2,0.0
2010-05-13 18:00:00,15.7,0.0
2010-05-14 00:00:00,5.3,0.0
2010-05-14 06:00:00,4.1,0.0
2010-05-14 12:00:00,2.2,0.0
2010-05-14 18:00:00,13.3,0.0
2010-05-15 00:00:00,6.3,0.0
2010-05-15 06:00:00,2.9,0.0
2010-05-15 12:00:00,2.3,0.0
2010-05-15 18:00:00,15.7,0.0
2010-05-16 00:00:00,5.2,0.0
2010-05-16 06:00:00,2.6,0.0
2010-05-16 12:00:00,1.9,0.0
2010-05-16 18:00:00,15.5,0.0
2010-05-17 00:00:00,5.2,0.0
2010-05-17 06:00:00,2.5,0.0
2010-05-17 12:00:00,5.2,0.0
2010-05-17 18:00:00,16.4,0.0
2010-05-18 00:00:00,5.4,0.0
2010-05-18 06:00:00,1.5,0.0
2010-05-18 12:00:00,1.0,0.0
2010-05-18 18:00:00,17.2,0.0
2010-05-19 00:00:00,6.5,0.0
2010-05-19 06:00:00,2.4,0.0
2010-05-19 12:00:00,3.7,0.0
2010-05-19 18:00:00,14.3,0.0
2010-05-20 00:00:00,8.3,0.0
2010-05-20 06:00:00,5.9,0.0
2010-05-20 12:00:00,5.9,0.2
2010-05-20 18:00:00,12.3,0.0
2010-05-21 00:00:00,6.9,0.0
2010-05-21 06:00:00,6.4,0.2
2010-05-21 12:00:00,4.3,0.0
2010-05-21 18:00:00,12.9,0.0
2010-05-22 00:00:00,5.9,4.4
2010-05-22 06:00:00,3.9,0.2
2010-05-22 12:00:00,2.7,0.0
2010-05-22 18:00:00,12.8,0.0
2010-05-23 00:00:00,7.9,0.0
2010-05-23 06:00:00,4.1,0.0
2010-05-23 12:00:00,2.5,0.0
2010-05-23 18:00:00,15.4,0.0
2010-05-24 00:00:00,7.1,0.0
2010-05-24 06:00:00,1.4,0.0
2010-05-24 12:00:00,1.3,0.0
2010-05-24 18:00:00,16.5,0.0
2010-05-25 00:00:00,6.5,0.0
2010-05-25 06:00:00,2.4,0.0
2010-05-25 12:00:00,3.3,0.0
2010-05-25 18:00:00,13.8,0.0
2010-05-26 00:00:00,6.8,0.0
2010-05-26 06:00:00,4.5,0.0
2010-05-26 12:00:00,3.2,0.0
2010-05-26 18:00:00,13.4,0.0
2010-05-27 00:00:00,6.6,0.0
2010-05-27 06:00:00,5.4,0.0
2010-05-27 12:00:00,5.8,0.0
2010-05-27 18:00:00,11.1,0.0
2010-05-28 00:00:00,6.4,0.0
2010-05-28 06:00:00,4.9,0.0
2010-05-28 12:00:00,3.8,0.0
2010-05-28 18:00:00,15.4,0.0
2010-05-29 00:00:00,4.6,0.0
2010-05-29 06:00:00,1.3,0.0
2010-05-29 12:00:00,2.1,0.0
2010-05-29 18:00:00,15.5,0.0
2010-05-30 00:00:00,3.7,0.0
2010-05-30 06:00:00,1.7,0.0
2010-05-30 12:00:00,1.6,0.0
2010-05-30 18:00:00,15.7,0.0
2010-05-31 00:00:00,4.8,0.0
2010-05-31 06:00:00,1.9,0.0
2010-05-31 12:00:00,2.0,0.0
2010-05-31 18:00:00,16.3,0.0
2010-06-01 00:00:00,7.7,0.0
2010-06-01 06:00:00,2.3,0.0
2010-06-01 12:00:00,2.1,0.0
2010-06-01 18:00:00,15.0,0.0
2010-06-02 00:00:00,6.1,0.0
2010-06-02 06:00:00,1.9,0.0
2010-06-02 12:00:00,0.3,0.0
2010-06-02 18:00:00,12.9,0.0
2010-06-03 00:00:00,7.3,0.0
2010-06-03 06:00:00,5.3,0.0
2010-06-03 12:00:00,2.8,0.0
2010-06-03 18:00:00,17.2,0.0
2010-06-04 00:00:00,6.5,0.0
2010-06-04 06:00:00,2.2,0.0
2010-06-04 12:00:00,3.3,0.0
2010-06-04 18:00:00,14.9,0.0
2010-06-05 00:00:00,6.9,0.0
2010-06-05 06:00:00,2.0,0.0
2010-06-05 12:00:00,7.8,0.0
2010-06-05 18:00:00,12.5,0.0
2010-06-06 00:00:00,9.6,0.0
2010-06-06 06:00:00,8.2,0.0
2010-06-06 12:00:00,6.8,0.0
2010-06-06 18:00:00,12.3,0.0
2010-06-07 00:00:00,6.7,0.0
2010-06-07 06:00:00,3.9,0.0
2010-06-07 12:00:00,1.9,0.2
2010-06-07 18:00:00,12.5,0.0
2010-06-08 00:00:00,6.6,0.0
2010-06-08 06:00:00,1.5,0.0
2010-06-08 12:00:00,1.5,0.0
2010-06-08 18:00:00,13.9,0.0
2010-06-09 00:00:00,5.7,0.0
2010-06-09 06:00:00,1.5,0.0
2010-06-09 12:00:00,7.0,0.0
2010-06-09 18:00:00,14.4,0.0
2010-06-10 00:00:00,8.8,0.0
2010-06-10 06:00:00,0.8,0.0
2010-06-10 12:00:00,3.6,0.0
2010-06-10 18:00:00,13.2,0.0
2010-06-11 00:00:00,10.0,0.0
2010-06-11 06:00:00,3.1,0.0
2010-06-11 12:00:00,3.1,0.0
2010-06-11 18:00:00,13.7,0.0
2010-06-12 00:00:00,8.9,0.0
2010-06-12 06:00:00,0.2,0.0
2010-06-12 12:00:00,-0.6,0.0
2010-06-12 18:00:00,16.0,0.0
2010-06-13 00:00:00,4.4,0.0
2010-06-13 06:00:00,0.2,0.0
2010-06-13 12:00:00,1.0,0.0
2010-06-13 18:00:00,16.7,0.0
2010-06-14 00:00:00,6.4,0.0
2010-06-14 06:00:00,2.5,0.0
2010-06-14 12:00:00,0.8,0.0
2010-06-14 18:00:00,15.6,0.0
2010-06-15 00:00:00,6.6,0.0
2010-06-15 06:00:00,3.1,0.0
2010-06-15 12:00:00,2.9,0.0
2010-06-15 18:00:00,13.5,0.0
2010-06-16 00:00:00,4.5,0.0
2010-06-16 06:00:00,2.4,0.0
2010-06-16 12:00:00,3.8,0.0
2010-06-16 18:00:00,17.6,0.0
2010-06-17 00:00:00,4.3,0.0
2010-06-17 06:00:00,2.3,0.0
2010-06-17 12:00:00,1.1,0.0
2010-06-17 18:00:00,15.9,0.0
2010-06-18 00:00:00,4.3,0.0
2010-06-18 06:00:00,1.5,0.0
2010-06-18 12:00:00,2.3,0.0
2010-06-18 18:00:00,16.8,0.0
2010-06-19 00:00:00,5.4,0.0
2010-06-19 06:00:00,4.9,0.0
2010-06-19 12:00:00,5.1,0.0
2010-06-19 18:00:00,10.5,0.2
2010-06-20 00:00:00,4.3,0.0
2010-06-20 06:00:00,2.1,0.0
2010-06-20 12:00:00,2.4,0.0
2010-06-20 18:00:00,13.6,0.0
2010-06-21 00:00:00,5.8,0.0
2010-06-21 06:00:00,2.9,0.0
2010-06-21 12:00:00,7.6,0.0
2010-06-21 18:00:00,17.0,0.0
2010-06-22 00:00:00,6.8,0.2
2010-06-22 06:00:00,2.8,0.0
2010-06-22 12:00:00,9.1,0.0
2010-06-22 18:00:00,16.2,0.0
2010-06-23 00:00:00,11.4,0.0
2010-06-23 06:00:00,4.1,0.0
2010-06-23 12:00:00,1.9,0.0
2010-06-23 18:00:00,17.8,0.0
2010-06-24 00:00:00,5.6,0.0
2010-06-24 06:00:00,2.3,0.0
2010-06-24 12:00:00,3.1,0.0
2010-06-24 18:00:00,16.9,0.0
2010-06-25 00:00:00,9.8,0.0
2010-06-25 06:00:00,2.6,0.0
2010-06-25 12:00:00,1.8,0.0
2010-06-25 18:00:00,12.6,0.0
2010-06-26 00:00:00,8.8,0.0
2010-06-26 06:00:00,6.6,0.0
2010-06-26 12:00:00,5.1,0.0
2010-06-26 18:00:00,12.6,0.0
2010-06-27 00:00:00,4.6,0.0
2010-06-27 06:00:00,0.9,0.0
2010-06-27 12:00:00,1.5,0.0
2010-06-27 18:00:00,12.2,0.0
2010-06-28 00:00:00,4.3,0.0
2010-06-28 06:00:00,1.4,0.0
2010-06-28 12:00:00,7.3,0.0
2010-06-28 18:00:00,16.0,0.0
2010-06-29 00:00:00,6.4,0.0
2010-06-29 06:00:00,2.6,0.0
2010-06-29 12:00:00,2.7,0.0
2010-06-29 18:00:00,12.9,0.0
2010-06-30 00:00:00,8.1,0.0
2010-06-30 06:00:00,4.1,0.0
2010-06-30 12:00:00,2.8,0.0
2010-06-30 18:00:00,12.6,0.0
2010-07-01 00:00:00,5.8,0.0
2010-07-01 06:00:00,1.6,0.0
2010-07-01 12:00:00,0.1,0.0
2010-07-01 18:00:00,12.6,0.0
2010-07-02 00:00:00,5.2,0.0
2010-07-02 06:00:00,1.3,0.0
2010-07-02 12:00:00,2.4,0.0
2010-07-02 18:00:00,17.0,0.0
2010-07-03 00:00:00,7.0,0.0
2010-07-03 06:00:00,1.3,0.0
2010-07-03 12:00:00,3.0,0.0
2010-07-03 18:00:00,16.2,0.0
2010-07-04 00:00:00,4.1,0.0
2010-07-04 06:00:00,0.3,0.0
2010-07-04 12:00:00,1.0,0.0
2010-07-04 18:00:00,15.5,0.0
2010-07-05 00:00:00,3.9,0.0
2010-07-05 06:00:00,2.2,0.0
2010-07-05 12:00:00,1.2,0.0
2010-07-05 18:00:00,16.7,0.0
2010-07-06 00:00:00,5.2,0.0
2010-07-06 06:00:00,3.0,0.0
2010-07-06 12:00:00,2.2,0.0
2010-07-06 18:00:00,16.8,0.0
2010-07-07 00:00:00,6.0,0.0
2010-07-07 06:00:00,3.7,0.0
2010-07-07 12:00:00,1.8,0.0
2010-07-07 18:00:00,16.4,0.0
2010-07-08 00:00:00,6.6,0.0
2010-07-08 06:00:00,1.8,0.0
2010-07-08 12:00:00,1.4,0.0
2010-07-08 18:00:00,16.6,0.0
2010-07-09 00:00:00,7.5,0.0
2010-07-09 06:00:00,2.1,0.0
2010-07-09 12:00:00,3.0,0.0
2010-07-09 18:00:00,18.5,0.0
2010-07-10 00:00:00,7.2,0.0
2010-07-10 06:00:00,6.2,0.0
2010-07-10 12:00:00,6.3,0.0
2010-07-10 18:00:00,10.5,0.0
2010-07-11 00:00:00,6.9,0.0
2010-07-11 06:00:00,3.2,0.0
2010-07-11 12:00:00,2.7,0.0
2010-07-11 18:00:00,13.7,0.0
2010-07-12 00:00:00,6.2,0.0
2010-07-12 06:00:00,2.3,0.0
2010-07-12 12:00:00,4.7,0.0
2010-07-12 18:00:00,16.3,0.0
2010-07-13 00:00:00,5.4,0.2
2010-07-13 06:00:00,3.3,0.0
2010-07-13 12:00:00,1.7,0.0
2010-07-13 18:00:00,11.0,0.0
2010-07-14 00:00:00,6.2,0.0
2010-07-14 06:00:00,4.7,0.0
2010-07-14 12:00:00,4.8,0.0
2010-07-14 18:00:00,8.6,0.0
2010-07-15 00:00:00,5.2,0.0
2010-07-15 06:00:00,4.8,0.0
2010-07-15 12:00:00,1.1,0.0
2010-07-15 18:00:00,14.8,0.0
2010-07-16 00:00:00,6.4,0.0
2010-07-16 06:00:00,2.2,0.0
2010-07-16 12:00:00,2.8,0.0
2010-07-16 18:00:00,16.3,0.0
2010-07-17 00:00:00,6.1,0.0
2010-07-17 06:00:00,4.4,0.0
2010-07-17 12:00:00,3.7,0.0
2010-07-17 18:00:00,12.7,0.0
2010-07-18 00:00:00,7.2,0.0
2010-07-18 06:00:00,2.1,0.0
2010-07-18 12:00:00,5.6,0.0
2010-07-18 18:00:00,13.8,0.0
2010-07-19 00:00:00,7.0,0.0
2010-07-19 06:00:00,3.4,0.0
2010-07-19 12:00:00,1.8,0.0
2010-07-19 18:00:00,19.3,0.0
2010-07-20 00:00:00,7.7,0.0
2010-07-20 06:00:00,2.4,0.0
2010-07-20 12:00:00,2.6,0.0
2010-07-20 18:00:00,17.2,0.0
2010-07-21 00:00:00,7.5,0.0
2010-07-21 06:00:00,2.6,0.0
2010-07-21 12:00:00,2.2,0.0
2010-07-21 18:00:00,17.4,0.0
2010-07-22 00:00:00,6.5,0.0
2010-07-22 06:00:00,2.7,0.0
2010-07-22 12:00:00,1.6,0.0
2010-07-22 18:00:00,16.3,0.0
2010-07-23 00:00:00,5.7,0.0
2010-07-23 06:00:00,1.0,0.0
2010-07-23 12:00:00,-0.8,0.0
2010-07-23 18:00:00,16.0,0.0
2010-07-24 00:00:00,10.4,0.0
2010-07-24 06:00:00,0.0,0.0
2010-07-24 12:00:00,-0.3,0.0
2010-07-24 18:00:00,16.2,0.0
2010-07-25 00:00:00,4.5,0.0
2010-07-25 06:00:00,1.1,0.0
2010-07-25 12:00:00,0.0,0.0
2010-07-25 18:00:00,17.5,0.0
2010-07-26 00:00:00,4.7,0.0
2010-07-26 06:00:00,-0.7,0.0
2010-07-26 12:00:00,-0.4,0.0
2010-07-26 18:00:00,17.7,0.0
2010-07-27 00:00:00,5.1,0.0
2010-07-27 06:00:00,2.3,0.0
2010-07-27 12:00:00,4.2,0.0
2010-07-27 18:00:00,19.0,0.0
2010-07-28 00:00:00,5.8,0.0
2010-07-28 06:00:00,3.2,0.0
2010-07-28 12:00:00,2.7,0.0
2010-07-28 18:00:00,14.4,0.0
2010-07-29 00:00:00,5.3,0.0
2010-07-29 06:00:00,0.9,0.0
2010-07-29 12:00:00,1.5,0.0
2010-07-29 18:00:00,17.5,0.0
2010-07-30 00:00:00,4.3,0.0
2010-07-30 06:00:00,2.0,0.0
2010-07-30 12:00:00,0.9,0.0
2010-07-30 18:00:00,15.0,0.0
2010-07-31 00:00:00,5.5,0.0
2010-07-31 06:00:00,0.8,0.0
2010-07-31 12:00:00,0.6,0.0
2010-07-31 18:00:00,17.2,0.0
2010-08-01 00:00:00,6.1,0.0
2010-08-01 06:00:00,4.5,0.0
2010-08-01 12:00:00,2.3,0.0
2010-08-01 18:00:00,15.3,0.0
2010-08-02 00:00:00,7.2,0.0
2010-08-02 06:00:00,1.1,0.0
2010-08-02 12:00:00,1.4,0.0
2010-08-02 18:00:00,14.9,0.0
2010-08-03 00:00:00,8.0,0.0
2010-08-03 06:00:00,3.7,0.0
2010-08-03 12:00:00,3.0,0.0
2010-08-03 18:00:00,17.3,0.0
2010-08-04 00:00:00,9.5,0.0
2010-08-04 06:00:00,3.9,0.0
2010-08-04 12:00:00,3.3,0.0
2010-08-04 18:00:00,18.2,0.0
2010-08-05 00:00:00,6.5,0.0
2010-08-05 06:00:00,-0.1,0.0
2010-08-05 12:00:00,4.7,0.0
2010-08-05 18:00:00,16.6,0.0
2010-08-06 00:00:00,10.6,0.0
2010-08-06 06:00:00,-1.2,0.0
2010-08-06 12:00:00,-1.9,0.0
2010-08-06 18:00:00,16.1,0.0
2010-08-07 00:00:00,7.3,0.0
2010-08-07 06:00:00,2.4,0.0
2010-08-07 12:00:00,3.4,0.0
2010-08-07 18:00:00,17.0,0.0
2010-08-08 00:00:00,6.7,0.0
2010-08-08 06:00:00,0.2,0.0
2010-08-08 12:00:00,2.6,0.0
2010-08-08 18:00:00,17.3,0.0
2010-08-09 00:00:00,7.8,0.0
2010-08-09 06:00:00,0.8,0.0
2010-08-09 12:00:00,-0.7,0.0
2010-08-09 18:00:00,16.3,0.0
2010-08-10 00:00:00,6.1,0.0
2010-08-10 06:00:00,0.0,0.0
2010-08-10 12:00:00,1.5,0.0
2010-08-10 18:00:00,15.9,0.0
2010-08-11 00:00:00,6.5,0.0
2010-08-11 06:00:00,1.6,0.0
2010-08-11 12:00:00,1.0,0.0
2010-08-11 18:00:00,14.1,0.0
2010-08-12 00:00:00,7.4,0.0
2010-08-12 06:00:00,1.3,0.0
2010-08-12 12:00:00,1.7,0.0
2010-08-12 18:00:00,17.4,0.0
2010-08-13 00:00:00,6.1,0.0
2010-08-13 06:00:00,2.1,0.0
2010-08-13 12:00:00,6.3,0.0
2010-08-13 18:00:00,11.5,0.0
2010-08-14 00:00:00,8.4,0.0
2010-08-14 06:00:00,0.3,0.0
2010-08-14 12:00:00,4.1,0.0
2010-08-14 18:00:00,16.6,0.0
2010-08-15 00:00:00,5.8,0.0
2010-08-15 06:00:00,1.9,0.0
2010-08-15 12:00:00,4.5,0.0
2010-08-15 18:00:00,16.5,0.0
2010-08-16 00:00:00,7.0,0.0
2010-08-16 06:00:00,3.7,0.0
2010-08-16 12:00:00,2.3,0.0
2010-08-16 18:00:00,17.7,0.0
2010-08-17 00:00:00,6.6,0.0
2010-08-17 06:00:00,0.9,0.0
2010-08-17 12:00:00,1.4,0.0
2010-08-17 18:00:00,18.6,0.0
2010-08-18 00:00:00,3.3,0.0
2010-08-18 06:00:00,2.1,0.0
2010-08-18 12:00:00,0.1,0.0
2010-08-18 18:00:00,20.0,0.0
2010-08-19 00:00:00,5.9,0.0
2010-08-19 06:00:00,1.1,0.0
2010-08-19 12:00:00,-0.7,0.0
2010-08-19 18:00:00,16.9,0.0
2010-08-20 00:00:00,4.0,0.0
2010-08-20 06:00:00,-0.6,0.0
2010-08-20 12:00:00,4.2,0.0
2010-08-20 18:00:00,15.2,0.0
2010-08-21 00:00:00,8.1,0.0
2010-08-21 06:00:00,1.0,0.0
2010-08-21 12:00:00,5.0,0.0
2010-08-21 18:00:00,16.2,0.0
2010-08-22 00:00:00,5.4,0.0
2010-08-22 06:00:00,2.6,0.0
2010-08-22 12:00:00,1.6,0.0
2010-08-22 18:00:00,17.4,0.0
2010-08-23 00:00:00,5.4,0.0
2010-08-23 06:00:00,1.8,0.0
2010-08-23 12:00:00,0.6,0.0
2010-08-23 18:00:00,18.8,0.0
2010-08-24 00:00:00,6.8,0.0
2010-08-24 06:00:00,1.2,0.0
2010-08-24 12:00:00,1.3,0.0
2010-08-24 18:00:00,18.1,0.0
2010-08-25 00:00:00,6.1,0.0
2010-08-25 06:00:00,1.3,0.0
2010-08-25 12:00:00,0.2,0.0
2010-08-25 18:00:00,18.0,0.0
2010-08-26 00:00:00,6.0,0.0
2010-08-26 06:00:00,1.5,0.0
2010-08-26 12:00:00,3.1,0.0
2010-08-26 18:00:00,19.8,0.0
2010-08-27 00:00:00,8.4,0.0
2010-08-27 06:00:00,2.3,0.0
2010-08-27 12:00:00,2.9,0.0
2010-08-27 18:00:00,17.6,0.0
2010-08-28 00:00:00,5.8,0.0
2010-08-28 06:00:00,4.4,0.0
2010-08-28 12:00:00,7.1,0.0
2010-08-28 18:00:00,15.1,0.0
2010-08-29 00:00:00,6.6,0.0
2010-08-29 06:00:00,4.5,0.0
2010-08-29 12:00:00,2.1,0.0
2010-08-29 18:00:00,18.4,0.0
2010-08-30 00:00:00,7.3,0.0
2010-08-30 06:00:00,4.2,0.0
2010-08-30 12:00:00,4.5,0.0
2010-08-30 18:00:00,18.2,0.0
2010-08-31 00:00:00,6.4,0.0
2010-08-31 06:00:00,5.3,0.0
2010-08-31 12:00:00,4.7,0.0
2010-08-31 18:00:00,10.0,0.0
2010-09-01 00:00:00,4.9,0.0
2010-09-01 06:00:00,2.3,0.0
2010-09-01 12:00:00,2.0,0.0
2010-09-01 18:00:00,11.4,0.0
2010-09-02 00:00:00,5.3,0.0
2010-09-02 06:00:00,3.0,0.0
2010-09-02 12:00:00,3.1,0.2
2010-09-02 18:00:00,15.1,0.0
2010-09-03 00:00:00,5.7,0.0
2010-09-03 06:00:00,4.6,0.0
2010-09-03 12:00:00,2.6,0.0
2010-09-03 18:00:00,13.3,0.0
2010-09-04 00:00:00,5.7,1.0
2010-09-04 06:00:00,3.1,0.0
2010-09-04 12:00:00,2.4,0.2
2010-09-04 18:00:00,13.6,0.0
2010-09-05 00:00:00,4.2,0.4
2010-09-05 06:00:00,3.7,0.0
2010-09-05 12:00:00,4.4,0.4
2010-09-05 18:00:00,11.3,0.0
2010-09-06 00:00:00,5.5,3.8
2010-09-06 06:00:00,4.6,0.0
2010-09-06 12:00:00,5.0,0.0
2010-09-06 18:00:00,13.0,0.0
2010-09-07 00:00:00,6.6,0.0
2010-09-07 06:00:00,5.0,0.2
2010-09-07 12:00:00,1.1,0.0
2010-09-07 18:00:00,17.7,0.0
2010-09-08 00:00:00,5.3,0.0
2010-09-08 06:00:00,6.6,0.0
2010-09-08 12:00:00,3.2,0.0
2010-09-08 18:00:00,15.3,0.0
2010-09-09 00:00:00,4.7,1.6
2010-09-09 06:00:00,2.2,0.0
2010-09-09 12:00:00,2.2,0.0
2010-09-09 18:00:00,16.3,0.0
2010-09-10 00:00:00,6.0,0.0
2010-09-10 06:00:00,0.9,0.0
2010-09-10 12:00:00,0.6,0.0
2010-09-10 18:00:00,17.7,0.0
2010-09-11 00:00:00,5.6,0.0
2010-09-11 06:00:00,2.4,0.0
2010-09-11 12:00:00,5.1,0.0
2010-09-11 18:00:00,16.8,0.0
2010-09-12 00:00:00,5.8,0.0
2010-09-12 06:00:00,1.8,0.0
2010-09-12 12:00:00,3.1,0.0
2010-09-12 18:00:00,17.2,0.0
2010-09-13 00:00:00,8.0,0.0
2010-09-13 06:00:00,2.1,0.0
2010-09-13 12:00:00,2.2,0.0
2010-09-13 18:00:00,16.9,0.0
2010-09-14 00:00:00,7.3,0.0
2010-09-14 06:00:00,3.8,0.0
2010-09-14 12:00:00,8.4,0.0
2010-09-14 18:00:00,14.6,0.0
2010-09-15 00:00:00,7.8,0.0
2010-09-15 06:00:00,5.3,0.0
2010-09-15 12:00:00,7.7,0.0
2010-09-15 18:00:00,16.4,0.0
2010-09-16 00:00:00,6.4,0.6
2010-09-16 06:00:00,1.5,0.0
2010-09-16 12:00:00,1.3,0.2
2010-09-16 18:00:00,16.6,0.0
2010-09-17 00:00:00,11.4,0.0
2010-09-17 06:00:00,-0.1,0.0
2010-09-17 12:00:00,3.9,0.0
2010-09-17 18:00:00,17.7,0.0
2010-09-18 00:00:00,10.5,0.0
2010-09-18 06:00:00,8.6,0.0
2010-09-18 12:00:00,8.0,0.0
2010-09-18 18:00:00,14.1,0.0
2010-09-19 00:00:00,8.9,0.0
2010-09-19 06:00:00,6.9,0.0
2010-09-19 12:00:00,6.7,0.0
2010-09-19 18:00:00,8.8,0.0
2010-09-20 00:00:00,7.5,0.0
2010-09-20 06:00:00,7.1,0.0
2010-09-20 12:00:00,2.1,0.0
2010-09-20 18:00:00,16.3,0.0
2010-09-21 00:00:00,5.7,0.0
2010-09-21 06:00:00,1.3,0.0
2010-09-21 12:00:00,0.2,0.0
2010-09-21 18:00:00,18.3,0.0
2010-09-22 00:00:00,5.8,0.0
2010-09-22 06:00:00,1.2,0.0
2010-09-22 12:00:00,0.2,0.0
2010-09-22 18:00:00,17.5,0.0
2010-09-23 00:00:00,6.9,0.0
2010-09-23 06:00:00,2.3,0.0
2010-09-23 12:00:00,2.7,0.0
2010-09-23 18:00:00,17.6,0.0
2010-09-24 00:00:00,6.9,0.0
2010-09-24 06:00:00,3.6,0.0
2010-09-24 12:00:00,4.0,0.0
2010-09-24 18:00:00,14.9,0.0
2011-02-09 18:00:00,7.6,0.4
2011-02-10 00:00:00,6.1,0.2
2011-02-10 06:00:00,4.8,0.0
2011-02-10 12:00:00,4.9,0.0
2011-02-10 18:00:00,10.3,0.0
2011-02-11 00:00:00,6.1,0.0
2011-02-11 06:00:00,5.2,0.0
2011-02-11 12:00:00,5.1,0.0
2011-02-11 18:00:00,10.1,0.0
2011-02-12 00:00:00,6.4,0.0
2011-02-12 06:00:00,5.6,0.0
2011-02-12 12:00:00,5.2,1.0
2011-02-12 18:00:00,7.3,0.2
2011-02-13 00:00:00,5.3,0.0
2011-02-13 06:00:00,3.8,0.0
2011-02-13 12:00:00,3.7,0.0
2011-02-13 18:00:00,13.8,0.0
2011-02-14 00:00:00,7.2,0.0
2011-02-14 06:00:00,5.7,0.0
2011-02-14 12:00:00,5.1,0.0
2011-02-14 18:00:00,10.3,0.0
2011-02-15 00:00:00,6.8,0.0
2011-02-15 06:00:00,3.4,0.0
2011-02-15 12:00:00,2.0,0.0
2011-02-15 18:00:00,12.8,0.0
2011-02-16 00:00:00,7.2,0.0
2011-02-16 06:00:00,1.1,0.0
2011-02-16 12:00:00,0.3,0.0
2011-02-16 18:00:00,16.3,0.0
2011-02-17 00:00:00,7.1,0.0
2011-02-17 06:00:00,2.1,0.0
2011-02-17 12:00:00,0.9,0.0
2011-02-17 18:00:00,11.7,0.0
2011-02-18 00:00:00,5.9,0.0
2011-02-18 06:00:00,3.3,0.0
2011-02-18 12:00:00,3.2,0.0
2011-02-18 18:00:00,10.8,0.0
2011-02-19 00:00:00,5.8,0.0
2011-02-19 06:00:00,2.6,0.0
2011-02-19 12:00:00,0.9,0.0
2011-02-19 18:00:00,14.9,0.0
2011-02-20 00:00:00,6.7,0.0
2011-02-20 06:00:00,3.1,0.0
2011-02-20 12:00:00,3.6,0.0
2011-02-20 18:00:00,8.4,0.0
2011-02-21 00:00:00,5.5,0.0
2011-02-21 06:00:00,3.5,0.0
2011-02-21 12:00:00,3.6,0.0
2011-02-21 18:00:00,13.3,0.0
2011-02-22 00:00:00,5.5,0.0
2011-02-22 06:00:00,3.4,0.2
2011-02-22 12:00:00,4.4,0.0
2011-02-22 18:00:00,14.2,0.0
2011-02-23 00:00:00,6.0,0.2
2011-02-23 06:00:00,5.4,0.0
2011-02-23 12:00:00,3.4,0.0
2011-02-23 18:00:00,7.1,0.2
2011-02-24 00:00:00,6.0,0.0
2011-02-24 06:00:00,4.6,0.0
2011-02-24 12:00:00,3.2,0.0
2011-03-18 18:00:00,14.074,0.0
2011-03-19 00:00:00,6.763,0.0
2011-03-19 06:00:00,5.719,0.2
2011-03-19 12:00:00,4.973,0.2
2011-03-19 18:00:00,12.775,0.0
2011-03-20 00:00:00,5.36,0.61
2011-03-20 06:00:00,4.688,0.0
2011-03-20 12:00:00,5.154,0.0
2011-03-20 18:00:00,7.242,3.2
2011-03-21 00:00:00,5.179,0.79
2011-03-21 06:00:00,5.231,0.0
2011-03-21 12:00:00,4.61,0.0
2011-03-21 18:00:00,11.977,0.0
2011-03-22 00:00:00,5.924,0.41
2011-03-22 06:00:00,5.565,0.2
2011-03-22 12:00:00,4.636,0.41
2011-03-22 18:00:00,7.569,0.61
2011-03-23 00:00:00,5.539,1.4
2011-03-23 06:00:00,4.999,0.0
2011-03-23 12:00:00,2.182,0.0
2011-03-23 18:00:00,17.605,0.0
2011-03-24 00:00:00,6.763,0.61
2011-03-24 06:00:00,6.382,0.0
2011-03-24 12:00:00,6.077,0.0
2011-03-24 18:00:00,12.389,0.0
2011-03-25 00:00:00,6.458,0.2
2011-03-25 06:00:00,6.153,0.41
2011-03-25 12:00:00,5.872,0.0
2011-03-25 18:00:00,9.213,0.0
2011-03-26 00:00:00,6.661,0.0
2011-03-26 06:00:00,6.204,0.0
2011-03-26 12:00:00,5.872,0.2
2011-03-26 18:00:00,16.249,0.0
2011-03-27 00:00:00,7.97,0.2
2011-03-27 06:00:00,4.298,0.0
2011-03-27 12:00:00,5.308,0.0
2011-03-27 18:00:00,15.986,0.0
2011-03-28 00:00:00,6.204,0.2
2011-03-28 06:00:00,4.063,0.0
2011-03-28 12:00:00,4.402,0.0
2011-03-28 18:00:00,14.792,0.0
2011-03-29 00:00:00,8.99,0.0
2011-03-29 06:00:00,6.357,0.0
2011-03-29 12:00:00,5.334,0.0
2011-03-29 18:00:00,15.39,0.0
2011-03-30 00:00:00,6.965,0.0
2011-03-30 06:00:00,5.975,0.2
2011-03-30 12:00:00,5.282,1.4
2011-03-30 18:00:00,8.792,0.0
2011-03-31 00:00:00,6.788,1.4
2011-03-31 06:00:00,3.512,0.0
2011-03-31 12:00:00,5.231,0.0
2011-03-31 18:00:00,14.457,0.0
2011-04-01 00:00:00,6.788,0.0
2014-06-29 18:00:00,14.3,0.0
2014-06-30 00:00:00,6.5,0.0
2014-06-30 06:00:00,4.5,0.0
2014-06-30 12:00:00,2.0,0.0
2014-06-30 18:00:00,13.8,0.0
2014-07-01 00:00:00,6.5,0.0
2014-07-01 06:00:00,3.6,0.0
2014-07-01 12:00:00,2.3,0.0
2014-07-01 18:00:00,12.4,0.0
2014-07-02 00:00:00,5.8,0.0
2014-07-02 06:00:00,3.9,0.0
2014-07-02 12:00:00,0.8,0.0
2014-07-02 18:00:00,12.1,0.0
2014-07-03 00:00:00,7.0,0.0
2014-07-03 06:00:00,4.7,0.0
2014-07-03 12:00:00,2.0,0.0
2014-07-03 18:00:00,12.5,0.0
2014-07-04 00:00:00,4.3,0.0
2014-07-04 06:00:00,2.5,0.0
2014-07-04 12:00:00,2.1,0.0
2014-07-04 18:00:00,11.9,0.0
2014-07-05 00:00:00,5.5,0.0
2014-07-05 06:00:00,5.2,0.0
2014-07-05 12:00:00,3.6,0.0
2014-07-05 18:00:00,16.3,0.0
2014-07-06 00:00:00,8.1,0.0
2014-07-06 06:00:00,4.4,0.0
2014-07-06 12:00:00,3.2,0.0
2014-07-06 18:00:00,11.6,0.0
2014-07-07 00:00:00,6.7,0.0
2014-07-07 06:00:00,2.4,0.0
2014-07-07 12:00:00,6.5,0.0
2014-07-07 18:00:00,15.8,0.0
2014-07-08 00:00:00,6.1,0.0
2014-07-08 06:00:00,6.8,0.0
2014-07-08 12:00:00,6.2,0.0
2014-07-08 18:00:00,18.4,0.0
2014-07-09 00:00:00,9.6,0.0
2014-07-09 06:00:00,8.2,0.0
2014-07-09 12:00:00,7.3,0.0
2014-07-09 18:00:00,14.2,0.0
2014-07-10 00:00:00,10.5,0.0
2014-07-10 06:00:00,4.7,0.0
2014-07-10 12:00:00,4.6,0.0
2014-07-10 18:00:00,16.8,0.0
2014-07-11 00:00:00,10.1,0.0
2014-07-11 06:00:00,3.9,0.0
2014-07-11 12:00:00,1.0,0.0
2014-07-11 18:00:00,17.4,0.0
2014-07-12 00:00:00,9.0,0.0
2014-07-12 06:00:00,3.6,0.0
2014-07-12 12:00:00,2.3,0.0
2014-07-12 18:00:00,16.8,0.0
2014-07-13 00:00:00,10.0,0.0
2014-07-13 06:00:00,2.5,0.0
2014-07-13 12:00:00,6.0,0.0
2014-07-13 18:00:00,15.4,0.0
2014-07-14 00:00:00,8.7,0.0
2014-07-14 06:00:00,4.4,0.0
2014-07-14 12:00:00,8.8,0.0
2014-07-14 18:00:00,16.1,0.0
2014-07-15 00:00:00,9.9,0.0
2014-07-15 06:00:00,9.4,0.0
2014-07-15 12:00:00,8.5,0.0
2014-07-15 18:00:00,15.0,0.0
2014-07-16 00:00:00,9.6,0.0
2014-07-16 06:00:00,8.3,0.0
2014-07-16 12:00:00,7.0,0.0
2014-07-16 18:00:00,14.9,0.0
2014-07-17 00:00:00,9.2,0.0
2014-07-17 06:00:00,6.9,0.0
2014-07-17 12:00:00,5.8,0.0
2014-07-17 18:00:00,15.9,0.0
2014-07-18 00:00:00,8.3,0.0
2014-07-18 06:00:00,6.3,0.0
2014-07-18 12:00:00,6.6,0.0
2014-07-18 18:00:00,14.0,0.0
2014-07-19 00:00:00,8.8,0.0
2014-07-19 06:00:00,7.4,0.0
2014-07-19 12:00:00,6.6,0.0
2014-07-19 18:00:00,10.9,0.0
2014-07-20 00:00:00,8.8,0.0
2014-07-20 06:00:00,4.9,0.0
2014-07-20 12:00:00,2.7,0.0
2014-07-20 18:00:00,11.8,0.0
2014-07-21 00:00:00,5.1,0.0
2014-07-21 06:00:00,2.4,0.0
2014-07-21 12:00:00,1.0,0.0
2014-07-21 18:00:00,13.7,0.0
2014-07-22 00:00:00,4.2,0.0
2014-07-22 06:00:00,3.2,0.0
2014-07-22 12:00:00,0.8,0.0
2014-07-22 18:00:00,14.8,0.0
2014-07-23 00:00:00,5.1,0.0
2014-07-23 06:00:00,2.9,0.0
2014-07-23 12:00:00,1.3,0.0
2014-07-23 18:00:00,16.2,0.0
2014-07-24 00:00:00,6.0,0.0
2014-07-24 06:00:00,0.7,0.0
2014-07-24 12:00:00,6.4,0.0
2014-07-24 18:00:00,15.2,0.0
2014-07-25 00:00:00,9.8,0.0
2014-07-25 06:00:00,8.2,0.0
2014-07-25 12:00:00,7.1,0.0
2014-07-25 18:00:00,14.0,0.0
2014-07-26 00:00:00,6.6,0.0
2014-07-26 06:00:00,4.5,0.0
2014-07-26 12:00:00,1.6,0.0
2014-07-26 18:00:00,13.3,0.0
2014-07-27 00:00:00,7.1,0.0
2014-07-27 06:00:00,4.8,0.0
2014-07-27 12:00:00,3.1,0.0
2014-07-27 18:00:00,16.8,0.0
2014-07-28 00:00:00,7.7,0.0
2014-07-28 06:00:00,4.8,0.8
2014-07-28 12:00:00,2.9,0.0
2014-07-28 18:00:00,8.8,0.0
2014-07-29 00:00:00,7.3,0.0
2014-07-29 06:00:00,6.5,0.0
2014-07-29 12:00:00,4.8,0.0
2014-07-29 18:00:00,14.5,0.0
2014-07-30 00:00:00,9.7,0.0
2014-07-30 06:00:00,1.5,0.0
2014-07-30 12:00:00,2.0,0.0
2014-07-30 18:00:00,15.8,0.0
2014-07-31 00:00:00,10.0,0.0
2014-07-31 06:00:00,3.0,0.0
2014-07-31 12:00:00,1.9,0.0
2014-07-31 18:00:00,16.7,0.0
2014-08-01 00:00:00,9.0,0.0
2014-08-01 06:00:00,0.9,0.0
2014-08-01 12:00:00,0.9,0.0
2014-08-01 18:00:00,16.4,0.0
2014-08-02 00:00:00,10.5,0.0
2014-08-02 06:00:00,1.3,0.0
2014-08-02 12:00:00,1.2,0.0
2014-08-02 18:00:00,13.5,0.0
2014-08-03 00:00:00,8.2,0.0
2014-08-03 06:00:00,7.5,0.0
2014-08-03 12:00:00,8.5,0.0
2014-08-03 18:00:00,14.8,0.0
2014-08-04 00:00:00,3.9,0.0
2014-08-04 06:00:00,0.9,0.0
2014-08-04 12:00:00,0.4,0.0
2014-08-04 18:00:00,18.2,0.0
2014-08-05 00:00:00,4.0,0.0
2014-08-05 06:00:00,2.9,0.0
2014-08-05 12:00:00,3.2,0.0
2014-08-05 18:00:00,14.6,0.0
2014-08-06 00:00:00,4.7,0.0
2014-08-06 06:00:00,2.7,0.0
2014-08-06 12:00:00,1.3,0.0
2014-08-06 18:00:00,17.5,0.0
2014-08-07 00:00:00,6.1,0.0
2014-08-07 06:00:00,4.5,0.0
2014-08-07 12:00:00,2.1,0.0
2014-08-07 18:00:00,15.4,0.0
2014-08-08 00:00:00,7.5,0.0
2014-08-08 06:00:00,7.6,0.0
2014-08-08 12:00:00,2.9,0.0
2014-08-08 18:00:00,11.9,0.0
2014-08-09 00:00:00,6.9,0.0
2014-08-09 06:00:00,4.3,0.2
2014-08-09 12:00:00,4.1,0.0
2014-08-09 18:00:00,13.6,0.0
2014-08-10 00:00:00,7.7,0.0
2014-08-10 06:00:00,4.2,0.0
2014-08-10 12:00:00,3.5,0.0
2014-08-10 18:00:00,16.7,0.0
2014-08-11 00:00:00,6.1,0.0
2014-08-11 06:00:00,2.7,0.0
2014-08-11 12:00:00,0.5,0.0
2014-08-11 18:00:00,13.6,0.0
2014-08-12 00:00:00,9.3,0.0
2014-08-12 06:00:00,2.4,0.0
2014-08-12 12:00:00,0.9,0.0
2014-08-12 18:00:00,14.7,0.0
2014-08-13 00:00:00,9.3,0.0
2014-08-13 06:00:00,5.0,0.0
2014-08-13 12:00:00,5.7,0.0
2014-08-13 18:00:00,11.1,0.0
2014-08-14 00:00:00,7.4,0.0
2014-08-14 06:00:00,6.8,0.0
2014-08-14 12:00:00,5.9,0.0
2014-08-14 18:00:00,16.4,0.0
2014-08-15 00:00:00,9.7,0.0
2014-08-15 06:00:00,7.1,0.0
2014-08-15 12:00:00,7.8,0.0
2014-08-15 18:00:00,10.7,0.0
2014-08-16 00:00:00,8.7,0.0
2014-08-16 06:00:00,7.7,0.0
2014-08-16 12:00:00,7.7,0.0
2014-08-16 18:00:00,15.6,0.0
2014-08-17 00:00:00,9.5,0.0
2014-08-17 06:00:00,7.2,0.0
2014-08-17 12:00:00,6.9,0.0
2014-08-17 18:00:00,16.4,0.0
2014-08-18 00:00:00,9.3,0.0
2014-08-18 06:00:00,6.5,0.0
2014-08-18 12:00:00,-0.3,0.0
2014-08-18 18:00:00,16.3,0.0
2014-08-19 00:00:00,6.7,0.0
2014-08-19 06:00:00,3.4,0.0
2014-08-19 12:00:00,3.9,0.0
2014-08-19 18:00:00,15.9,0.0
2014-08-20 00:00:00,8.9,0.0
2014-08-20 06:00:00,-0.1,0.0
2014-08-20 12:00:00,-1.3,0.0
2014-08-20 18:00:00,15.6,0.0
2014-08-21 00:00:00,9.0,0.0
2014-08-21 06:00:00,-0.2,0.0
2014-08-21 12:00:00,-1.6,0.0
2014-08-21 18:00:00,16.7,0.0
2014-08-22 00:00:00,4.5,0.0
2014-08-22 06:00:00,-0.8,0.0
2014-08-22 12:00:00,-0.5,0.0
2014-08-22 18:00:00,17.7,0.0
2014-08-23 00:00:00,4.1,0.0
2014-08-23 06:00:00,-0.1,0.0
2014-08-23 12:00:00,-1.6,0.0
2014-08-23 18:00:00,18.6,0.0
2014-08-24 00:00:00,5.3,0.0
2014-08-24 06:00:00,-0.1,0.0
2014-08-24 12:00:00,0.8,0.0
2014-08-24 18:00:00,16.4,0.0
2014-08-25 00:00:00,4.4,0.0
2014-08-25 06:00:00,0.1,0.0
2014-08-25 12:00:00,-0.5,0.0
2014-08-25 18:00:00,16.8,0.0
2014-08-26 00:00:00,5.8,0.0
2014-08-26 06:00:00,1.6,0.0
2014-08-26 12:00:00,4.4,0.0
2014-08-26 18:00:00,10.5,0.0
2014-08-27 00:00:00,3.3,0.0
2014-08-27 06:00:00,3.9,0.0
2014-08-27 12:00:00,3.3,0.0
2014-08-27 18:00:00,13.5,0.0
2014-08-28 00:00:00,5.8,0.0
2014-08-28 06:00:00,3.4,0.0
2014-08-28 12:00:00,4.8,0.0
2014-08-28 18:00:00,14.8,0.0
2014-08-29 00:00:00,6.6,0.0
2014-08-29 06:00:00,4.7,0.0
2014-08-29 12:00:00,7.1,0.0
2014-08-29 18:00:00,12.9,0.0
2014-08-30 00:00:00,7.7,0.0
2014-08-30 06:00:00,6.2,0.0
2014-08-30 12:00:00,6.6,0.0
2014-08-30 18:00:00,13.1,0.0
2014-08-31 00:00:00,9.5,0.0
2014-08-31 06:00:00,5.5,0.0
2014-08-31 12:00:00,6.3,0.0
2014-08-31 18:00:00,16.4,0.0
2014-09-01 00:00:00,9.1,0.0
2014-09-01 06:00:00,1.5,0.0
2014-09-01 12:00:00,5.8,0.0
2014-09-01 18:00:00,16.1,0.0
2014-09-02 00:00:00,9.4,0.0
2014-09-02 06:00:00,1.4,0.0
2014-09-02 12:00:00,1.2,0.0
2014-09-02 18:00:00,17.8,0.0
2014-09-03 00:00:00,7.1,0.0
2014-09-03 06:00:00,2.1,0.0
2014-09-03 12:00:00,2.5,0.0
2014-09-03 18:00:00,18.5,0.0
2014-09-04 00:00:00,5.7,0.0
2014-09-04 06:00:00,1.5,0.0
2014-09-04 12:00:00,4.8,0.0
2014-09-04 18:00:00,15.7,0.0
2014-09-05 00:00:00,5.0,0.0
2014-09-05 06:00:00,-0.1,0.0
2014-09-05 12:00:00,1.5,0.0
2014-09-05 18:00:00,13.5,0.0
2014-09-06 00:00:00,8.1,0.0
2014-09-06 06:00:00,2.4,0.0
2014-09-06 12:00:00,3.5,0.0
2014-09-06 18:00:00,15.2,0.0
2014-09-07 00:00:00,9.5,0.0
2014-09-07 06:00:00,1.0,0.0
2014-09-07 12:00:00,6.4,0.0
2014-09-07 18:00:00,15.3,0.0
2014-09-08 00:00:00,9.6,0.0
2014-09-08 06:00:00,8.6,0.0
2014-09-08 12:00:00,7.2,0.0
2014-09-08 18:00:00,15.8,0.0
2014-09-09 00:00:00,10.3,0.0
2014-09-09 06:00:00,4.6,0.0
2014-09-09 12:00:00,8.5,0.0
2014-09-09 18:00:00,15.6,0.0
2014-09-10 00:00:00,8.9,0.0
2014-09-10 06:00:00,1.5,0.0
2014-09-10 12:00:00,2.1,0.0
2014-09-10 18:00:00,15.8,0.0
2014-09-11 00:00:00,6.1,0.0
2014-09-11 06:00:00,3.9,0.0
2014-09-11 12:00:00,2.3,0.0
2014-09-11 18:00:00,15.7,0.0
2014-09-12 00:00:00,7.2,0.0
2014-09-12 06:00:00,4.6,0.0
2014-09-12 12:00:00,4.1,0.0
2014-09-12 18:00:00,15.7,0.0
2014-09-13 00:00:00,6.9,0.0
2014-09-13 06:00:00,5.3,0.0
2014-09-13 12:00:00,5.4,0.0
2014-09-13 18:00:00,16.5,0.0
2014-09-14 00:00:00,3.8,0.0
2014-09-14 06:00:00,4.7,0.0
2014-09-14 12:00:00,5.0,0.2
2014-09-14 18:00:00,12.2,0.0
2014-09-15 00:00:00,6.6,0.0
2014-09-15 06:00:00,5.7,0.2
2014-09-15 12:00:00,3.2,0.0
2014-09-15 18:00:00,11.4,0.0
2014-09-16 00:00:00,5.9,1.6
2014-09-16 06:00:00,3.9,0.2
2014-09-16 12:00:00,5.2,0.0
2014-09-16 18:00:00,15.5,0.0
2014-09-17 00:00:00,5.2,0.4
2014-09-17 06:00:00,4.1,1.2
2014-09-17 12:00:00,5.4,0.0
2014-09-17 18:00:00,12.5,0.0
2014-09-18 00:00:00,3.6,0.0
2014-09-18 06:00:00,1.5,0.0
2014-09-18 12:00:00,3.8,0.0
2014-09-18 18:00:00,14.3,0.0
2014-09-19 00:00:00,6.0,0.0
2014-09-19 06:00:00,3.6,0.0
2014-09-19 12:00:00,3.8,0.0
2014-09-19 18:00:00,17.4,0.0
2014-09-20 00:00:00,6.2,0.0
2014-09-20 06:00:00,1.9,0.0
2014-09-20 12:00:00,1.6,0.0
2014-09-20 18:00:00,17.1,0.0
2014-09-21 00:00:00,7.0,0.0
2014-09-21 06:00:00,5.1,0.0
2014-09-21 12:00:00,5.4,0.0
2014-09-21 18:00:00,14.8,0.0
2014-09-22 00:00:00,6.4,0.0
2014-09-22 06:00:00,5.3,0.0
2014-09-22 12:00:00,5.1,0.0
2014-09-22 18:00:00,14.4,0.0
2014-09-23 00:00:00,5.9,0.4
2014-09-23 06:00:00,4.9,0.0
2014-09-23 12:00:00,5.0,0.0
2014-09-23 18:00:00,14.6,0.0
2014-09-24 00:00:00,6.5,0.0
2014-09-24 06:00:00,4.7,0.0
2014-09-24 12:00:00,4.8,0.0
2014-09-24 18:00:00,14.5,0.0
2014-09-25 00:00:00,5.4,0.0
2014-09-25 06:00:00,5.2,0.0
2014-09-25 12:00:00,5.4,0.0
2014-09-25 18:00:00,17.6,0.0
2014-09-26 00:00:00,7.0,0.0
2014-09-26 06:00:00,4.8,1.8
2014-09-26 12:00:00,4.8,0.0
2014-09-26 18:00:00,16.4,0.0
2014-09-27 00:00:00,6.0,0.0
2014-09-27 06:00:00,3.3,0.0
2014-09-27 12:00:00,5.6,0.0
2014-09-27 18:00:00,17.2,0.0
2014-09-28 00:00:00,8.5,0.0
2014-09-28 06:00:00,4.7,0.0
2014-09-28 12:00:00,6.6,0.0
2014-09-28 18:00:00,12.7,0.0
2014-09-29 00:00:00,5.8,0.0
2014-09-29 06:00:00,5.3,0.0
2014-09-29 12:00:00,3.7,0.0
2014-09-29 18:00:00,13.4,0.0
2014-09-30 00:00:00,8.9,0.0
2014-09-30 06:00:00,5.1,0.4
2014-09-30 12:00:00,7.7,0.0
2014-09-30 18:00:00,17.0,0.0
2014-10-01 00:00:00,9.8,0.0
2014-10-01 06:00:00,7.9,0.0
2014-10-01 12:00:00,8.2,0.0
2014-10-01 18:00:00,16.5,0.0
2014-10-02 00:00:00,9.3,0.0
2014-10-02 06:00:00,9.0,0.0
2014-10-02 12:00:00,7.7,0.0
2014-10-02 18:00:00,14.3,0.0
2014-10-03 00:00:00,9.4,0.0
2014-10-03 06:00:00,2.1,0.0
2014-10-03 12:00:00,3.5,0.0
2014-10-03 18:00:00,16.1,0.0
2014-10-04 00:00:00,9.5,0.0
2014-10-04 06:00:00,4.0,0.0
2014-10-04 12:00:00,2.6,0.0
2014-10-04 18:00:00,19.0,0.0
2014-10-05 00:00:00,7.2,0.0
2014-10-05 06:00:00,4.4,0.0
2014-10-05 12:00:00,7.5,0.0
2014-10-05 18:00:00,17.0,0.0
2014-10-06 00:00:00,7.3,0.0
2014-10-06 06:00:00,3.4,0.0
2014-10-06 12:00:00,5.7,1.0
2014-10-06 18:00:00,11.5,0.0
2014-10-07 00:00:00,7.7,0.0
2014-10-07 06:00:00,5.6,0.2
2014-10-07 12:00:00,3.6,0.2
2014-10-07 18:00:00,16.8,0.0
2014-10-08 00:00:00,6.3,0.0
2014-10-08 06:00:00,5.8,0.0
2014-10-08 12:00:00,6.2,0.0
2014-10-08 18:00:00,13.6,0.0
2014-10-09 00:00:00,5.8,0.0
2014-10-09 06:00:00,5.1,0.2
2014-10-09 12:00:00,5.3,0.0
2014-10-09 18:00:00,12.8,0.0
2014-10-10 00:00:00,7.3,0.0
2014-10-10 06:00:00,5.4,0.2
2014-10-10 12:00:00,3.9,0.0
2014-10-10 18:00:00,14.8,0.0
2014-10-11 00:00:00,7.7,0.0
2014-10-11 06:00:00,6.6,0.0
2014-10-11 12:00:00,4.2,0.0
2014-10-11 18:00:00,15.1,0.0
2014-10-12 00:00:00,7.8,0.0
2014-10-12 06:00:00,7.9,0.0
2014-10-12 12:00:00,8.2,0.0
2014-10-12 18:00:00,12.8,0.0
2014-10-13 00:00:00,7.9,0.0
2014-10-13 06:00:00,7.3,0.0
2014-10-13 12:00:00,6.3,0.0
2014-10-13 18:00:00,11.0,0.0
2014-10-14 00:00:00,7.7,0.0
2014-10-14 06:00:00,7.5,0.0
2014-10-14 12:00:00,6.7,0.0
2014-10-14 18:00:00,14.3,0.0
2014-10-15 00:00:00,9.2,0.0
2014-10-15 06:00:00,8.2,0.0
2014-10-15 12:00:00,8.1,0.0
2014-10-15 18:00:00,13.2,0.0
2014-10-16 00:00:00,8.7,0.0
2014-10-16 06:00:00,7.0,0.0
2014-10-16 12:00:00,6.6,0.0
2014-10-16 18:00:00,11.9,0.0
2014-10-17 00:00:00,8.5,0.0
2014-10-17 06:00:00,7.2,0.0
2014-10-17 12:00:00,7.3,0.0
2014-10-17 18:00:00,16.8,0.0
2014-10-18 00:00:00,5.9,0.2
2014-10-18 06:00:00,2.6,0.0
2014-10-18 12:00:00,3.7,0.0
2014-10-18 18:00:00,18.8,0.0
2014-10-19 00:00:00,6.4,0.0
2014-10-19 06:00:00,3.4,0.0
2014-10-19 12:00:00,5.3,0.0
2014-10-19 18:00:00,12.7,0.0
2014-10-20 00:00:00,6.6,0.0
2014-10-20 06:00:00,5.3,0.6
2014-10-20 12:00:00,4.7,0.0
2014-10-20 18:00:00,13.7,0.0
2014-10-21 00:00:00,6.2,0.0
2014-10-21 06:00:00,4.7,0.0
2014-10-21 12:00:00,4.8,0.0
2014-10-21 18:00:00,12.4,0.0
2014-10-22 00:00:00,6.4,0.0
2014-10-22 06:00:00,5.5,0.0
2014-10-22 12:00:00,6.0,0.0
2014-10-22 18:00:00,15.8,0.0
2014-10-23 00:00:00,7.6,0.0
2014-10-23 06:00:00,6.1,0.0
2014-10-23 12:00:00,6.6,0.0
2014-10-23 18:00:00,16.6,0.0
2014-10-24 00:00:00,6.8,0.0
2014-10-24 06:00:00,5.8,0.4
2014-10-24 12:00:00,3.5,0.0
2014-10-24 18:00:00,14.5,0.0
2014-10-25 00:00:00,6.6,0.0
2014-10-25 06:00:00,5.8,0.0
2014-10-25 12:00:00,4.7,0.0
2014-10-25 18:00:00,5.6,0.2
2014-10-26 00:00:00,5.3,0.2
2014-10-26 06:00:00,3.8,0.0
2014-10-26 12:00:00,3.2,0.0
2014-10-26 18:00:00,13.5,0.0
2014-10-27 00:00:00,7.2,0.0
2014-10-27 06:00:00,4.9,0.0
2014-10-27 12:00:00,4.2,0.0
2014-10-27 18:00:00,16.6,0.0
2014-10-28 00:00:00,6.4,0.0
2014-10-28 06:00:00,5.3,0.0
2014-10-28 12:00:00,5.1,0.0
2014-10-28 18:00:00,12.7,0.0
2014-10-29 00:00:00,5.8,0.0
2014-10-29 06:00:00,4.2,0.0
2014-10-29 12:00:00,4.7,0.0
2014-10-29 18:00:00,9.1,0.0
2014-10-30 00:00:00,5.6,0.0
2014-10-30 06:00:00,2.4,0.0
2014-10-30 12:00:00,2.5,0.0
2014-10-30 18:00:00,14.8,0.0
2014-10-31 00:00:00,7.1,0.0
2014-10-31 06:00:00,2.6,0.0
2014-10-31 12:00:00,1.1,0.0
2014-10-31 18:00:00,9.5,0.0
2014-11-01 00:00:00,6.0,0.0
2014-11-01 06:00:00,0.5,0.0
2014-11-01 12:00:00,5.9,0.0
2014-11-01 18:00:00,16.1,0.0
2014-11-02 00:00:00,6.4,0.0
2015-08-23 00:00:00,5.9,0.0
2015-08-23 06:00:00,2.0,0.0
2015-08-23 12:00:00,6.4,0.0
2015-08-23 18:00:00,18.7,0.0
2015-08-24 00:00:00,6.8,0.0
2015-08-24 06:00:00,2.0,0.0
2015-08-24 12:00:00,6.0,0.0
2015-08-24 18:00:00,19.2,0.0
2015-08-25 00:00:00,6.8,0.0
2015-08-25 06:00:00,3.1,0.0
2015-08-25 12:00:00,2.6,0.0
2015-08-25 18:00:00,18.3,0.0
2015-08-26 00:00:00,8.2,0.0
2015-08-26 06:00:00,2.3,0.0
2015-08-26 12:00:00,1.6,0.0
2015-08-26 18:00:00,18.0,0.0
2015-08-27 00:00:00,7.1,0.0
2015-08-27 06:00:00,4.7,0.0
2015-08-27 12:00:00,3.0,0.0
2015-08-27 18:00:00,14.0,0.0
2015-08-28 00:00:00,6.2,0.0
2015-08-28 06:00:00,8.5,0.0
2015-08-28 12:00:00,7.7,0.0
2015-08-28 18:00:00,11.6,0.0
2015-08-29 00:00:00,10.1,0.0
2015-08-29 06:00:00,8.5,0.0
2015-08-29 12:00:00,8.2,0.0
2015-08-29 18:00:00,17.0,0.0
2015-08-30 00:00:00,10.3,0.0
2015-08-30 06:00:00,3.7,0.0
2015-08-30 12:00:00,0.8,0.0
2015-08-30 18:00:00,17.1,0.0
2015-08-31 00:00:00,9.2,0.0
2015-08-31 06:00:00,3.8,0.0
2015-08-31 12:00:00,7.4,0.0
2015-08-31 18:00:00,18.6,0.0
2015-09-01 00:00:00,7.0,0.0
2015-09-01 06:00:00,7.8,0.0
2015-09-01 12:00:00,7.1,0.0
2015-09-01 18:00:00,16.9,0.0
2015-09-02 00:00:00,9.0,0.0
2015-09-02 06:00:00,8.1,0.0
2015-09-02 12:00:00,6.9,0.0
2015-09-02 18:00:00,16.9,0.0
2015-09-03 00:00:00,8.7,0.0
2015-09-03 06:00:00,7.2,0.0
2015-09-03 12:00:00,5.9,0.0
2015-09-03 18:00:00,16.4,0.0
2015-09-04 00:00:00,7.2,0.0
2015-09-04 06:00:00,1.9,0.0
2015-09-04 12:00:00,7.8,0.0
2015-09-04 18:00:00,14.3,0.0
2015-09-05 00:00:00,9.4,0.0
2015-09-05 06:00:00,5.7,0.0
2015-09-05 12:00:00,5.0,0.0
2015-09-05 18:00:00,17.0,0.0
2015-09-06 00:00:00,7.3,0.0
2015-09-06 06:00:00,1.1,0.0
2015-09-06 12:00:00,1.1,0.0
2015-09-06 18:00:00,20.1,0.0
2015-09-07 00:00:00,7.8,0.0
2015-09-07 06:00:00,3.5,0.0
2015-09-07 12:00:00,2.2,0.0
2015-09-07 18:00:00,18.9,0.0
2015-09-08 00:00:00,8.0,0.0
2015-09-08 06:00:00,4.8,0.0
2015-09-08 12:00:00,3.0,0.0
2015-09-08 18:00:00,18.4,0.0
2015-09-09 00:00:00,7.3,0.0
2015-09-09 06:00:00,5.1,0.3
2015-09-09 12:00:00,5.2,0.2
2015-09-09 18:00:00,12.8,0.0
2015-09-10 00:00:00,6.8,0.0
2015-09-10 06:00:00,4.7,0.0
2015-09-10 12:00:00,3.0,0.0
2015-09-10 18:00:00,17.3,0.0
2015-09-11 00:00:00,6.2,0.0
2015-09-11 06:00:00,3.2,0.0
2015-09-11 12:00:00,3.2,0.0
2015-09-11 18:00:00,18.9,0.0
2015-09-12 00:00:00,7.1,0.0
2015-09-12 06:00:00,2.4,0.0
2015-09-12 12:00:00,5.1,0.0
2015-09-12 18:00:00,20.5,0.0
2015-09-13 00:00:00,7.8,0.0
2015-09-13 06:00:00,4.1,0.0
2015-09-13 12:00:00,8.7,0.0
2015-09-13 18:00:00,17.0,0.0
2015-09-14 00:00:00,11.5,0.0
2015-09-14 06:00:00,4.0,0.0
2015-09-14 12:00:00,8.5,0.0
2015-09-14 18:00:00,17.4,0.0
2015-09-15 00:00:00,10.8,0.0
2015-09-15 06:00:00,3.2,0.0
2015-09-15 12:00:00,1.2,0.0
2015-09-15 18:00:00,18.9,0.0
2015-09-16 00:00:00,10.6,0.0
2015-09-16 06:00:00,1.9,0.0
2015-09-16 12:00:00,1.1,0.0
2015-09-16 18:00:00,19.2,0.0
2015-09-17 00:00:00,8.0,0.0
2015-09-17 06:00:00,3.5,0.0
2015-09-17 12:00:00,4.2,0.0
2015-09-17 18:00:00,18.0,0.0
2015-09-18 00:00:00,6.9,0.0
2015-09-18 06:00:00,3.4,0.0
2015-09-18 12:00:00,7.5,0.0
2015-09-18 18:00:00,18.0,0.0
2015-09-19 00:00:00,7.0,0.0
2015-09-19 06:00:00,5.2,0.0
2015-09-19 12:00:00,7.5,0.0
2015-09-19 18:00:00,19.0,0.0
2015-09-20 00:00:00,9.4,0.0
2015-09-20 06:00:00,6.8,0.0
2015-09-20 12:00:00,7.9,0.0
2015-09-20 18:00:00,15.1,0.0
2015-09-21 00:00:00,7.9,0.0
2015-09-21 06:00:00,2.4,0.0
2015-09-21 12:00:00,6.9,0.1
2015-09-21 18:00:00,18.7,0.0
2015-09-22 00:00:00,8.1,0.0
2015-09-22 06:00:00,4.1,0.0
2015-09-22 12:00:00,3.5,0.0
2015-09-22 18:00:00,16.1,0.0
2015-09-23 00:00:00,8.2,0.0
2015-09-23 06:00:00,3.8,0.0
2015-09-23 12:00:00,7.1,0.0
2015-09-23 18:00:00,18.4,0.0
2015-09-24 00:00:00,7.0,0.0
2015-09-24 06:00:00,5.6,0.3
2015-09-24 12:00:00,5.4,0.0
2015-09-24 18:00:00,15.2,0.0
2015-09-25 00:00:00,7.2,0.0
2015-09-25 06:00:00,6.0,0.0
2015-09-25 12:00:00,8.1,0.0
2015-09-25 18:00:00,18.5,0.0
2015-09-26 00:00:00,8.1,0.0
2015-09-26 06:00:00,4.4,0.0
2015-09-26 12:00:00,7.6,0.0
2015-09-26 18:00:00,19.5,0.0
2015-09-27 00:00:00,9.1,0.0
2015-09-27 06:00:00,4.3,0.0
2015-09-27 12:00:00,5.9,0.0
2015-09-27 18:00:00,12.5,0.0
2015-09-28 00:00:00,7.9,0.0
2015-09-28 06:00:00,5.9,0.3
2015-09-28 12:00:00,7.0,0.0
2015-09-28 18:00:00,18.7,0.0
2015-09-29 00:00:00,7.4,0.0
2015-09-29 06:00:00,5.5,0.0
2015-09-29 12:00:00,5.9,0.0
2015-09-29 18:00:00,14.3,0.0
2015-09-30 00:00:00,6.4,0.0
2015-09-30 06:00:00,5.0,0.0
2015-09-30 12:00:00,5.5,0.0
2015-09-30 18:00:00,11.2,0.0
2015-10-01 00:00:00,6.0,0.0
2015-10-01 06:00:00,2.5,0.0
2015-10-01 12:00:00,2.5,0.0
2015-10-01 18:00:00,16.3,0.0
2015-10-02 00:00:00,8.2,0.0
2015-10-02 06:00:00,0.8,0.0
2015-10-02 12:00:00,0.6,0.0
2015-10-02 18:00:00,16.7,0.0
2015-10-03 00:00:00,7.6,0.0
2015-10-03 06:00:00,2.1,0.0
2015-10-03 12:00:00,7.4,0.0
2015-10-03 18:00:00,14.6,0.0
2015-10-04 00:00:00,7.7,0.0
2015-10-04 06:00:00,5.2,0.0
2015-10-04 12:00:00,7.4,0.0
2015-10-04 18:00:00,13.7,0.0
2015-10-05 00:00:00,10.8,0.0
2015-10-05 06:00:00,5.8,0.0
2015-10-05 12:00:00,9.4,0.0
2015-10-05 18:00:00,11.5,0.1
2015-10-06 00:00:00,7.3,0.0
2015-10-06 06:00:00,4.6,0.0
2015-10-06 12:00:00,3.4,0.0
2015-10-06 18:00:00,14.3,0.0
2015-10-07 00:00:00,7.0,0.0
2015-10-07 06:00:00,4.3,0.1
2015-10-07 12:00:00,2.9,0.0
2015-10-07 18:00:00,18.4,0.0
2015-10-08 00:00:00,6.3,0.0
2015-10-08 06:00:00,3.6,0.0
2015-10-08 12:00:00,2.4,0.0
2015-10-08 18:00:00,18.2,0.0
2015-10-09 00:00:00,7.0,0.2
2015-10-09 06:00:00,4.7,0.0
2015-10-09 12:00:00,3.2,0.0
2015-10-09 18:00:00,17.4,0.0
2015-10-10 00:00:00,7.0,0.2
2015-10-10 06:00:00,6.1,0.0
2015-10-10 12:00:00,5.0,0.0
2015-10-10 18:00:00,19.1,0.0
2015-10-11 00:00:00,6.5,0.0
2015-10-11 06:00:00,3.6,0.0
2015-10-11 12:00:00,3.9,0.0
2015-10-11 18:00:00,15.4,0.0
2015-10-12 00:00:00,5.8,1.4
2015-10-12 06:00:00,4.1,0.0
2015-10-12 12:00:00,3.7,0.0
2015-10-12 18:00:00,16.2,0.0
2015-10-13 00:00:00,7.3,0.0
2015-10-13 06:00:00,5.8,0.0
2015-10-13 12:00:00,3.8,0.0
2015-10-13 18:00:00,18.7,0.0
2015-10-14 00:00:00,7.2,0.0
2015-10-14 06:00:00,3.6,0.0
2015-10-14 12:00:00,3.5,0.0
2015-10-14 18:00:00,18.7,0.0
2015-10-15 00:00:00,7.9,0.6
2015-10-15 06:00:00,4.8,0.0
2015-10-15 12:00:00,7.4,0.0
2015-10-15 18:00:00,15.4,0.0
2015-10-16 00:00:00,7.1,0.0
2015-10-16 06:00:00,7.1,0.0
2015-10-16 12:00:00,8.3,0.0
2015-10-16 18:00:00,16.0,0.0
2015-10-17 00:00:00,7.5,0.0
2015-10-17 06:00:00,9.6,0.0
2015-10-17 12:00:00,6.5,0.1
2015-10-17 18:00:00,13.5,0.0
2015-10-18 00:00:00,7.9,0.0
2015-10-18 06:00:00,8.5,0.0
2015-10-18 12:00:00,8.7,0.0
2015-10-18 18:00:00,17.1,0.0
2015-10-19 00:00:00,8.7,0.0
2015-10-19 06:00:00,8.3,0.0
2015-10-19 12:00:00,9.3,0.0
2015-10-19 18:00:00,13.5,0.0
2015-10-20 00:00:00,6.8,0.0
2015-10-20 06:00:00,6.0,0.0
2015-10-20 12:00:00,6.4,0.0
2015-10-20 18:00:00,20.0,0.0
2015-10-21 00:00:00,8.1,0.9
2015-10-21 06:00:00,5.1,0.0
2015-10-21 12:00:00,3.4,0.0
2015-10-21 18:00:00,17.5,0.0
2015-10-22 00:00:00,6.5,0.0
2015-10-22 06:00:00,5.8,0.0
2015-10-22 12:00:00,5.5,0.0
2015-10-22 18:00:00,17.7,0.0
2015-10-23 00:00:00,7.4,0.0
2015-10-23 06:00:00,5.7,0.2
2015-10-23 12:00:00,3.7,0.0
2015-10-23 18:00:00,16.8,0.0
2015-10-24 00:00:00,6.4,0.0
2015-10-24 06:00:00,3.1,0.0
2015-10-24 12:00:00,6.3,0.1
2015-10-24 18:00:00,15.0,0.0
2015-10-25 00:00:00,5.8,0.0
2015-10-25 06:00:00,4.6,0.0
2015-10-25 12:00:00,7.4,0.0
2015-10-25 18:00:00,15.3,0.0
2015-10-26 00:00:00,5.6,0.0
2015-10-26 06:00:00,5.5,0.0
2015-10-26 12:00:00,5.5,0.0
2015-10-26 18:00:00,14.7,0.0
2015-10-27 00:00:00,5.8,0.2
2015-10-27 06:00:00,3.8,3.4
2015-10-27 12:00:00,5.0,0.1
2015-10-27 18:00:00,14.0,0.0
2015-10-28 00:00:00,6.5,0.0
2015-10-28 06:00:00,5.6,0.0
2015-10-28 12:00:00,4.6,0.0
2015-10-28 18:00:00,17.9,0.0
2015-10-29 00:00:00,7.5,0.0
2015-10-29 06:00:00,6.1,0.0
2015-10-29 12:00:00,6.1,0.0
2015-10-29 18:00:00,16.8,0.0
2015-10-30 00:00:00,5.6,0.0
2015-10-30 06:00:00,4.8,0.0
2015-10-30 12:00:00,4.2,0.0
2015-10-30 18:00:00,14.6,0.0
2015-10-31 00:00:00,7.5,0.0
2015-10-31 06:00:00,5.5,0.0
2015-10-31 12:00:00,6.3,0.0
2015-10-31 18:00:00,18.0,0.0
2015-11-01 00:00:00,6.3,0.0
2015-11-01 06:00:00,4.9,0.0
2015-11-01 12:00:00,4.9,0.0
2015-11-01 18:00:00,15.7,0.0
2015-11-02 00:00:00,6.7,0.0
2015-11-02 06:00:00,0.0,0.0
2015-11-02 12:00:00,2.5,0.0
2015-11-02 18:00:00,15.6,0.0
2015-11-03 00:00:00,5.8,0.0
2015-11-03 06:00:00,-1.4,0.0
2015-11-03 12:00:00,-0.8,0.0
2015-11-03 18:00:00,17.0,0.0
2015-11-04 00:00:00,6.4,0.0
2015-11-04 06:00:00,1.5,0.0
2015-11-04 12:00:00,1.0,0.0
2015-11-04 18:00:00,15.0,0.0
2015-11-05 00:00:00,4.6,0.0
2015-11-05 06:00:00,1.5,0.0
2015-11-05 12:00:00,5.5,0.0
2015-11-05 18:00:00,17.0,0.0
2015-11-06 00:00:00,5.3,0.0
2015-11-06 06:00:00,2.3,0.0
2015-11-06 12:00:00,6.1,0.0
2015-11-06 18:00:00,15.4,0.0
2015-11-07 00:00:00,6.9,0.0
2015-11-07 06:00:00,6.1,0.0
2015-11-07 12:00:00,7.0,0.0
2015-11-07 18:00:00,12.4,0.0
2015-11-08 00:00:00,4.8,0.4
2015-11-08 06:00:00,4.3,0.0
2015-11-08 12:00:00,5.4,0.0
2015-11-08 18:00:00,12.2,0.1
2015-11-09 00:00:00,5.8,0.2
2015-11-09 06:00:00,4.6,0.7
2015-11-09 12:00:00,5.9,0.0
2015-11-09 18:00:00,9.1,0.5
2015-11-10 00:00:00,6.0,0.0
2015-11-10 06:00:00,6.0,0.2
2015-11-10 12:00:00,3.7,0.0
2015-11-10 18:00:00,16.8,0.0
2015-11-11 00:00:00,6.6,0.0
2015-11-11 06:00:00,5.2,0.3
2015-11-11 12:00:00,6.4,0.0
2015-11-11 18:00:00,17.9,0.0
2015-11-12 00:00:00,7.3,0.0
2015-11-12 06:00:00,6.0,0.0
2015-11-12 12:00:00,6.6,0.0
2015-11-12 18:00:00,17.3,0.0
2015-11-13 00:00:00,7.4,0.0
2015-11-13 06:00:00,6.2,0.0
2015-11-13 12:00:00,7.2,0.0
2015-11-13 18:00:00,17.5,0.0
2015-11-14 00:00:00,8.3,0.0
2015-11-14 06:00:00,6.7,0.0
2015-11-14 12:00:00,8.7,0.0
2015-11-14 18:00:00,17.3,0.0
2015-11-15 00:00:00,7.5,0.0
2015-11-15 06:00:00,7.3,0.0
2015-11-15 12:00:00,9.3,0.0
2015-11-15 18:00:00,15.5,0.0
2015-11-16 00:00:00,7.2,0.1
2015-11-16 06:00:00,6.0,0.0
2015-11-16 12:00:00,6.9,0.0
2015-11-16 18:00:00,16.7,0.0
2015-11-17 00:00:00,6.5,0.3
2015-11-17 06:00:00,5.7,0.0
2015-11-17 12:00:00,5.9,0.0
2015-11-17 18:00:00,12.4,0.0
2015-11-18 00:00:00,7.2,0.7
2015-11-18 06:00:00,4.9,0.0
2015-11-18 12:00:00,6.1,0.0
2015-11-18 18:00:00,14.1,0.0
2015-11-19 00:00:00,7.4,0.1
2015-11-19 06:00:00,2.8,0.0
2015-11-19 12:00:00,2.4,0.0
2015-11-19 18:00:00,13.0,0.0
2015-11-20 00:00:00,7.3,0.0
2015-11-20 06:00:00,6.1,0.0
2015-11-20 12:00:00,4.2,0.0
2015-11-20 18:00:00,12.2,0.0
2015-11-21 00:00:00,7.5,0.9
2015-11-21 06:00:00,6.7,0.0
2015-11-21 12:00:00,6.3,0.0
2015-11-21 18:00:00,15.4,0.0
2015-11-22 00:00:00,8.8,0.0
2015-11-22 06:00:00,6.6,0.0
2015-11-22 12:00:00,5.8,0.1
2015-11-22 18:00:00,12.1,0.1
2015-11-23 00:00:00,6.9,0.0
2015-11-23 06:00:00,6.8,0.0
2015-11-23 12:00:00,6.9,0.0
2015-11-23 18:00:00,14.1,0.0
2015-11-24 00:00:00,8.4,0.0
2015-11-24 06:00:00,6.9,0.1
2015-11-24 12:00:00,6.7,0.0
2015-11-24 18:00:00,12.7,0.0
2015-11-25 00:00:00,7.6,0.0
2015-11-25 06:00:00,6.4,0.1
2015-11-25 12:00:00,3.5,0.0
2015-11-25 18:00:00,15.9,0.0
2015-11-26 00:00:00,6.6,0.0
2015-11-26 06:00:00,5.2,0.0
2015-11-26 12:00:00,3.8,0.0
2015-11-26 18:00:00,16.9,0.0
2015-11-27 00:00:00,6.9,0.9
2015-11-27 06:00:00,5.2,0.0
2015-11-27 12:00:00,3.3,0.0
2015-11-27 18:00:00,17.0,0.0
2015-11-28 00:00:00,8.2,0.0
2015-11-28 06:00:00,6.9,0.2
2015-11-28 12:00:00,4.7,0.0
2015-11-28 18:00:00,15.3,0.0
2015-11-29 00:00:00,7.6,0.0
2015-11-29 06:00:00,6.7,0.1
2015-11-29 12:00:00,5.7,0.0
2015-11-29 18:00:00,15.8,0.0
2015-11-30 00:00:00,8.6,0.0
2015-11-30 06:00:00,7.3,0.5
2015-11-30 12:00:00,6.8,0.0
2015-11-30 18:00:00,17.2,0.0
2015-12-01 00:00:00,7.9,0.5
2015-12-01 06:00:00,6.0,0.3
2015-12-01 12:00:00,3.2,1.9
2015-12-01 18:00:00,12.0,0.0
2015-12-02 00:00:00,6.4,2.4
2015-12-02 06:00:00,5.8,0.1
2015-12-02 12:00:00,6.9,0.0
2015-12-02 18:00:00,10.1,0.0
2015-12-03 00:00:00,7.3,0.0
2015-12-03 06:00:00,3.1,0.0
2015-12-03 12:00:00,3.7,0.0
2015-12-03 18:00:00,18.6,0.0
2015-12-04 00:00:00,5.9,0.5
2015-12-04 06:00:00,3.7,0.0
2015-12-04 12:00:00,4.3,0.0
2015-12-04 18:00:00,18.2,0.0
2015-12-05 00:00:00,3.6,3.1
2015-12-05 06:00:00,1.9,0.0
2015-12-05 12:00:00,2.5,0.0
2015-12-05 18:00:00,15.9,0.0
2015-12-06 00:00:00,5.7,1.9
2015-12-06 06:00:00,3.4,0.0
2015-12-06 12:00:00,2.1,0.0
2015-12-06 18:00:00,18.5,0.0
2015-12-07 00:00:00,8.2,0.0
2015-12-07 06:00:00,3.4,0.0
2015-12-07 12:00:00,3.1,0.0
2015-12-07 18:00:00,14.2,0.0
2015-12-08 00:00:00,8.8,0.0
2015-12-08 06:00:00,3.8,0.0
2015-12-08 12:00:00,2.9,0.0
2015-12-08 18:00:00,15.3,0.0
2015-12-09 00:00:00,8.0,0.0
2015-12-09 06:00:00,5.5,0.0
2015-12-09 12:00:00,5.8,0.1
2015-12-09 18:00:00,18.1,0.0
2015-12-10 00:00:00,7.6,0.1
2015-12-10 06:00:00,6.4,0.6
2015-12-10 12:00:00,5.4,0.0
2015-12-10 18:00:00,14.7,0.0
2015-12-11 00:00:00,9.8,0.0
2015-12-11 06:00:00,4.8,0.0
2015-12-11 12:00:00,4.4,0.0
2015-12-11 18:00:00,19.2,0.0
2015-12-12 00:00:00,9.5,0.0
2015-12-12 06:00:00,6.2,0.0
2015-12-12 12:00:00,6.3,0.0
2015-12-12 18:00:00,17.4,0.0
2015-12-13 00:00:00,7.5,0.0
2015-12-13 06:00:00,3.9,0.0
2015-12-13 12:00:00,6.9,0.0
2015-12-13 18:00:00,16.2,0.0
2015-12-14 00:00:00,8.1,0.0
2015-12-14 06:00:00,3.4,0.0
2015-12-14 12:00:00,3.0,0.0
2015-12-14 18:00:00,14.9,0.0
2015-12-15 00:00:00,7.1,0.0
2015-12-15 06:00:00,5.5,0.0
2015-12-15 12:00:00,3.9,0.0
2015-12-15 18:00:00,16.3,0.0
2015-12-16 00:00:00,5.9,0.1
2015-12-16 06:00:00,5.2,0.0
2015-12-16 12:00:00,6.2,0.1
2015-12-16 18:00:00,14.7,0.0
2015-12-17 00:00:00,7.7,0.1
2015-12-17 06:00:00,6.1,0.0
2015-12-17 12:00:00,7.5,0.0
2015-12-17 18:00:00,17.2,0.0
2015-12-18 00:00:00,8.5,0.0
2015-12-18 06:00:00,6.6,1.2
2015-12-18 12:00:00,6.8,0.0
2015-12-18 18:00:00,17.1,0.0
2015-12-19 00:00:00,7.3,0.4
2015-12-19 06:00:00,6.0,0.1
2015-12-19 12:00:00,4.9,0.0
2015-12-19 18:00:00,16.9,0.0
2015-12-20 00:00:00,8.2,0.0
2015-12-20 06:00:00,6.9,0.0
2015-12-20 12:00:00,7.3,0.0
2015-12-20 18:00:00,15.8,0.0
2015-12-21 00:00:00,7.7,0.0
2015-12-21 06:00:00,4.5,0.0
2015-12-21 12:00:00,3.9,0.0
2015-12-21 18:00:00,16.4,0.0
2015-12-22 00:00:00,8.7,0.0
2015-12-22 06:00:00,6.0,0.0
2015-12-22 12:00:00,4.5,0.0
2015-12-22 18:00:00,18.1,0.0
2015-12-23 00:00:00,7.4,0.3
2015-12-23 06:00:00,6.2,0.0
2015-12-23 12:00:00,5.0,0.0
2015-12-23 18:00:00,14.9,0.0
2015-12-24 00:00:00,7.5,0.4
2015-12-24 06:00:00,3.8,1.8
2015-12-24 12:00:00,5.4,0.0
2015-12-24 18:00:00,8.4,1.1
2015-12-25 00:00:00,6.5,0.0
2015-12-25 06:00:00,6.3,0.1
2015-12-25 12:00:00,5.9,0.0
2015-12-25 18:00:00,16.7,0.0
2015-12-26 00:00:00,10.9,0.0
2015-12-26 06:00:00,7.9,0.0
2015-12-26 12:00:00,7.4,0.0
2015-12-26 18:00:00,17.4,0.0
2015-12-27 00:00:00,8.9,0.0
2015-12-27 06:00:00,7.5,0.0
2015-12-27 12:00:00,6.9,0.0
2015-12-27 18:00:00,17.4,0.0
2015-12-28 00:00:00,8.9,0.2
2015-12-28 06:00:00,7.5,0.0
2015-12-28 12:00:00,6.9,0.0
2015-12-28 18:00:00,13.9,0.0
2015-12-29 00:00:00,7.9,0.5
2015-12-29 06:00:00,5.5,0.0
2015-12-29 12:00:00,5.6,0.0
2015-12-29 18:00:00,16.0,0.0
2015-12-30 00:00:00,8.3,0.0
2015-12-30 06:00:00,4.2,0.0
2015-12-30 12:00:00,7.8,0.0
2015-12-30 18:00:00,18.4,0.0
2015-12-31 00:00:00,9.8,0.0
2015-12-31 06:00:00,4.3,0.0
2015-12-31 12:00:00,8.4,0.0
2015-12-31 18:00:00,19.4,0.0
2016-01-01 00:00:00,6.2,1.6
2016-01-01 06:00:00,5.0,0.0
2016-01-01 12:00:00,5.2,0.0
2016-01-01 18:00:00,13.2,0.3
2016-01-02 00:00:00,8.8,0.0
2016-01-02 06:00:00,6.3,0.0
2016-01-02 12:00:00,2.6,0.0
2016-01-02 18:00:00,19.3,0.0
2016-01-03 00:00:00,8.3,0.0
2016-01-03 06:00:00,6.2,0.0
2016-01-03 12:00:00,5.3,0.0
2016-01-03 18:00:00,18.7,0.0
2016-01-04 00:00:00,8.9,0.0
2016-01-04 06:00:00,7.1,0.1
2016-01-04 12:00:00,6.0,0.1
2016-01-04 18:00:00,17.8,0.0
2016-01-05 00:00:00,8.7,0.0
2016-01-05 06:00:00,6.5,0.0
2016-01-05 12:00:00,5.3,0.0
2016-01-05 18:00:00,16.5,0.0
2016-01-06 00:00:00,8.8,0.0
2016-01-06 06:00:00,5.2,0.1
2016-01-06 12:00:00,6.0,0.0
2016-01-06 18:00:00,15.7,0.0
2016-01-07 00:00:00,8.5,0.0
2016-01-07 06:00:00,6.3,0.0
2016-01-07 12:00:00,6.9,0.0
2016-01-07 18:00:00,19.7,0.0
2016-01-08 00:00:00,9.1,0.0
2016-01-08 06:00:00,6.9,0.0
2016-01-08 12:00:00,6.2,0.0
2016-01-08 18:00:00,20.4,0.0
2016-01-09 00:00:00,8.5,0.0
2016-01-09 06:00:00,6.2,0.0
2016-01-09 12:00:00,4.3,0.0
2016-01-09 18:00:00,19.2,0.0
2016-01-10 00:00:00,9.3,0.0
2016-01-10 06:00:00,6.2,0.0
2016-01-10 12:00:00,3.1,0.0
2016-01-10 18:00:00,18.0,0.0
2016-01-11 00:00:00,9.6,0.0
2016-01-11 06:00:00,4.2,0.0
2016-01-11 12:00:00,4.2,0.0
2016-01-11 18:00:00,17.9,0.0
2016-01-12 00:00:00,9.4,0.0
2016-01-12 06:00:00,5.8,0.0
2016-01-12 12:00:00,5.0,0.0
2016-01-12 18:00:00,16.2,0.0
2016-01-13 00:00:00,8.1,0.0
2016-01-13 06:00:00,2.4,0.0
2016-01-13 12:00:00,3.3,0.0
2016-01-13 18:00:00,19.0,0.0
2016-01-14 00:00:00,9.2,0.0
2016-01-14 06:00:00,2.2,0.0
2016-01-14 12:00:00,2.9,0.0
2016-01-14 18:00:00,19.7,0.0
2016-01-15 00:00:00,7.5,0.0
2016-01-15 06:00:00,2.6,0.0
2016-01-15 12:00:00,3.9,0.0
2016-01-15 18:00:00,20.2,0.0
2016-01-16 00:00:00,9.6,0.0
2016-01-16 06:00:00,4.4,0.0
2016-01-16 12:00:00,3.5,0.0
2016-01-16 18:00:00,20.8,0.0
2016-01-17 00:00:00,8.3,0.0
2016-01-17 06:00:00,6.1,0.0
2016-01-17 12:00:00,6.4,0.0
2016-01-17 18:00:00,16.7,0.0
2016-01-18 00:00:00,7.5,0.0
2016-01-18 06:00:00,6.1,0.1
2016-01-18 12:00:00,5.8,0.0
2016-01-18 18:00:00,15.1,0.0
2016-01-19 00:00:00,7.8,0.3
2016-01-19 06:00:00,7.4,0.0
2016-01-19 12:00:00,4.9,0.0
2016-01-19 18:00:00,17.1,0.0
2016-01-20 00:00:00,7.4,0.4
2016-01-20 06:00:00,6.8,0.0
2016-01-20 12:00:00,7.5,0.0
2016-01-20 18:00:00,16.1,0.0
2016-01-21 00:00:00,8.5,0.5
2016-01-21 06:00:00,7.6,0.1
2016-01-21 12:00:00,7.8,0.0
2016-01-21 18:00:00,15.9,0.0
2016-01-22 00:00:00,7.6,0.0
2016-01-22 06:00:00,6.6,0.0
2016-01-22 12:00:00,8.2,0.0
2016-01-22 18:00:00,16.5,0.0
2016-01-23 00:00:00,9.7,0.0
2016-01-23 06:00:00,6.7,0.0
2016-01-23 12:00:00,3.2,0.0
2016-01-23 18:00:00,20.7,0.0
2016-01-24 00:00:00,10.3,0.0
2016-01-24 06:00:00,4.6,0.0
2016-01-24 12:00:00,6.0,0.0
2016-01-24 18:00:00,18.5,0.0
2016-01-25 00:00:00,10.2,0.0
2016-01-25 06:00:00,6.7,0.0
2016-01-25 12:00:00,5.7,0.0
2016-01-25 18:00:00,15.2,0.0
2016-01-26 00:00:00,8.2,0.0
2016-01-26 06:00:00,7.1,0.0
2016-01-26 12:00:00,5.1,0.0
2016-01-26 18:00:00,18.5,0.0
2016-01-27 00:00:00,7.7,0.1
2016-01-27 06:00:00,6.9,0.0
2016-01-27 12:00:00,3.4,0.0
2016-01-27 18:00:00,14.9,0.0
2016-01-28 00:00:00,8.5,0.0
2016-01-28 06:00:00,6.7,0.0
2016-01-28 12:00:00,7.4,0.1
2016-01-28 18:00:00,13.9,0.0
2016-01-29 00:00:00,6.5,1.1
2016-01-29 06:00:00,6.4,0.0
2016-01-29 12:00:00,6.5,0.0
2016-01-29 18:00:00,11.4,0.0
2016-01-30 00:00:00,5.7,0.2
2016-01-30 06:00:00,6.2,0.1
2016-01-30 12:00:00,6.3,0.0
2016-01-30 18:00:00,14.7,0.0
2016-01-31 00:00:00,6.3,0.7
2016-01-31 06:00:00,6.0,0.0
2016-01-31 12:00:00,6.4,0.0
2016-01-31 18:00:00,13.0,0.0
2016-02-01 00:00:00,8.0,0.1
2016-02-01 06:00:00,6.8,0.3
2016-02-01 12:00:00,6.6,0.1
2016-02-01 18:00:00,11.5,0.0
2016-02-02 00:00:00,5.5,1.8
2016-02-02 06:00:00,5.4,0.0
2016-02-02 12:00:00,6.3,0.0
2016-02-02 18:00:00,15.5,0.0
2016-02-03 00:00:00,7.4,0.3
2016-02-03 06:00:00,6.9,1.3
2016-02-03 12:00:00,5.9,0.0
2016-02-03 18:00:00,13.9,0.0
2016-02-04 00:00:00,7.1,0.0
2016-02-04 06:00:00,6.8,0.0
2016-02-04 12:00:00,6.6,0.0
2016-02-04 18:00:00,10.0,0.9
2016-02-05 00:00:00,6.3,0.1
2016-02-05 06:00:00,5.8,0.0
2016-02-05 12:00:00,5.8,0.0
2016-02-05 18:00:00,17.2,0.0
2016-02-06 00:00:00,6.7,2.2
2016-02-06 06:00:00,5.9,0.0
2016-02-06 12:00:00,7.4,0.0
2016-02-06 18:00:00,16.9,0.0
2016-02-07 00:00:00,10.4,0.0
2016-02-07 06:00:00,7.8,0.0
2016-02-07 12:00:00,7.7,0.0
2016-02-07 18:00:00,15.1,0.0
2016-02-08 00:00:00,9.5,0.0
2016-02-08 06:00:00,7.7,0.4
2016-02-08 12:00:00,7.3,0.0
2016-02-08 18:00:00,13.0,0.1
2016-02-09 00:00:00,9.1,0.0
2016-02-09 06:00:00,7.2,0.0
2016-02-09 12:00:00,7.2,0.0
2016-02-09 18:00:00,12.9,0.1
2016-02-10 00:00:00,7.1,0.1
2016-02-10 06:00:00,6.5,0.0
2016-02-10 12:00:00,6.6,0.0
2016-02-10 18:00:00,14.5,0.1
2016-02-11 00:00:00,7.9,0.0
2016-02-11 06:00:00,4.8,0.0
2016-02-11 12:00:00,6.4,0.0
2016-02-11 18:00:00,17.2,0.0
2016-02-12 00:00:00,5.8,0.1
2016-02-12 06:00:00,5.6,0.0
2016-02-12 12:00:00,5.1,0.0
2016-02-12 18:00:00,16.3,0.0
2016-02-13 00:00:00,6.1,1.1
2016-02-13 06:00:00,5.0,0.0
2016-02-13 12:00:00,4.5,0.0
2016-02-13 18:00:00,16.8,0.0
2016-02-14 00:00:00,7.9,0.0
2016-02-14 06:00:00,4.8,0.0
2016-02-14 12:00:00,6.2,0.0
2016-02-14 18:00:00,16.2,0.0
2016-02-15 00:00:00,11.4,0.0
2016-02-15 06:00:00,7.2,0.0
2016-02-15 12:00:00,8.8,0.0
2016-02-15 18:00:00,13.3,0.1
2016-02-16 00:00:00,11.0,0.0
2016-02-16 06:00:00,11.4,0.0
2016-02-16 12:00:00,9.4,0.0
2016-02-16 18:00:00,18.0,0.0
2016-02-17 00:00:00,10.3,0.5
2016-02-17 06:00:00,7.4,0.3
2016-02-17 12:00:00,6.9,0.0
2016-02-17 18:00:00,14.6,0.0
2016-02-18 00:00:00,7.7,0.2
2016-02-18 06:00:00,6.9,0.1
2016-02-18 12:00:00,6.3,0.1
2016-02-18 18:00:00,14.2,0.0
2016-02-19 00:00:00,7.8,0.0
2016-02-19 06:00:00,6.2,0.0
2016-02-19 12:00:00,7.9,0.0
2016-02-19 18:00:00,18.4,0.0
2016-02-20 00:00:00,11.4,0.0
2016-02-20 06:00:00,7.2,0.0
2016-02-20 12:00:00,6.7,0.0
2016-02-20 18:00:00,18.4,0.0
2016-02-21 00:00:00,7.6,2.6
2016-02-21 06:00:00,6.1,0.0
2016-02-21 12:00:00,6.7,0.1
2016-02-21 18:00:00,16.6,0.0
2016-02-22 00:00:00,9.2,0.0
2016-02-22 06:00:00,7.9,0.0
2016-02-22 12:00:00,7.4,0.0
2016-02-22 18:00:00,19.0,0.0
2016-02-23 00:00:00,6.9,1.5
2016-02-23 06:00:00,6.9,0.0
2016-02-23 12:00:00,7.0,0.0
2016-02-23 18:00:00,12.8,0.0
2016-02-24 00:00:00,9.0,0.0
2016-02-24 06:00:00,7.6,0.0
2016-02-24 12:00:00,7.3,0.1
2016-02-24 18:00:00,16.0,0.0
2016-02-25 00:00:00,7.8,1.3
2016-02-25 06:00:00,6.9,0.0
2016-02-25 12:00:00,6.5,0.0
2016-02-25 18:00:00,14.4,0.0
2016-02-26 00:00:00,7.4,1.3
2016-02-26 06:00:00,7.2,0.3
2016-02-26 12:00:00,7.0,0.0
2016-02-26 18:00:00,12.7,0.0
2016-02-27 00:00:00,7.1,0.2
2016-02-27 06:00:00,5.2,0.0
2016-02-27 12:00:00,4.1,0.0
2016-02-27 18:00:00,17.8,0.0
2016-02-28 00:00:00,9.4,0.1
2016-02-28 06:00:00,7.5,0.9
2016-02-28 12:00:00,6.7,0.0
2016-02-28 18:00:00,17.4,0.0
2016-02-29 00:00:00,7.7,0.7
2016-02-29 06:00:00,6.4,0.2
2016-02-29 12:00:00,4.3,0.0
2016-02-29 18:00:00,18.8,0.0
2016-03-01 00:00:00,9.9,0.0
2016-03-01 06:00:00,7.3,0.1
2016-03-01 12:00:00,6.1,0.0
2016-03-01 18:00:00,14.5,0.0
2016-03-02 00:00:00,8.2,0.3
2016-03-02 06:00:00,6.7,0.9
2016-03-02 12:00:00,6.7,0.1
2016-03-02 18:00:00,11.0,0.3
2016-03-03 00:00:00,8.2,0.1
2016-03-03 06:00:00,6.7,0.0
2016-03-03 12:00:00,7.2,0.1
2016-03-03 18:00:00,12.4,0.3
2016-03-04 00:00:00,7.7,0.0
2016-03-04 06:00:00,6.6,0.0
2016-03-04 12:00:00,5.0,0.0
2016-03-04 18:00:00,14.1,0.0
2016-03-05 00:00:00,8.9,0.0
2016-03-05 06:00:00,7.8,0.0
2016-03-05 12:00:00,7.2,0.3
2016-03-05 18:00:00,15.3,0.0
2016-03-06 00:00:00,6.4,0.2
2016-03-06 06:00:00,6.4,0.3
2016-03-06 12:00:00,6.6,0.0
2016-03-06 18:00:00,10.0,0.1
2016-03-07 00:00:00,5.7,0.0
2016-03-07 06:00:00,5.4,0.1
2016-03-07 12:00:00,5.9,0.1
2016-03-07 18:00:00,7.9,0.0
2016-03-08 00:00:00,6.4,0.9
2016-03-08 06:00:00,5.5,0.0
2016-03-08 12:00:00,5.7,0.0
2016-03-08 18:00:00,9.4,0.7
2016-03-09 00:00:00,6.7,0.0
2016-03-09 06:00:00,6.0,0.0
2016-03-09 12:00:00,3.9,0.0
2016-03-09 18:00:00,11.4,0.1
2016-03-10 00:00:00,7.6,0.0
2016-03-10 06:00:00,4.9,0.0
2016-03-10 12:00:00,5.7,0.0
2016-03-10 18:00:00,14.7,0.0
2016-03-11 00:00:00,8.4,0.0
2016-03-11 06:00:00,4.9,0.0
2016-03-11 12:00:00,5.6,0.0
2016-03-11 18:00:00,12.0,0.0
2016-03-12 00:00:00,6.7,0.0
2016-03-12 06:00:00,5.2,0.0
2016-03-12 12:00:00,3.1,0.0
2016-03-12 18:00:00,17.8,0.0
2016-03-13 00:00:00,8.0,0.0
2016-03-13 06:00:00,4.4,0.0
2016-03-13 12:00:00,4.0,0.0
2016-03-13 18:00:00,19.0,0.0
2016-03-14 00:00:00,7.7,0.0
2016-03-14 06:00:00,6.4,0.0
2016-03-14 12:00:00,6.4,0.1
2016-03-14 18:00:00,17.1,0.0
2016-03-15 00:00:00,6.6,0.0
2016-03-15 06:00:00,4.6,0.1
2016-03-15 12:00:00,3.2,0.0
2016-03-15 18:00:00,17.6,0.0
2016-03-16 00:00:00,9.3,0.0
2016-03-16 06:00:00,9.8,0.0
2016-03-16 12:00:00,8.4,0.0
2016-03-16 18:00:00,17.6,0.0
2016-03-17 00:00:00,11.7,0.0
2016-03-17 06:00:00,7.6,0.5
2016-03-17 12:00:00,9.0,0.0
2016-03-17 18:00:00,18.0,0.0
2016-03-18 00:00:00,11.5,0.0
2016-03-18 06:00:00,5.7,0.0
2016-03-18 12:00:00,8.0,0.0
2016-03-18 18:00:00,18.5,0.0
2016-03-19 00:00:00,8.6,0.0
2016-03-19 06:00:00,6.1,0.0
2016-03-19 12:00:00,6.0,0.0
2016-03-19 18:00:00,18.7,0.0
2016-03-20 00:00:00,8.4,0.0
2016-03-20 06:00:00,7.0,0.1
2016-03-20 12:00:00,7.2,0.0
2016-03-20 18:00:00,17.5,0.0
2016-03-21 00:00:00,8.9,0.0
2016-03-21 06:00:00,6.9,0.0
2016-03-21 12:00:00,7.1,0.0
2016-03-21 18:00:00,17.1,0.0
2016-03-22 00:00:00,8.5,0.0
2016-03-22 06:00:00,4.8,0.0
2016-03-22 12:00:00,4.8,0.0
2016-03-22 18:00:00,17.8,0.0
2016-03-23 00:00:00,7.6,1.5
2016-03-23 06:00:00,7.7,0.0
2016-03-23 12:00:00,7.5,0.0
2016-03-23 18:00:00,14.3,0.1
2016-03-24 00:00:00,7.6,0.0
2016-03-24 06:00:00,6.6,0.0
2016-03-24 12:00:00,4.5,0.0
2016-03-24 18:00:00,17.9,0.0
2016-03-25 00:00:00,9.9,0.0
2016-03-25 06:00:00,5.9,0.0
2016-03-25 12:00:00,5.6,0.0
2016-03-25 18:00:00,18.5,0.0
2016-03-26 00:00:00,9.5,0.0
2016-03-26 06:00:00,7.0,0.4
2016-03-26 12:00:00,7.1,0.0
2016-03-26 18:00:00,16.2,0.0
2016-03-27 00:00:00,8.5,0.1
2016-03-27 06:00:00,8.1,0.0
2016-03-27 12:00:00,6.9,0.0
2016-03-27 18:00:00,10.2,0.4
2016-03-28 00:00:00,7.3,1.9
2016-03-28 06:00:00,6.6,0.0
2016-03-28 12:00:00,6.6,0.0
2016-03-28 18:00:00,17.2,0.0
2016-03-29 00:00:00,7.6,0.5
2016-03-29 06:00:00,7.2,0.3
2016-03-29 12:00:00,5.9,0.0
2016-03-29 18:00:00,13.0,0.0
2016-03-30 00:00:00,7.8,0.0
2016-03-30 06:00:00,6.9,0.0
2016-03-30 12:00:00,5.2,0.0
2016-03-30 18:00:00,16.9,0.0
2016-03-31 00:00:00,8.8,0.0
2016-03-31 06:00:00,8.0,0.0
2016-03-31 12:00:00,4.2,0.0
2016-03-31 18:00:00,18.2,0.0
2016-04-01 00:00:00,8.8,0.0
2016-04-01 06:00:00,7.1,0.8
2016-04-01 12:00:00,6.2,0.0
2016-04-01 18:00:00,14.7,0.0
2016-04-02 00:00:00,8.2,0.5
2016-04-02 06:00:00,5.6,0.0
2016-04-02 12:00:00,7.5,0.0
2016-04-02 18:00:00,16.5,0.0
2016-04-03 00:00:00,7.9,0.1
2016-04-03 06:00:00,5.8,0.5
2016-04-03 12:00:00,4.8,0.0
2016-04-03 18:00:00,10.5,0.0
2016-04-04 00:00:00,7.0,0.6
2016-04-04 06:00:00,2.9,0.0
2016-04-04 12:00:00,3.6,0.0
2016-04-04 18:00:00,15.9,0.0
2016-04-05 00:00:00,8.3,0.0
2016-04-05 06:00:00,7.4,0.0
2016-04-05 12:00:00,5.4,0.0
2016-04-05 18:00:00,16.2,0.0
2016-04-06 00:00:00,8.4,0.2
2016-04-06 06:00:00,6.6,0.1
2016-04-06 12:00:00,7.8,0.0
2016-04-06 18:00:00,15.4,0.0
2016-04-07 00:00:00,8.2,0.0
2016-04-07 06:00:00,6.2,0.0
2016-04-07 12:00:00,3.9,0.0
2016-04-07 18:00:00,17.9,0.0
2016-04-08 00:00:00,8.5,0.0
2016-04-08 06:00:00,5.9,0.0
2016-04-08 12:00:00,8.6,0.0
2016-04-08 18:00:00,19.0,0.0
2016-04-09 00:00:00,9.0,0.0
2016-04-09 06:00:00,6.9,0.4
2016-04-09 12:00:00,5.1,0.0
2016-04-09 18:00:00,15.9,0.0
2016-04-10 00:00:00,8.4,0.1
2016-04-10 06:00:00,6.2,0.3
2016-04-10 12:00:00,5.9,0.0
2016-04-10 18:00:00,14.5,0.0
2016-04-11 00:00:00,6.3,0.2
2016-04-11 06:00:00,6.4,0.1
2016-04-11 12:00:00,6.8,0.1
2016-04-11 18:00:00,13.6,0.0
2016-04-12 00:00:00,7.3,0.0
2016-04-12 06:00:00,6.6,0.0
2016-04-12 12:00:00,6.6,0.0
2016-04-12 18:00:00,16.3,0.0
2016-04-13 00:00:00,8.1,0.0
2016-04-13 06:00:00,4.6,0.0
2016-04-13 12:00:00,6.2,0.0
2016-04-13 18:00:00,17.3,0.0
2016-04-14 00:00:00,7.3,0.0
2016-04-14 06:00:00,3.8,0.0
2016-04-14 12:00:00,3.9,0.0
2016-04-14 18:00:00,18.0,0.0
2016-04-15 00:00:00,6.9,0.0
2016-04-15 06:00:00,5.4,0.0
2016-04-15 12:00:00,7.5,0.0
2016-04-15 18:00:00,16.1,0.0
2016-04-16 00:00:00,7.6,0.0
2016-04-16 06:00:00,6.4,0.0
2016-04-16 12:00:00,7.2,0.0
2016-04-16 18:00:00,12.9,0.0
2016-04-17 00:00:00,7.6,0.1
2016-04-17 06:00:00,7.3,0.0
2016-04-17 12:00:00,8.8,0.0
2016-04-17 18:00:00,15.4,0.0
2016-04-18 00:00:00,9.7,0.0
2016-04-18 06:00:00,7.9,0.0
2016-04-18 12:00:00,8.5,0.0
2016-04-18 18:00:00,13.9,0.0
2016-04-19 00:00:00,8.4,0.0
2016-04-19 06:00:00,7.4,0.0
2016-04-19 12:00:00,5.8,0.0
2016-04-19 18:00:00,14.6,0.0
2016-04-20 00:00:00,6.9,0.1
2016-04-20 06:00:00,5.7,0.0
2016-04-20 12:00:00,6.7,0.0
2016-04-20 18:00:00,13.7,0.0
2016-04-21 00:00:00,7.4,0.0
2016-04-21 06:00:00,5.3,0.0
2016-04-21 12:00:00,6.8,0.0
2016-04-21 18:00:00,18.1,0.0
2016-04-22 00:00:00,8.7,0.0
2016-04-22 06:00:00,5.3,0.0
2016-04-22 12:00:00,8.0,0.0
2016-04-22 18:00:00,15.6,0.0
2016-04-23 00:00:00,8.9,0.0
2016-04-23 06:00:00,7.0,0.0
2016-04-23 12:00:00,6.7,0.0
2016-04-23 18:00:00,15.3,0.0
2016-04-24 00:00:00,7.1,0.0
2016-04-24 06:00:00,6.4,1.3
2016-04-24 12:00:00,6.7,0.0
2016-04-24 18:00:00,14.1,0.0
2016-04-25 00:00:00,6.4,0.1
2016-04-25 06:00:00,3.4,0.0
2016-04-25 12:00:00,3.2,0.0
2016-04-25 18:00:00,17.6,0.0
2016-04-26 00:00:00,7.7,0.0
2016-04-26 06:00:00,3.6,0.0
2016-04-26 12:00:00,2.9,0.0
2016-04-26 18:00:00,18.0,0.0
2016-04-27 00:00:00,5.8,0.0
2016-04-27 06:00:00,3.1,0.0
2016-04-27 12:00:00,3.3,0.0
2016-04-27 18:00:00,18.7,0.0
2016-04-28 00:00:00,8.3,0.0
2016-04-28 06:00:00,4.3,0.0
2016-04-28 12:00:00,2.5,0.0
2016-04-28 18:00:00,16.4,0.0
2016-04-29 00:00:00,6.8,0.0
2016-04-29 06:00:00,3.8,0.0
2016-04-29 12:00:00,1.5,0.0
2016-04-29 18:00:00,17.3,0.0
2016-04-30 00:00:00,5.4,0.0
2016-04-30 06:00:00,2.4,0.0
2016-04-30 12:00:00,1.5,0.0
2016-04-30 18:00:00,19.3,0.0
2016-05-01 00:00:00,5.1,0.0
2016-05-01 06:00:00,1.8,0.0
2016-05-01 12:00:00,0.8,0.0
2016-05-01 18:00:00,17.0,0.0
2016-05-02 00:00:00,6.3,0.0
2016-05-02 06:00:00,1.9,0.0
2016-05-02 12:00:00,0.5,0.0
2016-05-02 18:00:00,16.9,0.0
2016-05-03 00:00:00,5.6,0.0
2016-05-03 06:00:00,2.7,0.0
2016-05-03 12:00:00,1.7,0.0
2016-05-03 18:00:00,16.4,0.0
2016-05-04 00:00:00,9.8,0.0
2016-05-04 06:00:00,2.7,0.0
2016-05-04 12:00:00,1.0,0.0
2016-05-04 18:00:00,16.5,0.0
2016-05-05 00:00:00,5.6,0.0
2016-05-05 06:00:00,2.2,0.0
2016-05-05 12:00:00,2.2,0.0
2016-05-05 18:00:00,17.4,0.0
2016-05-06 00:00:00,7.7,0.0
2016-05-06 06:00:00,5.9,0.0
2016-05-06 12:00:00,3.6,0.0
2016-05-06 18:00:00,18.0,0.0
2016-05-07 00:00:00,8.3,0.0
2016-05-07 06:00:00,6.0,0.0
2016-05-07 12:00:00,3.7,0.0
2016-05-07 18:00:00,17.5,0.0
2016-05-08 00:00:00,7.3,0.0
2016-05-08 06:00:00,2.5,0.0
2016-05-08 12:00:00,3.0,0.0
2016-05-08 18:00:00,15.8,0.0
2016-05-09 00:00:00,6.6,0.0
2016-05-09 06:00:00,5.6,0.0
2016-05-09 12:00:00,5.6,0.0
2016-05-09 18:00:00,17.0,0.0
2016-05-10 00:00:00,7.1,0.0
2016-05-10 06:00:00,3.4,0.0
2016-05-10 12:00:00,2.8,0.0
2016-05-10 18:00:00,16.7,0.0
2016-05-11 00:00:00,6.9,0.0
2016-05-11 06:00:00,5.7,0.0
2016-05-11 12:00:00,5.6,0.0
2016-05-11 18:00:00,16.7,0.0
2016-05-12 00:00:00,7.3,0.0
2016-05-12 06:00:00,4.8,0.0
2016-05-12 12:00:00,5.2,0.0
2016-05-12 18:00:00,13.6,0.0
2016-05-13 00:00:00,9.9,0.0
2016-05-13 06:00:00,8.8,0.0
2016-05-13 12:00:00,7.8,0.0
2016-05-13 18:00:00,15.6,0.0
2016-05-14 00:00:00,10.3,0.0
2016-05-14 06:00:00,4.9,0.0
2016-05-14 12:00:00,8.4,0.0
2016-05-14 18:00:00,14.3,0.0
2016-05-15 00:00:00,8.8,0.0
2016-05-15 06:00:00,3.6,0.0
2016-05-15 12:00:00,7.8,0.0
2016-05-15 18:00:00,14.8,0.0
2016-05-16 00:00:00,10.8,0.0
2016-05-16 06:00:00,3.7,0.0
2016-05-16 12:00:00,4.7,0.0
2016-05-16 18:00:00,15.9,0.0
2016-05-17 00:00:00,8.7,0.0
2016-05-17 06:00:00,6.8,0.0
2016-05-17 12:00:00,7.5,0.0
2016-05-17 18:00:00,15.1,0.0
2016-05-18 00:00:00,7.1,0.1
2016-05-18 06:00:00,5.1,0.0
2016-05-18 12:00:00,4.1,0.0
2016-05-18 18:00:00,16.6,0.0
2016-05-19 00:00:00,7.4,0.0
2016-05-19 06:00:00,3.2,0.0
2016-05-19 12:00:00,6.0,0.0
2016-05-19 18:00:00,14.8,0.0
2016-05-20 00:00:00,8.3,0.0
2016-05-20 06:00:00,5.3,0.0
2016-05-20 12:00:00,4.6,0.0
2016-05-20 18:00:00,17.5,0.0
2016-05-21 00:00:00,7.8,0.0
2016-05-21 06:00:00,5.4,0.0
2016-05-21 12:00:00,6.6,0.1
2016-05-21 18:00:00,15.6,0.0
2016-05-22 00:00:00,8.0,0.0
2016-05-22 06:00:00,6.6,0.3
2016-05-22 12:00:00,6.8,0.3
2016-05-22 18:00:00,13.0,0.0
2016-05-23 00:00:00,6.9,0.1
2016-05-23 06:00:00,8.2,0.0
2016-05-23 12:00:00,6.3,0.0
2016-05-23 18:00:00,12.8,0.0
2016-05-24 00:00:00,7.2,0.1
2016-05-24 06:00:00,7.3,0.0
2016-05-24 12:00:00,6.0,0.0
2016-05-24 18:00:00,11.4,0.0
2016-05-25 00:00:00,9.0,0.0
2016-05-25 06:00:00,2.6,0.0
2016-05-25 12:00:00,3.5,0.0
2016-05-25 18:00:00,18.5,0.0
2016-05-26 00:00:00,7.3,0.0
2016-05-26 06:00:00,4.8,0.0
2016-05-26 12:00:00,4.1,0.0
2016-05-26 18:00:00,19.1,0.0
2016-05-27 00:00:00,7.9,0.0
2016-05-27 06:00:00,3.3,0.0
2016-05-27 12:00:00,2.9,0.0
2016-05-27 18:00:00,15.8,0.0
2016-05-28 00:00:00,7.4,0.0
2016-05-28 06:00:00,4.6,0.0
2016-05-28 12:00:00,4.0,0.0
2016-05-28 18:00:00,16.6,0.0
2016-05-29 00:00:00,7.5,0.0
2016-05-29 06:00:00,4.5,0.0
2016-05-29 12:00:00,3.5,0.0
2016-05-29 18:00:00,16.3,0.0
2016-05-30 00:00:00,6.7,0.0
2016-05-30 06:00:00,1.0,0.0
2016-05-30 12:00:00,3.1,0.0
2016-05-30 18:00:00,17.4,0.0
2016-05-31 00:00:00,6.2,0.0
2016-05-31 06:00:00,2.2,0.0
2016-05-31 12:00:00,3.2,0.0
2016-05-31 18:00:00,16.9,0.0
2016-06-01 00:00:00,4.0,0.0
2016-06-01 06:00:00,1.8,0.0
2016-06-01 12:00:00,2.9,0.0
2016-06-01 18:00:00,16.5,0.0
2016-06-02 00:00:00,4.8,0.0
2016-06-02 06:00:00,0.9,0.0
2016-06-02 12:00:00,2.9,0.0
2016-06-02 18:00:00,14.9,0.0
2016-06-03 00:00:00,6.3,0.0
2016-06-03 06:00:00,5.0,0.0
2016-06-03 12:00:00,2.9,0.0
2016-06-03 18:00:00,16.7,0.0
2016-06-04 00:00:00,5.7,0.0
2016-06-04 06:00:00,2.4,0.0
2016-06-04 12:00:00,1.3,0.0
2016-06-04 18:00:00,12.9,0.0
2016-06-05 00:00:00,7.2,0.0
2016-06-05 06:00:00,2.2,0.0
2016-06-05 12:00:00,1.9,0.0
2016-06-05 18:00:00,15.3,0.0
2016-06-06 00:00:00,5.3,0.0
2016-06-06 06:00:00,2.6,0.0
2016-06-06 12:00:00,3.3,0.0
2016-06-06 18:00:00,15.9,0.0
2016-06-07 00:00:00,6.8,0.0
2016-06-07 06:00:00,2.5,0.0
2016-06-07 12:00:00,4.0,0.0
2016-06-07 18:00:00,14.3,0.0
2016-06-08 00:00:00,5.8,0.0
2016-06-08 06:00:00,4.4,0.0
2016-06-08 12:00:00,6.2,0.0
2016-06-08 18:00:00,16.2,0.0
2016-06-09 00:00:00,5.9,0.1
2016-06-09 06:00:00,4.0,0.0
2016-06-09 12:00:00,7.6,0.0
2016-06-09 18:00:00,15.5,0.0
2016-06-10 00:00:00,5.4,0.0
2016-06-10 06:00:00,3.3,0.0
2016-06-10 12:00:00,6.3,0.0
2016-06-10 18:00:00,17.1,0.0
2016-06-11 00:00:00,5.1,0.0
2016-06-11 06:00:00,2.0,0.0
2016-06-11 12:00:00,8.5,0.0
2016-06-11 18:00:00,15.1,0.0
2016-06-12 00:00:00,9.6,0.0
2016-06-12 06:00:00,2.7,0.0
2016-06-12 12:00:00,1.9,0.0
2016-06-12 18:00:00,15.1,0.0
2016-06-13 00:00:00,6.8,0.0
2016-06-13 06:00:00,0.8,0.0
2016-06-13 12:00:00,-0.3,0.0
2016-06-13 18:00:00,15.2,0.0
2016-06-14 00:00:00,10.2,0.0
2016-06-14 06:00:00,1.1,0.0
2016-06-14 12:00:00,-0.7,0.0
2016-06-14 18:00:00,16.2,0.0
2016-06-15 00:00:00,10.5,0.0
2016-06-15 06:00:00,0.1,0.0
2016-06-15 12:00:00,0.0,0.0
2016-06-15 18:00:00,15.7,0.0
2016-06-16 00:00:00,9.5,0.0
2016-06-16 06:00:00,9.4,0.0
2016-06-16 12:00:00,9.0,0.0
2016-06-16 18:00:00,15.8,0.0
2016-06-17 00:00:00,10.4,0.0
2016-06-17 06:00:00,9.4,0.0
2016-06-17 12:00:00,8.0,0.0
2016-06-17 18:00:00,16.7,0.0
2016-06-18 00:00:00,2.7,0.0
2016-06-18 06:00:00,1.9,0.0
2016-06-18 12:00:00,3.2,0.0
2016-06-18 18:00:00,17.2,0.0
2016-06-19 00:00:00,3.3,0.0
2016-06-19 06:00:00,0.5,0.0
2016-06-19 12:00:00,1.9,0.0
2016-06-19 18:00:00,14.7,0.0
2016-06-20 00:00:00,3.5,0.0
2016-06-20 06:00:00,0.6,0.0
2016-06-20 12:00:00,3.3,0.0
2016-06-20 18:00:00,15.9,0.0
2016-06-21 00:00:00,4.4,0.0
2016-06-21 06:00:00,0.1,0.0
2016-06-21 12:00:00,4.2,0.0
2016-06-21 18:00:00,18.1,0.0
2016-06-22 00:00:00,3.6,0.0
2016-06-22 06:00:00,2.6,0.0
2016-06-22 12:00:00,-0.2,0.0
2016-06-22 18:00:00,16.9,0.0
2016-06-23 00:00:00,5.8,0.0
2016-06-23 06:00:00,0.2,0.0
2016-06-23 12:00:00,-0.5,0.0
2016-06-23 18:00:00,16.1,0.0
2016-06-24 00:00:00,4.5,0.0
2016-06-24 06:00:00,-0.5,0.0
2016-06-24 12:00:00,1.7,0.0
2016-06-24 18:00:00,17.1,0.0
2016-06-25 00:00:00,6.9,0.0
2016-06-25 06:00:00,1.6,0.0
2016-06-25 12:00:00,3.2,0.0
2016-06-25 18:00:00,17.0,0.0
2016-06-26 00:00:00,4.7,0.0
2016-06-26 06:00:00,1.1,0.0
2016-06-26 12:00:00,0.8,0.0
2016-06-26 18:00:00,18.0,0.0
2016-06-27 00:00:00,5.2,0.0
2016-06-27 06:00:00,4.4,0.0
2016-06-27 12:00:00,7.3,0.0
2016-06-27 18:00:00,11.8,0.0
2016-06-28 00:00:00,8.1,0.0
2016-06-28 06:00:00,7.9,0.0
2016-06-28 12:00:00,7.6,0.0
2016-06-28 18:00:00,14.0,0.0
2016-06-29 00:00:00,7.4,0.0
2016-06-29 06:00:00,6.8,0.0
2016-06-29 12:00:00,7.5,0.0
2016-06-29 18:00:00,14.0,0.0
2016-06-30 00:00:00,9.6,0.0
2016-06-30 06:00:00,8.7,0.0
2016-06-30 12:00:00,8.4,0.0
2016-06-30 18:00:00,15.5,0.0
2016-07-01 00:00:00,10.3,0.0
2016-07-01 06:00:00,9.2,0.0
2016-07-01 12:00:00,9.2,0.0
2016-07-01 18:00:00,15.5,0.0
2016-07-02 00:00:00,10.0,0.0
2016-07-02 06:00:00,3.3,0.0
2016-07-02 12:00:00,6.7,0.0
2016-07-02 18:00:00,16.8,0.0
2016-07-03 00:00:00,4.6,0.0
2016-07-03 06:00:00,-0.5,0.0
2016-07-03 12:00:00,-0.5,0.0
2016-07-03 18:00:00,18.6,0.0
2016-07-04 00:00:00,2.6,0.0
2016-07-04 06:00:00,0.9,0.0
2016-07-04 12:00:00,1.5,0.0
2016-07-04 18:00:00,12.9,0.0
2016-07-05 00:00:00,5.8,0.0
2016-07-05 06:00:00,0.8,0.0
2016-07-05 12:00:00,1.6,0.0
2016-07-05 18:00:00,14.7,0.0
2016-07-06 00:00:00,4.8,0.0
2016-07-06 06:00:00,3.9,0.0
2016-07-06 12:00:00,5.9,0.0
2016-07-06 18:00:00,12.1,0.0
2016-07-07 00:00:00,6.8,0.0
2016-07-07 06:00:00,6.4,0.0
2016-07-07 12:00:00,4.3,0.0
2016-07-07 18:00:00,14.9,0.0
2016-07-08 00:00:00,8.7,0.0
2016-07-08 06:00:00,8.1,0.0
2016-07-08 12:00:00,7.7,0.0
2016-07-08 18:00:00,16.2,0.0
2016-07-09 00:00:00,9.2,0.0
2016-07-09 06:00:00,8.0,0.0
2016-07-09 12:00:00,7.2,0.0
2016-07-09 18:00:00,14.5,0.0
2016-07-10 00:00:00,8.8,0.0
2016-07-10 06:00:00,4.0,0.0
2016-07-10 12:00:00,-0.1,0.0
2016-07-10 18:00:00,15.6,0.0
2016-07-11 00:00:00,5.3,0.0
2016-07-11 06:00:00,0.1,0.0
2016-07-11 12:00:00,1.9,0.0
2016-07-11 18:00:00,16.5,0.0
2016-07-12 00:00:00,4.0,0.0
2016-07-12 06:00:00,0.0,0.0
2016-07-12 12:00:00,1.0,0.0
2016-07-12 18:00:00,16.3,0.0
2016-07-13 00:00:00,3.3,0.0
2016-07-13 06:00:00,-0.2,0.0
2016-07-13 12:00:00,-0.7,0.0
2016-07-13 18:00:00,17.3,0.0
2016-07-14 00:00:00,3.2,0.0
2016-07-14 06:00:00,0.6,0.0
2016-07-14 12:00:00,-0.1,0.0
2016-07-14 18:00:00,18.1,0.0
2016-07-15 00:00:00,5.5,0.0
2016-07-15 06:00:00,3.1,0.0
2016-07-15 12:00:00,1.0,0.0
2016-07-15 18:00:00,17.0,0.0
2016-07-16 00:00:00,6.3,0.0
2016-07-16 06:00:00,1.9,0.0
2016-07-16 12:00:00,1.0,0.0
2016-07-16 18:00:00,17.3,0.0
2016-07-17 00:00:00,7.8,0.0
2016-07-17 06:00:00,2.4,0.0
2016-07-17 12:00:00,6.3,0.0
2016-07-17 18:00:00,15.8,0.0
2016-07-18 00:00:00,7.9,0.0
2016-07-18 06:00:00,1.6,0.0
2016-07-18 12:00:00,2.5,0.0
2016-07-18 18:00:00,18.2,0.0
2016-07-19 00:00:00,5.9,0.0
2016-07-19 06:00:00,0.7,0.0
2016-07-19 12:00:00,3.1,0.0
2016-07-19 18:00:00,15.2,0.0
2016-07-20 00:00:00,9.6,0.0
2016-07-20 06:00:00,5.0,0.0
2016-07-20 12:00:00,8.3,0.0
2016-07-20 18:00:00,15.1,0.0
2016-07-21 00:00:00,9.8,0.0
2016-07-21 06:00:00,7.0,0.0
2016-07-21 12:00:00,7.9,0.0
2016-07-21 18:00:00,16.5,0.0
2016-07-22 00:00:00,8.5,0.0
2016-07-22 06:00:00,5.2,0.0
2016-07-22 12:00:00,3.4,0.0
2016-07-22 18:00:00,17.7,0.0
2016-07-23 00:00:00,3.5,0.0
2016-07-23 06:00:00,1.7,0.0
2016-07-23 12:00:00,3.4,0.0
2016-07-23 18:00:00,17.7,0.0
2016-07-24 00:00:00,4.4,0.0
2016-07-24 06:00:00,0.8,0.0
2016-07-24 12:00:00,2.0,0.0
2016-07-24 18:00:00,16.1,0.0
2016-07-25 00:00:00,3.2,0.0
2016-07-25 06:00:00,1.3,0.0
2016-07-25 12:00:00,3.0,0.0
2016-07-25 18:00:00,18.3,0.0
2016-07-26 00:00:00,3.7,0.0
2016-07-26 06:00:00,3.1,0.0
2016-07-26 12:00:00,7.3,0.0
2016-07-26 18:00:00,18.0,0.0
2016-07-27 00:00:00,10.2,0.0
2016-07-27 06:00:00,7.3,0.0
2016-07-27 12:00:00,6.2,0.0
2016-07-27 18:00:00,15.6,0.0
2016-07-28 00:00:00,9.2,0.0
2016-07-28 06:00:00,7.6,0.0
2016-07-28 12:00:00,3.6,0.0
2016-07-28 18:00:00,17.5,0.0
2016-07-29 00:00:00,10.3,0.0
2016-07-29 06:00:00,-0.4,0.0
2016-07-29 12:00:00,7.5,0.0
2016-07-29 18:00:00,14.9,0.0
2016-07-30 00:00:00,8.6,0.0
2016-07-30 06:00:00,-0.4,0.0
2016-07-30 12:00:00,-0.9,0.0
2016-07-30 18:00:00,17.2,0.0
2016-07-31 00:00:00,7.0,0.0
2016-07-31 06:00:00,1.3,0.0
2016-07-31 12:00:00,7.2,0.0
2016-07-31 18:00:00,15.3,0.0
2016-08-01 00:00:00,9.8,0.0
2016-08-01 06:00:00,1.5,0.0
2016-08-01 12:00:00,0.9,0.0
2016-08-01 18:00:00,16.5,0.0
2016-08-02 00:00:00,9.8,0.0
2016-08-02 06:00:00,1.4,0.0
2016-08-02 12:00:00,4.0,0.0
2016-08-02 18:00:00,12.5,0.0
2016-08-03 00:00:00,9.1,0.0
2016-08-03 06:00:00,7.4,0.0
2016-08-03 12:00:00,6.3,0.0
2016-08-03 18:00:00,17.4,0.0
2016-08-04 00:00:00,6.2,0.0
2016-08-04 06:00:00,1.3,0.0
2016-08-04 12:00:00,5.6,0.0
2016-08-04 18:00:00,13.6,0.0
2016-08-05 00:00:00,9.4,0.0
2016-08-05 06:00:00,0.9,0.0
2016-08-05 12:00:00,2.0,0.0
2016-08-05 18:00:00,18.8,0.0
2016-08-06 00:00:00,5.5,0.0
2016-08-06 06:00:00,0.7,0.0
2016-08-06 12:00:00,0.9,0.0
2016-08-06 18:00:00,17.8,0.0
2016-08-07 00:00:00,9.7,0.0
2016-08-07 06:00:00,5.8,0.0
2016-08-07 12:00:00,7.3,0.0
2016-08-07 18:00:00,16.9,0.0
2016-08-08 00:00:00,10.3,0.0
2016-08-08 06:00:00,1.8,0.0
2016-08-08 12:00:00,1.0,0.0
2016-08-08 18:00:00,17.0,0.0
2016-08-09 00:00:00,6.9,0.0
2016-08-09 06:00:00,0.8,0.0
2016-08-09 12:00:00,4.9,0.0
2016-08-09 18:00:00,17.1,0.0
2016-08-10 00:00:00,4.7,0.0
2016-08-10 06:00:00,2.2,0.0
2016-08-10 12:00:00,1.2,0.0
2016-08-10 18:00:00,16.6,0.0
2016-08-11 00:00:00,6.7,0.0
2016-08-11 06:00:00,5.0,0.1
2016-08-11 12:00:00,5.7,0.0
2016-08-11 18:00:00,17.3,0.0
2016-08-12 00:00:00,7.6,0.0
2016-08-12 06:00:00,3.3,0.0
2016-08-12 12:00:00,4.3,0.0
2016-08-12 18:00:00,14.0,0.0
2016-08-13 00:00:00,6.4,0.0
2016-08-13 06:00:00,6.3,0.0
2016-08-13 12:00:00,6.3,0.0
2016-08-13 18:00:00,15.0,0.0
2016-08-14 00:00:00,8.3,0.0
2016-08-14 06:00:00,1.0,0.0
2016-08-14 12:00:00,1.7,0.0
2016-08-14 18:00:00,17.6,0.0
2016-08-15 00:00:00,5.6,0.0
2016-08-15 06:00:00,2.0,0.0
2016-08-15 12:00:00,2.3,0.0
2016-08-15 18:00:00,19.1,0.0
2016-08-16 00:00:00,7.7,0.0
2016-08-16 06:00:00,3.3,0.0
2016-08-16 12:00:00,7.1,0.0
2016-08-16 18:00:00,16.7,0.0
2016-08-17 00:00:00,9.8,0.0
2016-08-17 06:00:00,1.1,0.0
2016-08-17 12:00:00,3.9,0.0
2016-08-17 18:00:00,16.5,0.0
2016-08-18 00:00:00,6.8,0.0
2016-08-18 06:00:00,2.0,0.0
2016-08-18 12:00:00,6.1,0.0
2016-08-18 18:00:00,14.2,0.0
2016-08-19 00:00:00,5.9,0.0
2016-08-19 06:00:00,1.5,0.0
2016-08-19 12:00:00,2.7,0.0
2016-08-19 18:00:00,15.2,0.0
2016-08-20 00:00:00,8.6,0.0
2016-08-20 06:00:00,1.7,0.0
2016-08-20 12:00:00,6.8,0.0
2016-08-20 18:00:00,16.0,0.0
2016-08-21 00:00:00,10.2,0.0
2016-08-21 06:00:00,7.9,0.0
2016-08-21 12:00:00,7.2,0.0
2016-08-21 18:00:00,16.0,0.0
2016-08-22 00:00:00,9.7,0.0
2016-08-22 06:00:00,7.6,0.0
2016-08-22 12:00:00,7.2,0.0
2016-08-22 18:00:00,15.9,0.0
2016-08-23 00:00:00,10.3,0.0
2016-08-23 06:00:00,7.3,0.0
2016-08-23 12:00:00,3.0,0.0
2016-08-23 18:00:00,18.2,0.0
2016-08-24 00:00:00,7.6,0.0
2016-08-24 06:00:00,1.7,0.0
2016-08-24 12:00:00,0.6,0.0
2016-08-24 18:00:00,19.5,0.0
2016-08-25 00:00:00,5.8,0.0
2016-08-25 06:00:00,2.0,0.0
2016-08-25 12:00:00,0.1,0.0
2016-08-25 18:00:00,16.9,0.0
2016-08-26 00:00:00,10.1,0.0
2016-08-26 06:00:00,1.2,0.0
2016-08-26 12:00:00,0.0,0.0
2016-08-26 18:00:00,16.1,0.0
2016-08-27 00:00:00,6.9,0.0
2016-08-27 06:00:00,3.3,0.0
2016-08-27 12:00:00,-0.1,0.0
2016-08-27 18:00:00,17.6,0.0
2016-08-28 00:00:00,7.0,0.0
2016-08-28 06:00:00,2.9,0.0
2016-08-28 12:00:00,3.2,0.0
2016-08-28 18:00:00,17.2,0.0
2016-08-29 00:00:00,6.7,0.0
2016-08-29 06:00:00,2.2,0.0
2016-08-29 12:00:00,2.4,0.0
2016-08-29 18:00:00,15.3,0.0
2016-08-30 00:00:00,8.0,0.0
2016-08-30 06:00:00,4.7,0.0
2016-08-30 12:00:00,3.6,0.0
2016-08-30 18:00:00,17.8,0.0
2016-08-31 00:00:00,7.3,0.0
2016-08-31 06:00:00,3.5,0.0
2016-08-31 12:00:00,2.0,0.0
2016-08-31 18:00:00,16.1,0.0
2016-09-01 00:00:00,6.8,0.0
2016-09-01 06:00:00,2.9,0.0
2016-09-01 12:00:00,4.9,0.0
2016-09-01 18:00:00,16.6,0.0
2016-09-02 00:00:00,4.6,0.0
2016-09-02 06:00:00,2.3,0.0
2016-09-02 12:00:00,2.9,0.0
2016-09-02 18:00:00,17.3,0.0
2016-09-03 00:00:00,6.1,0.0
2016-09-03 06:00:00,1.6,0.0
2016-09-03 12:00:00,6.9,0.0
2016-09-03 18:00:00,17.6,0.0
2016-09-04 00:00:00,4.1,0.0
2016-09-04 06:00:00,0.5,0.0
2016-09-04 12:00:00,0.5,0.0
2016-09-04 18:00:00,13.8,0.0
2016-09-05 00:00:00,6.1,0.0
2016-09-05 06:00:00,-0.2,0.0
2016-09-05 12:00:00,0.5,0.0
2016-09-05 18:00:00,15.3,0.0
2016-09-06 00:00:00,7.4,0.0
2016-09-06 06:00:00,2.5,0.0
2016-09-06 12:00:00,3.3,0.0
2016-09-06 18:00:00,18.3,0.0
2016-09-07 00:00:00,7.2,0.0
2016-09-07 06:00:00,2.5,0.0
2016-09-07 12:00:00,3.7,0.0
2016-09-07 18:00:00,19.1,0.0
2016-09-08 00:00:00,7.6,0.0
2016-09-08 06:00:00,1.7,0.0
2016-09-08 12:00:00,3.7,0.0
2016-09-08 18:00:00,19.6,0.0
2016-09-09 00:00:00,6.9,0.0
2016-09-09 06:00:00,2.0,0.0
2016-09-09 12:00:00,5.8,0.0
2016-09-09 18:00:00,14.9,0.0
2016-09-10 00:00:00,9.7,0.0
2016-09-10 06:00:00,3.2,0.0
2016-09-10 12:00:00,6.4,0.0
2016-09-10 18:00:00,18.2,0.0
2016-09-11 00:00:00,10.6,0.0
2016-09-11 06:00:00,0.9,0.0
2016-09-11 12:00:00,0.7,0.0
2016-09-11 18:00:00,17.0,0.0
2016-09-12 00:00:00,10.1,0.0
2016-09-12 06:00:00,1.3,0.0
2016-09-12 12:00:00,0.5,0.0
2016-09-12 18:00:00,19.0,0.0
2016-09-13 00:00:00,4.7,0.0
2016-09-13 06:00:00,1.0,0.0
2016-09-13 12:00:00,0.6,0.0
2016-09-13 18:00:00,17.7,0.0
2016-09-14 00:00:00,6.3,0.0
2016-09-14 06:00:00,2.7,0.0
2016-09-14 12:00:00,4.3,0.0
2016-09-14 18:00:00,15.4,0.0
2016-09-15 00:00:00,7.9,0.0
2016-09-15 06:00:00,3.5,0.0
2016-09-15 12:00:00,3.9,0.1
2016-09-15 18:00:00,13.6,0.0
2016-09-16 00:00:00,7.9,0.0
2016-09-16 06:00:00,6.7,0.0
2016-09-16 12:00:00,3.4,0.0
2016-09-16 18:00:00,14.4,0.0
2016-09-17 00:00:00,9.1,0.0
2016-09-17 06:00:00,1.4,0.0
2016-09-17 12:00:00,7.5,0.0
2016-09-17 18:00:00,15.9,0.0
2016-09-18 00:00:00,9.3,0.0
2016-09-18 06:00:00,3.3,0.0
2016-09-18 12:00:00,7.3,0.0
2016-09-18 18:00:00,16.0,0.0
2016-09-19 00:00:00,9.2,0.0
2016-09-19 06:00:00,7.8,0.0
2016-09-19 12:00:00,7.1,0.0
2016-09-19 18:00:00,15.4,0.0
2016-09-20 00:00:00,9.5,0.0
2016-09-20 06:00:00,5.8,0.0
2016-09-20 12:00:00,6.8,0.0
2016-09-20 18:00:00,13.6,0.0
2016-09-21 00:00:00,5.7,0.1
2016-09-21 06:00:00,3.3,0.0
2016-09-21 12:00:00,5.0,0.0
2016-09-21 18:00:00,15.7,0.0
2016-09-22 00:00:00,6.0,0.0
2016-09-22 06:00:00,2.6,0.0
2016-09-22 12:00:00,6.2,0.0
2016-09-22 18:00:00,15.7,0.0
2016-09-23 00:00:00,6.4,0.0
2016-09-23 06:00:00,5.0,0.0
2016-09-23 12:00:00,7.9,0.0
2016-09-23 18:00:00,18.7,0.0
2016-09-24 00:00:00,7.0,0.0
2016-09-24 06:00:00,6.1,0.0
2016-09-24 12:00:00,7.7,0.0
2016-09-24 18:00:00,16.3,0.0
2016-09-25 00:00:00,9.3,0.0
2016-09-25 06:00:00,5.3,0.0
2016-09-25 12:00:00,6.5,0.0
2016-09-25 18:00:00,17.1,0.0
2016-09-26 00:00:00,5.9,0.0
2016-09-26 06:00:00,3.1,0.0
2016-09-26 12:00:00,4.9,0.1
2016-09-26 18:00:00,20.5,0.0
2016-09-27 00:00:00,4.2,0.0
2016-09-27 06:00:00,2.2,0.0
2016-09-27 12:00:00,5.2,0.0
2016-09-27 18:00:00,15.4,0.0
2016-09-28 00:00:00,7.1,0.0
2016-09-28 06:00:00,5.4,0.1
2016-09-28 12:00:00,3.8,0.0
2016-09-28 18:00:00,16.0,0.0
2016-09-29 00:00:00,6.4,0.1
2016-09-29 06:00:00,3.0,0.1
2016-09-29 12:00:00,6.7,0.0
2016-09-29 18:00:00,17.8,0.0
2016-09-30 00:00:00,6.5,0.0
2016-09-30 06:00:00,4.8,0.0
2016-09-30 12:00:00,2.8,0.0
2016-09-30 18:00:00,14.8,0.0
2016-10-01 00:00:00,5.4,1.0
2016-10-01 06:00:00,5.3,0.0
2016-10-01 12:00:00,5.2,0.0
2016-10-01 18:00:00,16.0,0.0
2016-10-02 00:00:00,5.9,0.1
2016-10-02 06:00:00,2.8,0.9
2016-10-02 12:00:00,5.6,0.0
2016-10-02 18:00:00,15.9,0.0
2016-10-03 00:00:00,2.8,0.8
2016-10-03 06:00:00,5.7,0.0
2016-10-03 12:00:00,6.2,0.0
2016-10-03 18:00:00,16.9,0.0
2016-10-04 00:00:00,7.1,0.0
2016-10-04 06:00:00,4.6,0.0
2016-10-04 12:00:00,7.3,0.0
2016-10-04 18:00:00,16.3,0.0
2016-10-05 00:00:00,6.8,0.0
2016-10-05 06:00:00,6.3,0.0
2016-10-05 12:00:00,6.6,0.1
2016-10-05 18:00:00,13.7,0.0
2016-10-06 00:00:00,6.2,0.4
2016-10-06 06:00:00,5.7,0.9
2016-10-06 12:00:00,7.1,0.0
2016-10-06 18:00:00,11.5,0.0
2016-10-07 00:00:00,6.8,0.0
2016-10-07 06:00:00,4.4,0.0
2016-10-07 12:00:00,1.7,0.0
2016-10-07 18:00:00,16.7,0.0
2016-10-08 00:00:00,7.3,0.0
2016-10-08 06:00:00,4.2,0.0
2016-10-08 12:00:00,1.7,0.0
2016-10-08 18:00:00,18.5,0.0
2016-10-09 00:00:00,5.4,0.0
2016-10-09 06:00:00,1.8,0.0
2016-10-09 12:00:00,1.3,0.0
2016-10-09 18:00:00,14.2,0.0
2016-10-10 00:00:00,6.7,0.0
2016-10-10 06:00:00,2.1,0.0
2016-10-10 12:00:00,5.2,0.0
2016-10-10 18:00:00,14.2,0.0
2016-10-11 00:00:00,7.2,0.0
2016-10-11 06:00:00,5.3,0.1
2016-10-11 12:00:00,6.7,0.0
2016-10-11 18:00:00,11.7,0.0
2016-10-12 00:00:00,6.3,0.0
2016-10-12 06:00:00,4.2,0.0
2016-10-12 12:00:00,5.6,0.0
2016-10-12 18:00:00,15.0,0.0
2016-10-13 00:00:00,7.3,0.0
2016-10-13 06:00:00,4.6,0.0
2016-10-13 12:00:00,5.6,0.0
2016-10-13 18:00:00,16.4,0.0
2016-10-14 00:00:00,6.3,0.0
2016-10-14 06:00:00,6.7,0.0
2016-10-14 12:00:00,6.4,0.0
2016-10-14 18:00:00,16.5,0.0
2016-10-15 00:00:00,5.0,0.9
2016-10-15 06:00:00,3.4,0.0
2016-10-15 12:00:00,3.0,0.0
2016-10-15 18:00:00,15.3,0.0
2016-10-16 00:00:00,6.1,0.1
2016-10-16 06:00:00,4.9,0.0
2016-10-16 12:00:00,5.9,0.0
2016-10-16 18:00:00,9.1,0.2
2016-10-17 00:00:00,6.0,2.1
2016-10-17 06:00:00,4.6,0.0
2016-10-17 12:00:00,5.6,0.1
2016-10-17 18:00:00,18.4,0.0
2016-10-18 00:00:00,5.9,0.5
2016-10-18 06:00:00,3.5,0.0
2016-10-18 12:00:00,6.9,0.0
2016-10-18 18:00:00,14.0,0.0
2016-10-19 00:00:00,7.4,0.0
2016-10-19 06:00:00,4.9,0.0
2016-10-19 12:00:00,5.1,0.0
2016-10-19 18:00:00,15.3,0.0
2016-10-20 00:00:00,5.6,0.0
2016-10-20 06:00:00,4.9,0.0
2016-10-20 12:00:00,6.3,0.0
2016-10-20 18:00:00,16.3,0.0
2016-10-21 00:00:00,6.8,0.0
2016-10-21 06:00:00,2.3,0.0
2016-10-21 12:00:00,3.2,0.0
2016-10-21 18:00:00,12.0,0.0
2016-10-22 00:00:00,5.4,0.0
2016-10-22 06:00:00,3.6,0.0
2016-10-22 12:00:00,1.5,0.0
2016-10-22 18:00:00,16.9,0.0
2016-10-23 00:00:00,7.3,0.0
2016-10-23 06:00:00,2.4,0.0
2016-10-23 12:00:00,1.7,0.0
2016-10-23 18:00:00,18.2,0.0
2016-10-24 00:00:00,7.7,0.0
2016-10-24 06:00:00,2.3,0.0
2016-10-24 12:00:00,0.9,0.0
2016-10-24 18:00:00,19.5,0.0
2016-10-25 00:00:00,6.8,0.0
2016-10-25 06:00:00,2.0,0.0
2016-10-25 12:00:00,1.7,0.0
2016-10-25 18:00:00,17.8,0.0
2016-10-26 00:00:00,7.7,0.0
2016-10-26 06:00:00,1.7,0.0
2016-10-26 12:00:00,0.4,0.0
2016-10-26 18:00:00,18.4,0.0
2016-10-27 00:00:00,5.3,0.0
2016-10-27 06:00:00,-0.3,0.0
2016-10-27 12:00:00,4.1,0.0
2016-10-27 18:00:00,17.5,0.0
2016-10-28 00:00:00,4.2,0.0
2016-10-28 06:00:00,0.6,0.0
2016-10-28 12:00:00,6.5,0.0
2016-10-28 18:00:00,15.7,0.0
2016-10-29 00:00:00,6.3,0.0
2016-10-29 06:00:00,5.9,0.0
2016-10-29 12:00:00,2.6,0.0
2016-10-29 18:00:00,14.0,0.0
2016-10-30 00:00:00,7.4,0.0
2016-10-30 06:00:00,2.8,0.0
2016-10-30 12:00:00,3.5,0.0
2016-10-30 18:00:00,18.4,0.0
2016-10-31 00:00:00,4.4,0.0
2016-10-31 06:00:00,2.2,0.0
2016-10-31 12:00:00,2.9,0.0
2016-10-31 18:00:00,19.3,0.0
2016-11-01 00:00:00,5.5,0.0
2016-11-01 06:00:00,1.1,0.0
2016-11-01 12:00:00,1.7,0.0
2016-11-01 18:00:00,20.2,0.0
2016-11-02 00:00:00,7.5,0.0
2016-11-02 06:00:00,1.9,0.0
2016-11-02 12:00:00,1.1,0.0
2016-11-02 18:00:00,19.4,0.0
2016-11-03 00:00:00,6.2,0.0
2016-11-03 06:00:00,0.8,0.0
2016-11-03 12:00:00,4.0,0.0
2016-11-03 18:00:00,18.6,0.0
2016-11-04 00:00:00,6.8,0.0
2016-11-04 06:00:00,3.4,0.1
2016-11-04 12:00:00,5.7,0.0
2016-11-04 18:00:00,16.2,0.0
2016-11-05 00:00:00,7.9,0.0
2016-11-05 06:00:00,7.7,0.0
2016-11-05 12:00:00,8.0,0.0
2016-11-05 18:00:00,13.2,0.0
2016-11-06 00:00:00,9.6,0.0
2016-11-06 06:00:00,3.0,0.0
2016-11-06 12:00:00,7.9,0.0
2016-11-06 18:00:00,17.7,0.0
2016-11-07 00:00:00,7.4,0.0
2016-11-07 06:00:00,2.3,0.0
2016-11-07 12:00:00,2.0,0.0
2016-11-07 18:00:00,18.3,0.0
2016-11-08 00:00:00,7.6,0.0
2016-11-08 06:00:00,6.4,0.0
2016-11-08 12:00:00,6.9,0.0
2016-11-08 18:00:00,19.5,0.0
2016-11-09 00:00:00,7.9,0.0
2016-11-09 06:00:00,4.8,0.0
2016-11-09 12:00:00,4.1,0.0
2016-11-09 18:00:00,19.5,0.0
2016-11-10 00:00:00,8.1,0.0
2016-11-10 06:00:00,3.6,0.0
2016-11-10 12:00:00,2.9,0.0
2016-11-10 18:00:00,17.4,0.0
2016-11-11 00:00:00,7.5,0.0
2016-11-11 06:00:00,2.9,0.0
2016-11-11 12:00:00,1.4,0.0
2016-11-11 18:00:00,20.8,0.0
2016-11-12 00:00:00,8.1,0.0
2016-11-12 06:00:00,-0.3,0.0
2016-11-12 12:00:00,-0.4,0.0
2016-11-12 18:00:00,18.4,0.0
2016-11-13 00:00:00,8.8,0.0
2016-11-13 06:00:00,1.2,0.0
2016-11-13 12:00:00,0.6,0.0
2016-11-13 18:00:00,18.5,0.0
2016-11-14 00:00:00,7.7,0.0
2016-11-14 06:00:00,-0.6,0.0
2016-11-14 12:00:00,-0.6,0.0
2016-11-14 18:00:00,18.1,0.0
2016-11-15 00:00:00,6.4,0.0
2016-11-15 06:00:00,-1.1,0.0
2016-11-15 12:00:00,-0.3,0.0
2016-11-15 18:00:00,16.5,0.0
2016-11-16 00:00:00,5.9,0.0
2016-11-16 06:00:00,-1.1,0.0
2016-11-16 12:00:00,-1.4,0.0
2016-11-16 18:00:00,18.4,0.0
2016-11-17 00:00:00,5.7,0.0
2016-11-17 06:00:00,-0.6,0.0
2016-11-17 12:00:00,-0.7,0.0
2016-11-17 18:00:00,19.1,0.0
2016-11-18 00:00:00,7.2,0.0
2016-11-18 06:00:00,0.0,0.0
2016-11-18 12:00:00,4.9,0.0
2016-11-18 18:00:00,18.0,0.0
2016-11-19 00:00:00,6.9,0.0
2016-11-19 06:00:00,0.2,0.0
2016-11-19 12:00:00,2.0,0.0
2016-11-19 18:00:00,20.0,0.0
2016-11-20 00:00:00,6.9,0.0
2016-11-20 06:00:00,-0.5,0.0
2016-11-20 12:00:00,-0.4,0.0
2016-11-20 18:00:00,19.4,0.0
2016-11-21 00:00:00,5.2,0.0
2016-11-21 06:00:00,-1.3,0.0
2016-11-21 12:00:00,-1.7,0.0
2016-11-21 18:00:00,19.0,0.0
2016-11-22 00:00:00,2.7,0.0
2016-11-22 06:00:00,-1.6,0.0
2016-11-22 12:00:00,-0.5,0.0
2016-11-22 18:00:00,19.6,0.0
2016-11-23 00:00:00,4.2,0.0
2016-11-23 06:00:00,0.0,0.0
2016-11-23 12:00:00,1.0,0.0
2016-11-23 18:00:00,19.4,0.0
2016-11-24 00:00:00,7.4,0.0
2016-11-24 06:00:00,0.6,0.0
2016-11-24 12:00:00,0.7,0.0
2016-11-24 18:00:00,19.9,0.0
2016-11-25 00:00:00,5.8,0.0
2016-11-25 06:00:00,1.9,0.0
2016-11-25 12:00:00,1.3,0.0
2016-11-25 18:00:00,19.2,0.0
2016-11-26 00:00:00,7.8,0.0
2016-11-26 06:00:00,2.4,0.0
2016-11-26 12:00:00,1.7,0.0
2016-11-26 18:00:00,18.7,0.0
2016-11-27 00:00:00,7.9,0.0
2016-11-27 06:00:00,2.4,0.0
2016-11-27 12:00:00,2.0,0.0
2016-11-27 18:00:00,19.8,0.0
2016-11-28 00:00:00,7.8,0.0
2016-11-28 06:00:00,3.9,0.0
2016-11-28 12:00:00,2.3,0.0
2016-11-28 18:00:00,19.2,0.0
2016-11-29 00:00:00,8.3,0.0
2016-11-29 06:00:00,4.9,0.0
2016-11-29 12:00:00,8.7,0.0
2016-11-29 18:00:00,20.6,0.0
2016-11-30 00:00:00,8.2,0.0
2016-11-30 06:00:00,4.7,0.0
2016-11-30 12:00:00,7.1,0.0
2016-11-30 18:00:00,18.8,0.0
2016-12-01 00:00:00,8.3,0.0
2016-12-01 06:00:00,4.1,1.5
2016-12-01 12:00:00,7.1,0.0
2016-12-01 18:00:00,14.7,0.0
2016-12-02 00:00:00,6.1,0.0
2016-12-02 06:00:00,3.2,0.0
2016-12-02 12:00:00,7.9,0.0
2016-12-02 18:00:00,17.7,0.0
2016-12-03 00:00:00,6.5,0.0
2016-12-03 06:00:00,5.2,0.0
2016-12-03 12:00:00,5.1,0.0
2016-12-03 18:00:00,15.8,0.0
2016-12-04 00:00:00,5.8,0.0
2016-12-04 06:00:00,4.4,0.0
2016-12-04 12:00:00,4.5,0.0
2016-12-04 18:00:00,9.6,0.9
2016-12-05 00:00:00,5.8,0.1
2016-12-05 06:00:00,2.1,0.1
2016-12-05 12:00:00,1.3,0.0
2016-12-05 18:00:00,16.4,0.0
2016-12-06 00:00:00,7.0,0.0
2016-12-06 06:00:00,6.1,0.0
2016-12-06 12:00:00,6.1,0.0
2016-12-06 18:00:00,10.0,0.0
2016-12-07 00:00:00,5.5,0.1
2016-12-07 06:00:00,3.8,0.0
2016-12-07 12:00:00,2.9,0.0
2016-12-07 18:00:00,9.3,0.1
2016-12-08 00:00:00,6.1,0.0
2016-12-08 06:00:00,5.5,0.0
2016-12-08 12:00:00,5.0,0.0
2016-12-08 18:00:00,13.7,0.0
2016-12-09 00:00:00,5.5,1.5
2016-12-09 06:00:00,4.7,0.1
2016-12-09 12:00:00,5.0,0.0
2016-12-09 18:00:00,10.3,0.0
2016-12-10 00:00:00,5.5,0.3
2016-12-10 06:00:00,4.8,0.0
2016-12-10 12:00:00,4.8,0.0
2016-12-10 18:00:00,12.8,0.0
2016-12-11 00:00:00,6.7,0.0
2016-12-11 06:00:00,4.6,0.0
2016-12-11 12:00:00,4.6,0.0
2016-12-11 18:00:00,12.9,0.0
2016-12-12 00:00:00,6.5,0.0
2016-12-12 06:00:00,5.4,0.0
2016-12-12 12:00:00,3.5,0.0
2016-12-12 18:00:00,14.2,0.0
2016-12-13 00:00:00,7.4,0.2
2016-12-13 06:00:00,4.8,0.0
2016-12-13 12:00:00,2.2,0.0
2016-12-13 18:00:00,14.5,0.0
2016-12-14 00:00:00,7.3,0.0
2016-12-14 06:00:00,2.6,0.0
2016-12-14 12:00:00,0.9,0.0
2016-12-14 18:00:00,16.7,0.0
2016-12-15 00:00:00,6.7,0.5
2016-12-15 06:00:00,5.5,0.5
2016-12-15 12:00:00,5.7,0.1
2016-12-15 18:00:00,8.6,0.0
2016-12-16 00:00:00,7.7,0.0
2016-12-16 06:00:00,6.2,0.1
2016-12-16 12:00:00,6.4,0.0
2016-12-16 18:00:00,10.9,0.0
2016-12-17 00:00:00,6.8,0.1
2016-12-17 06:00:00,4.7,0.0
2016-12-17 12:00:00,3.6,0.0
2016-12-17 18:00:00,16.9,0.0
2016-12-18 00:00:00,6.4,0.0
2016-12-18 06:00:00,5.1,0.0
2016-12-18 12:00:00,2.6,0.0
2016-12-18 18:00:00,14.2,0.0
2016-12-19 00:00:00,5.8,0.3
2016-12-19 06:00:00,6.5,0.5
2016-12-19 12:00:00,6.0,0.2
2016-12-19 18:00:00,11.5,0.0
2016-12-20 00:00:00,5.0,2.4
2016-12-20 06:00:00,4.6,0.0
2016-12-20 12:00:00,3.8,0.0
2016-12-20 18:00:00,12.3,0.0
2016-12-21 00:00:00,5.4,1.0
2016-12-21 06:00:00,4.3,0.0
2016-12-21 12:00:00,4.1,0.0
2016-12-21 18:00:00,13.4,0.1
2016-12-22 00:00:00,6.5,0.0
2016-12-22 06:00:00,5.6,0.0
2016-12-22 12:00:00,5.6,0.1
2016-12-22 18:00:00,8.1,0.0
2016-12-23 00:00:00,4.2,1.9
2016-12-23 06:00:00,4.0,0.0
2016-12-23 12:00:00,4.3,0.0
2016-12-23 18:00:00,14.2,0.0
2016-12-24 00:00:00,6.4,0.0
2016-12-24 06:00:00,5.6,0.0
2016-12-24 12:00:00,4.9,0.0
2016-12-24 18:00:00,17.2,0.0
2016-12-25 00:00:00,6.9,0.0
2016-12-25 06:00:00,5.0,0.0
2016-12-25 12:00:00,5.5,0.0
2016-12-25 18:00:00,17.9,0.0
2016-12-26 00:00:00,6.1,0.5
2016-12-26 06:00:00,4.9,0.0
2016-12-26 12:00:00,2.9,0.0
2016-12-26 18:00:00,18.6,0.0
2016-12-27 00:00:00,7.0,1.5
2016-12-27 06:00:00,5.9,0.0
2016-12-27 12:00:00,6.0,0.0
2016-12-27 18:00:00,12.6,0.0
2016-12-28 00:00:00,6.4,1.9
2016-12-28 06:00:00,5.4,0.0
2016-12-28 12:00:00,6.4,0.0
2016-12-28 18:00:00,14.9,0.0
2016-12-29 00:00:00,6.6,0.1
2016-12-29 06:00:00,5.9,0.0
2016-12-29 12:00:00,6.4,0.0
2016-12-29 18:00:00,15.2,0.0
2016-12-30 00:00:00,5.9,0.0
2016-12-30 06:00:00,3.9,0.0
2016-12-30 12:00:00,2.9,0.0
2016-12-30 18:00:00,13.1,0.0
2016-12-31 00:00:00,6.1,0.3
2016-12-31 06:00:00,6.1,0.1
2016-12-31 12:00:00,5.8,0.0
2016-12-31 18:00:00,8.9,0.2
2017-01-01 00:00:00,6.4,0.8
2017-01-01 06:00:00,4.2,0.0
2017-01-01 12:00:00,4.3,0.0
2017-01-01 18:00:00,17.0,0.0
2017-01-02 00:00:00,6.8,0.9
2017-01-02 06:00:00,5.7,0.1
2017-01-02 12:00:00,5.0,0.1
2017-01-02 18:00:00,16.3,0.0
2017-01-03 00:00:00,7.9,0.0
2017-01-03 06:00:00,6.6,0.0
2017-01-03 12:00:00,5.2,0.0
2017-01-03 18:00:00,13.5,0.0
2017-01-04 00:00:00,6.6,0.0
2017-01-04 06:00:00,4.6,0.0
2017-01-04 12:00:00,5.4,0.0
2017-01-04 18:00:00,14.2,0.0
2017-01-05 00:00:00,8.7,0.0
2017-01-05 06:00:00,5.7,0.0
2017-01-05 12:00:00,4.4,0.0
2017-01-05 18:00:00,11.3,0.0
2017-01-06 00:00:00,7.0,0.0
2017-01-06 06:00:00,4.9,0.2
2017-01-06 12:00:00,5.6,0.1
2017-01-06 18:00:00,12.8,0.0
2017-01-07 00:00:00,7.0,0.7
2017-01-07 06:00:00,5.6,0.1
2017-01-07 12:00:00,6.1,0.0
2017-01-07 18:00:00,12.4,0.2
2017-01-08 00:00:00,6.1,0.0
2017-01-08 06:00:00,5.4,0.0
2017-01-08 12:00:00,6.0,0.0
2017-01-08 18:00:00,10.4,3.7
2017-01-09 00:00:00,6.0,0.1
2017-01-09 06:00:00,5.3,0.0
2017-01-09 12:00:00,3.1,0.0
2017-01-09 18:00:00,14.2,0.0
2017-01-10 00:00:00,4.6,0.9
2017-01-10 06:00:00,5.2,0.0
2017-01-10 12:00:00,4.7,0.1
2017-01-10 18:00:00,10.3,0.0
2017-01-11 00:00:00,5.6,0.8
2017-01-11 06:00:00,4.8,0.0
2017-01-11 12:00:00,3.6,0.0
2017-01-11 18:00:00,15.7,0.0
2017-01-12 00:00:00,6.2,0.3
2017-01-12 06:00:00,4.7,0.0
2017-01-12 12:00:00,5.8,0.0
2017-01-12 18:00:00,16.4,0.0
2017-01-13 00:00:00,4.9,0.2
2017-01-13 06:00:00,3.1,1.6
2017-01-13 12:00:00,4.0,0.0
2017-01-13 18:00:00,11.8,0.0
2017-01-14 00:00:00,5.8,0.3
2017-01-14 06:00:00,5.4,0.1
2017-01-14 12:00:00,5.6,0.1
2017-01-14 18:00:00,6.4,1.9
2017-01-15 00:00:00,6.0,0.7
2017-01-15 06:00:00,5.7,0.2
2017-01-15 12:00:00,5.3,0.0
2017-01-15 18:00:00,6.5,0.3
2017-01-16 00:00:00,4.4,0.6
2017-01-16 06:00:00,3.7,0.1
2017-01-16 12:00:00,3.6,0.0
2017-01-16 18:00:00,6.6,0.0
2017-01-17 00:00:00,3.5,0.1
2017-01-17 06:00:00,3.7,0.0
2017-01-17 12:00:00,4.9,0.0
2017-01-17 18:00:00,13.5,0.0
2017-01-18 00:00:00,7.4,0.0
2017-01-18 06:00:00,5.7,0.0
2017-01-18 12:00:00,4.1,0.0
2017-01-18 18:00:00,19.2,0.0
2017-01-19 00:00:00,7.1,0.0
2017-01-19 06:00:00,5.2,0.0
2017-01-19 12:00:00,2.7,0.0
2017-01-19 18:00:00,12.8,0.0
2017-01-20 00:00:00,6.9,0.0
2017-01-20 06:00:00,5.7,0.0
2017-01-20 12:00:00,5.6,0.0
2017-01-20 18:00:00,14.3,0.0
2017-01-21 00:00:00,7.7,0.0
2017-01-21 06:00:00,4.1,0.0
2017-01-21 12:00:00,3.1,0.0
2017-01-21 18:00:00,10.8,0.0
2017-01-22 00:00:00,5.8,0.0
2017-01-22 06:00:00,5.0,0.1
2017-01-22 12:00:00,4.6,0.1
2017-01-22 18:00:00,10.0,0.0
2017-01-23 00:00:00,4.8,0.4
2017-01-23 06:00:00,4.7,0.6
2017-01-23 12:00:00,3.7,0.0
2017-01-23 18:00:00,7.9,0.1
2017-01-24 00:00:00,6.0,2.6
2017-01-24 06:00:00,3.6,0.1
2017-01-24 12:00:00,4.9,0.0
2017-01-24 18:00:00,9.0,0.0
2017-01-25 00:00:00,4.9,0.1
2017-01-25 06:00:00,5.3,0.0
2017-01-25 12:00:00,5.3,0.1
2017-01-25 18:00:00,12.3,0.1
2017-01-26 00:00:00,6.5,0.2
2017-01-26 06:00:00,5.8,0.0
2017-01-26 12:00:00,3.7,0.0
2017-01-26 18:00:00,12.7,0.0
2017-01-27 00:00:00,7.4,0.0
2017-01-27 06:00:00,5.3,0.0
2017-01-27 12:00:00,3.5,0.0
2017-01-27 18:00:00,17.2,0.0
2017-01-28 00:00:00,7.0,0.1
2017-01-28 06:00:00,8.3,0.0
2017-01-28 12:00:00,8.7,0.0
2017-01-28 18:00:00,14.4,0.0
2017-01-29 00:00:00,9.3,0.0
2017-01-29 06:00:00,7.2,0.0
2017-01-29 12:00:00,5.4,0.0
2017-01-29 18:00:00,14.9,0.0
2017-01-30 00:00:00,8.4,0.0
2017-01-30 06:00:00,6.7,0.0
2017-01-30 12:00:00,5.9,0.0
2017-01-30 18:00:00,15.7,0.0
2017-01-31 00:00:00,8.8,0.0
2017-01-31 06:00:00,6.2,0.0
2017-01-31 12:00:00,3.9,0.0
2017-01-31 18:00:00,13.8,0.0
2017-02-01 00:00:00,6.8,0.0
2017-02-01 06:00:00,6.5,0.0
2017-02-01 12:00:00,3.1,0.0
2017-02-01 18:00:00,16.4,0.0
2017-02-02 00:00:00,8.0,0.0
2017-02-02 06:00:00,6.5,0.0
2017-02-02 12:00:00,5.1,0.0
2017-02-02 18:00:00,16.0,0.0
2017-02-03 00:00:00,7.6,0.0
2017-02-03 06:00:00,6.5,0.0
2017-02-03 12:00:00,5.4,0.0
2017-02-03 18:00:00,17.3,0.0
2017-02-04 00:00:00,7.3,0.4
2017-02-04 06:00:00,5.8,0.0
2017-02-04 12:00:00,4.7,0.0
2017-02-04 18:00:00,16.8,0.0
2017-02-05 00:00:00,6.9,0.3
2017-02-05 06:00:00,5.4,0.0
2017-02-05 12:00:00,5.0,0.0
2017-02-05 18:00:00,11.8,0.0
2017-02-06 00:00:00,6.5,0.0
2017-02-06 06:00:00,4.3,0.0
2017-02-06 12:00:00,6.9,0.0
2017-02-06 18:00:00,18.5,0.0
2017-02-07 00:00:00,6.6,0.3
2017-02-07 06:00:00,6.3,0.4
2017-02-07 12:00:00,5.5,0.0
2017-02-07 18:00:00,15.2,0.0
2017-02-08 00:00:00,5.7,0.4
2017-02-08 06:00:00,6.5,0.1
2017-02-08 12:00:00,3.3,0.0
2017-02-08 18:00:00,17.3,0.0
2017-02-09 00:00:00,5.9,1.2
2017-02-09 06:00:00,5.9,0.1
2017-02-09 12:00:00,6.1,0.1
2017-02-09 18:00:00,12.3,0.1
2017-02-10 00:00:00,7.5,0.0
2017-02-10 06:00:00,6.3,0.0
2017-02-10 12:00:00,6.6,0.0
2017-02-10 18:00:00,13.8,0.0
2017-02-11 00:00:00,7.0,0.0
2017-02-11 06:00:00,5.8,0.3
2017-02-11 12:00:00,4.9,0.0
2017-02-11 18:00:00,7.4,0.0
2017-02-12 00:00:00,5.2,0.0
2017-02-12 06:00:00,5.4,0.0
2017-02-12 12:00:00,5.4,0.0
2017-02-12 18:00:00,13.1,0.0
2017-02-13 00:00:00,6.3,0.0
2017-02-13 06:00:00,5.5,0.0
2017-02-13 12:00:00,5.5,0.0
2017-02-13 18:00:00,9.0,0.0
2017-02-14 00:00:00,3.6,0.0
2017-02-14 06:00:00,3.7,0.0
2017-02-14 12:00:00,2.9,0.6
2017-02-14 18:00:00,7.1,1.3
2017-02-15 00:00:00,1.9,0.4
2017-02-15 06:00:00,1.8,0.8
2017-02-15 12:00:00,2.5,0.0
2017-02-15 18:00:00,7.6,0.0
2017-02-16 00:00:00,6.0,0.1
2017-02-16 06:00:00,5.6,0.0
2017-02-16 12:00:00,4.3,0.0
2017-02-16 18:00:00,14.8,0.0
2017-02-17 00:00:00,5.4,1.1
2017-02-17 06:00:00,4.8,0.2
2017-02-17 12:00:00,4.2,0.0
2017-02-17 18:00:00,10.2,0.0
2017-02-18 00:00:00,4.2,1.0
2017-02-18 06:00:00,3.8,0.1
2017-02-18 12:00:00,4.0,0.0
2017-02-18 18:00:00,12.1,0.0
2017-02-19 00:00:00,5.8,0.5
2017-02-19 06:00:00,5.4,0.0
2017-02-19 12:00:00,2.8,0.0
2017-02-19 18:00:00,15.4,0.0
2017-02-20 00:00:00,5.5,1.9
2017-02-20 06:00:00,4.5,0.0
2017-02-20 12:00:00,3.4,0.0
2017-02-20 18:00:00,14.0,0.0
2017-02-21 00:00:00,5.2,0.1
2017-02-21 06:00:00,5.3,0.1
2017-02-21 12:00:00,4.5,0.0
2017-02-21 18:00:00,7.2,0.0
2017-02-22 00:00:00,4.8,0.1
2017-02-22 06:00:00,4.6,0.0
2017-02-22 12:00:00,4.6,0.0
2017-02-22 18:00:00,13.4,0.0
2017-02-23 00:00:00,5.8,0.0
2017-02-23 06:00:00,4.3,0.5
2017-02-23 12:00:00,5.1,0.0
2017-02-23 18:00:00,12.4,0.0
2017-02-24 00:00:00,6.7,0.4
2017-02-24 06:00:00,5.3,0.1
2017-02-24 12:00:00,5.7,0.1
2017-02-24 18:00:00,15.0,0.0
2017-02-25 00:00:00,7.6,0.0
2017-02-25 06:00:00,5.4,0.0
2017-02-25 12:00:00,4.7,0.0
2017-02-25 18:00:00,10.8,0.1
2017-02-26 00:00:00,5.2,2.1
2017-02-26 06:00:00,4.7,0.1
2017-02-26 12:00:00,4.0,0.0
2017-02-26 18:00:00,7.2,0.0
2017-02-27 00:00:00,5.2,0.2
2017-02-27 06:00:00,4.4,0.5
2017-02-27 12:00:00,3.7,0.1
2017-02-27 18:00:00,13.2,0.0
2017-02-28 00:00:00,6.3,0.5
2017-02-28 06:00:00,5.5,0.1
2017-02-28 12:00:00,5.3,0.0
2017-02-28 18:00:00,11.1,0.3
2017-03-01 00:00:00,6.3,0.0
2017-03-01 06:00:00,5.1,0.0
2017-03-01 12:00:00,4.9,0.0
2017-03-01 18:00:00,14.1,0.0
2017-03-02 00:00:00,7.2,0.0
2017-03-02 06:00:00,5.2,0.0
2017-03-02 12:00:00,2.7,0.0
2017-03-02 18:00:00,12.4,0.0
2017-03-03 00:00:00,7.2,0.0
2017-03-03 06:00:00,5.1,0.0
2017-03-03 12:00:00,4.5,0.0
2017-03-03 18:00:00,14.2,0.0
2017-03-04 00:00:00,6.9,0.5
2017-03-04 06:00:00,6.0,0.1
2017-03-04 12:00:00,5.1,0.0
2017-03-04 18:00:00,12.3,0.1
2017-03-05 00:00:00,7.0,0.1
2017-03-05 06:00:00,6.1,0.0
2017-03-05 12:00:00,5.5,0.1
2017-03-05 18:00:00,16.0,0.0
2017-03-06 00:00:00,6.2,1.6
2017-03-06 06:00:00,6.3,0.0
2017-03-06 12:00:00,5.2,0.0
2017-03-06 18:00:00,16.5,0.0
2017-03-07 00:00:00,5.7,1.5
2017-03-07 06:00:00,3.6,0.0
2017-03-07 12:00:00,4.2,0.0
2017-03-07 18:00:00,14.1,0.0
2017-03-08 00:00:00,7.5,0.0
2017-03-08 06:00:00,4.8,1.6
2017-03-08 12:00:00,5.0,0.0
2017-03-08 18:00:00,10.1,0.1
2017-03-09 00:00:00,5.5,0.6
2017-03-09 06:00:00,5.5,0.0
2017-03-09 12:00:00,5.9,0.0
2017-03-09 18:00:00,12.7,0.0
2017-03-10 00:00:00,6.5,1.9
2017-03-10 06:00:00,5.5,0.5
2017-03-10 12:00:00,5.3,0.1
2017-03-10 18:00:00,9.5,0.7
2017-03-11 00:00:00,6.8,0.0
2017-03-11 06:00:00,5.7,0.1
2017-03-11 12:00:00,5.0,0.0
2017-03-11 18:00:00,9.5,0.0
2017-03-12 00:00:00,6.8,0.0
2017-03-12 06:00:00,5.3,0.9
2017-03-12 12:00:00,4.2,0.0
2017-03-12 18:00:00,13.8,0.0
2017-03-13 00:00:00,6.4,0.0
2017-03-13 06:00:00,5.4,0.0
2017-03-13 12:00:00,2.8,0.0
2017-03-13 18:00:00,12.9,0.0
2017-03-14 00:00:00,7.0,0.2
2017-03-14 06:00:00,4.2,3.7
2017-03-14 12:00:00,4.9,0.3
2017-03-14 18:00:00,8.9,0.0
2017-03-15 00:00:00,7.0,0.0
2017-03-15 06:00:00,5.0,0.0
2017-03-15 12:00:00,5.5,0.0
2017-03-15 18:00:00,9.3,0.0
2017-03-16 00:00:00,5.3,0.5
2017-03-16 06:00:00,4.3,0.0
2017-03-16 12:00:00,4.4,0.0
2017-03-16 18:00:00,6.7,0.7
2017-03-17 00:00:00,5.1,0.9
2017-03-17 06:00:00,4.0,0.0
2017-03-17 12:00:00,3.3,0.0
2017-03-17 18:00:00,9.7,0.0
2017-03-18 00:00:00,6.6,0.0
2017-03-18 06:00:00,5.7,0.0
2017-03-18 12:00:00,5.5,0.0
2017-03-18 18:00:00,13.4,0.0
2017-03-19 00:00:00,5.7,2.2
2017-03-19 06:00:00,3.3,0.1
2017-03-19 12:00:00,4.6,0.0
2017-03-19 18:00:00,15.2,0.0
2017-03-20 00:00:00,6.9,0.0
2017-03-20 06:00:00,6.2,0.0
2017-03-20 12:00:00,6.0,0.1
2017-03-20 18:00:00,14.2,0.0
2017-03-21 00:00:00,7.0,0.0
2017-03-21 06:00:00,5.4,0.2
2017-03-21 12:00:00,4.5,0.0
2017-03-21 18:00:00,16.3,0.0
2017-03-22 00:00:00,8.0,0.0
2017-03-22 06:00:00,5.8,0.1
2017-03-22 12:00:00,3.8,0.0
2017-03-22 18:00:00,14.5,0.0
2017-03-23 00:00:00,6.4,0.1
2017-03-23 06:00:00,5.7,0.6
2017-03-23 12:00:00,4.9,0.0
2017-03-23 18:00:00,14.5,0.0
2017-03-24 00:00:00,5.8,0.7
2017-03-24 06:00:00,4.9,0.1
2017-03-24 12:00:00,5.4,0.0
2017-03-24 18:00:00,12.5,0.0
2017-03-25 00:00:00,6.1,0.0
2017-03-25 06:00:00,6.0,0.0
2017-03-25 12:00:00,5.9,0.0
2017-03-25 18:00:00,14.4,0.0
2017-03-26 00:00:00,6.5,0.4
2017-03-26 06:00:00,5.4,0.0
2017-03-26 12:00:00,5.1,0.0
2017-03-26 18:00:00,14.3,0.0
2017-03-27 00:00:00,6.0,0.2
2017-03-27 06:00:00,4.0,0.9
2017-03-27 12:00:00,4.9,0.0
2017-03-27 18:00:00,11.3,0.1
2017-03-28 00:00:00,6.6,0.0
2017-03-28 06:00:00,5.7,0.0
2017-03-28 12:00:00,4.1,0.1
2017-03-28 18:00:00,13.7,0.0
2017-03-29 00:00:00,7.9,0.3
2017-03-29 06:00:00,6.6,0.2
2017-03-29 12:00:00,5.9,0.1
2017-03-29 18:00:00,15.2,0.0
2017-03-30 00:00:00,6.9,0.7
2017-03-30 06:00:00,5.2,0.0
2017-03-30 12:00:00,5.9,0.0
2017-03-30 18:00:00,10.3,0.0
2017-03-31 00:00:00,6.0,0.1
2017-03-31 06:00:00,5.5,0.0
2017-03-31 12:00:00,5.9,0.0
2017-03-31 18:00:00,15.7,0.0
2017-04-01 00:00:00,6.6,0.0
2017-04-01 06:00:00,6.3,0.1
2017-04-01 12:00:00,5.8,0.0
2017-04-01 18:00:00,13.7,0.0
2017-04-02 00:00:00,7.7,0.0
2017-04-02 06:00:00,6.0,0.1
2017-04-02 12:00:00,3.7,0.0
2017-04-02 18:00:00,15.7,0.0
2017-04-03 00:00:00,7.2,0.3
2017-04-03 06:00:00,5.8,0.1
2017-04-03 12:00:00,3.7,0.0
2017-04-03 18:00:00,9.8,1.5
2017-04-04 00:00:00,5.7,0.1
2017-04-04 06:00:00,5.4,0.0
2017-04-04 12:00:00,4.5,0.0
2017-04-04 18:00:00,14.5,0.0
2017-04-05 00:00:00,5.6,0.8
2017-04-05 06:00:00,4.7,0.0
2017-04-05 12:00:00,6.2,0.0
2017-04-05 18:00:00,13.9,0.0
2017-04-06 00:00:00,7.6,0.0
2017-04-06 06:00:00,6.3,0.3
2017-04-06 12:00:00,3.6,0.0
2017-04-06 18:00:00,15.4,0.0
2017-04-07 00:00:00,7.3,0.0
2017-04-07 06:00:00,5.6,0.0
2017-04-07 12:00:00,4.1,0.0
2017-04-07 18:00:00,17.4,0.0
2017-04-08 00:00:00,6.8,0.0
2017-04-08 06:00:00,6.0,0.0
2017-04-08 12:00:00,5.7,0.0
2017-04-08 18:00:00,15.6,0.0
2017-04-09 00:00:00,5.7,0.9
2017-04-09 06:00:00,5.6,0.0
2017-04-09 12:00:00,5.8,0.0
2017-04-09 18:00:00,12.9,0.0
2017-04-10 00:00:00,6.1,0.3
2017-04-10 06:00:00,5.2,0.0
2017-04-10 12:00:00,5.7,0.0
2017-04-10 18:00:00,13.2,0.0
2017-04-11 00:00:00,7.6,0.2
2017-04-11 06:00:00,5.9,0.0
2017-04-11 12:00:00,5.3,0.0
2017-04-11 18:00:00,14.6,0.0
2017-04-12 00:00:00,6.1,0.0
2017-04-12 06:00:00,4.6,0.0
2017-04-12 12:00:00,6.4,0.0
2017-04-12 18:00:00,11.8,0.0
2017-04-13 00:00:00,8.1,0.0
2017-04-13 06:00:00,6.8,0.3
2017-04-13 12:00:00,7.6,0.0
2017-04-13 18:00:00,13.9,0.0
2017-04-14 00:00:00,8.5,0.0
2017-04-14 06:00:00,4.5,0.0
2017-04-14 12:00:00,2.8,0.0
2017-04-14 18:00:00,18.0,0.0
2017-04-15 00:00:00,6.8,0.0
2017-04-15 06:00:00,3.9,0.0
2017-04-15 12:00:00,8.0,0.0
2017-04-15 18:00:00,17.9,0.0
2017-04-16 00:00:00,8.0,0.0
2017-04-16 06:00:00,4.7,0.0
2017-04-16 12:00:00,7.2,0.0
2017-04-16 18:00:00,16.0,0.0
2017-04-17 00:00:00,7.4,0.0
2017-04-17 06:00:00,5.0,0.0
2017-04-17 12:00:00,5.7,0.0
2017-04-17 18:00:00,17.2,0.0
2017-04-18 00:00:00,8.6,0.0
2017-04-18 06:00:00,6.6,0.0
2017-04-18 12:00:00,6.0,0.0
2017-04-18 18:00:00,14.0,0.0
2017-04-19 00:00:00,7.9,0.1
2017-04-19 06:00:00,6.5,0.7
2017-04-19 12:00:00,6.1,0.0
2017-04-19 18:00:00,11.2,0.0
2017-04-20 00:00:00,6.4,0.2
2017-04-20 06:00:00,5.5,0.0
2017-04-20 12:00:00,5.3,0.1
2017-04-20 18:00:00,12.3,0.0
2017-04-21 00:00:00,5.8,1.6
2017-04-21 06:00:00,2.9,0.0
2017-04-21 12:00:00,3.3,0.0
2017-04-21 18:00:00,11.6,0.0
2017-04-22 00:00:00,7.5,0.0
2017-04-22 06:00:00,2.1,0.0
2017-04-22 12:00:00,4.8,0.0
2017-04-22 18:00:00,16.2,0.0
2017-04-23 00:00:00,6.6,1.3
2017-04-23 06:00:00,4.8,0.0
2017-04-23 12:00:00,6.5,0.0
2017-04-23 18:00:00,10.6,0.0
2017-04-24 00:00:00,4.7,0.0
2017-04-24 06:00:00,3.7,0.0
2017-04-24 12:00:00,2.0,0.0
2017-04-24 18:00:00,15.7,0.0
2017-04-25 00:00:00,6.1,0.2
2017-04-25 06:00:00,4.0,0.0
2017-04-25 12:00:00,4.0,0.0
2017-04-25 18:00:00,13.6,0.0
2017-04-26 00:00:00,7.3,0.0
2017-04-26 06:00:00,6.2,0.0
2017-04-26 12:00:00,5.7,0.0
2017-04-26 18:00:00,13.8,0.0
2017-04-27 00:00:00,7.2,0.1
2017-04-27 06:00:00,6.0,0.4
2017-04-27 12:00:00,5.6,0.0
2017-04-27 18:00:00,11.4,0.0
2017-04-28 00:00:00,7.0,0.0
2017-04-28 06:00:00,4.2,0.0
2017-04-28 12:00:00,4.4,0.0
2017-04-28 18:00:00,15.1,0.0
2017-04-29 00:00:00,8.5,0.0
2017-04-29 06:00:00,4.6,0.0
2017-04-29 12:00:00,5.5,0.0
2017-04-29 18:00:00,13.5,0.0
2017-04-30 00:00:00,6.9,0.0
2017-04-30 06:00:00,5.8,0.0
2017-04-30 12:00:00,4.5,0.1
2017-04-30 18:00:00,12.9,0.0
2017-05-01 00:00:00,7.0,0.2
2017-05-01 06:00:00,2.3,0.0
2017-05-01 12:00:00,1.1,0.0
2017-05-01 18:00:00,17.3,0.0
2017-05-02 00:00:00,7.3,0.0
2017-05-02 06:00:00,3.2,0.0
2017-05-02 12:00:00,2.8,0.0
2017-05-02 18:00:00,13.7,0.0
2017-05-03 00:00:00,7.0,0.0
2017-05-03 06:00:00,4.6,0.0
2017-05-03 12:00:00,3.6,0.0
2017-05-03 18:00:00,15.4,0.0
2017-05-04 00:00:00,7.3,0.0
2017-05-04 06:00:00,4.6,0.0
2017-05-04 12:00:00,4.0,0.0
2017-05-04 18:00:00,16.0,0.0
2017-05-05 00:00:00,7.0,0.1
2017-05-05 06:00:00,4.2,0.0
2017-05-05 12:00:00,3.7,0.0
2017-05-05 18:00:00,13.4,0.0
2017-05-06 00:00:00,7.5,0.0
2017-05-06 06:00:00,6.2,0.0
2017-05-06 12:00:00,3.9,0.0
2017-05-06 18:00:00,12.9,0.0
2017-05-07 00:00:00,7.4,0.3
2017-05-07 06:00:00,4.9,0.0
2017-05-07 12:00:00,6.2,0.0
2017-05-07 18:00:00,12.4,0.0
2017-05-08 00:00:00,6.9,0.0
2017-05-08 06:00:00,5.5,0.0
2017-05-08 12:00:00,2.9,0.0
2017-05-08 18:00:00,14.3,0.0
2017-05-09 00:00:00,6.8,1.9
2017-05-09 06:00:00,5.4,0.2
2017-05-09 12:00:00,5.8,0.0
2017-05-09 18:00:00,14.1,0.0
2017-05-10 00:00:00,7.2,0.1
2017-05-10 06:00:00,5.5,0.0
2017-05-10 12:00:00,5.6,0.0
2017-05-10 18:00:00,14.4,0.0
2017-05-11 00:00:00,5.9,0.0
2017-05-11 06:00:00,5.6,0.0
2017-05-11 12:00:00,5.5,0.0
2017-05-11 18:00:00,10.1,0.0
2017-05-12 00:00:00,6.9,0.0
2017-05-12 06:00:00,6.1,0.0
2017-05-12 12:00:00,3.7,0.0
2017-05-12 18:00:00,15.4,0.0
2017-05-13 00:00:00,7.4,1.7
2017-05-13 06:00:00,5.6,0.0
2017-05-13 12:00:00,5.9,0.0
2017-05-13 18:00:00,14.9,0.0
2017-05-14 00:00:00,7.4,0.0
2017-05-14 06:00:00,4.6,0.0
2017-05-14 12:00:00,4.1,0.0
2017-05-14 18:00:00,12.2,0.0
2017-05-15 00:00:00,7.2,0.1
2017-05-15 06:00:00,5.5,0.0
2017-05-15 12:00:00,5.9,0.0
2017-05-15 18:00:00,12.0,0.1
2017-05-16 00:00:00,6.3,1.1
2017-05-16 06:00:00,5.2,0.0
2017-05-16 12:00:00,6.2,0.0
2017-05-16 18:00:00,13.7,0.0
2017-05-17 00:00:00,7.4,0.0
2017-05-17 06:00:00,6.0,0.0
2017-05-17 12:00:00,4.2,0.0
2017-05-17 18:00:00,12.4,0.0
2017-05-18 00:00:00,7.1,0.1
2017-05-18 06:00:00,3.2,0.0
2017-05-18 12:00:00,2.0,0.0
2017-05-18 18:00:00,13.1,0.0
2017-05-19 00:00:00,6.2,0.0
2017-05-19 06:00:00,5.6,0.0
2017-05-19 12:00:00,4.6,0.0
2017-05-19 18:00:00,11.7,0.0
2017-05-20 00:00:00,6.3,0.1
2017-05-20 06:00:00,5.5,0.0
2017-05-20 12:00:00,4.7,0.0
2017-05-20 18:00:00,11.6,0.0
2017-05-21 00:00:00,5.6,0.0
2017-05-21 06:00:00,5.3,0.1
2017-05-21 12:00:00,5.2,0.9
2017-05-21 18:00:00,11.9,0.0
2017-05-22 00:00:00,5.7,0.0
2017-05-22 06:00:00,4.9,0.0
2017-05-22 12:00:00,4.4,0.0
2017-05-22 18:00:00,10.9,0.0
2017-05-23 00:00:00,6.3,0.0
2017-05-23 06:00:00,4.7,0.0
2017-05-23 12:00:00,5.1,0.0
2017-05-23 18:00:00,13.0,0.0
2017-05-24 00:00:00,7.5,0.0
2017-05-24 06:00:00,2.5,0.0
2017-05-24 12:00:00,5.2,0.0
2017-05-24 18:00:00,15.6,0.0
2017-05-25 00:00:00,10.4,0.0
2017-05-25 06:00:00,9.1,0.0
2017-05-25 12:00:00,8.5,0.0
2017-05-25 18:00:00,14.9,0.0
2017-05-26 00:00:00,9.6,0.0
2017-05-26 06:00:00,2.7,0.0
2017-05-26 12:00:00,2.6,0.0
2017-05-26 18:00:00,16.9,0.0
2017-05-27 00:00:00,6.5,0.0
2017-05-27 06:00:00,5.0,0.0
2017-05-27 12:00:00,3.0,0.0
2017-05-27 18:00:00,12.5,0.0
2017-05-28 00:00:00,6.2,0.0
2017-05-28 06:00:00,7.0,0.0
2017-05-28 12:00:00,7.4,0.0
2017-05-28 18:00:00,13.4,0.0
2017-05-29 00:00:00,9.6,0.0
2017-05-29 06:00:00,4.3,0.0
2017-05-29 12:00:00,3.5,0.0
2017-05-29 18:00:00,14.8,0.0
2017-05-30 00:00:00,6.5,0.0
2017-05-30 06:00:00,3.6,0.0
2017-05-30 12:00:00,3.6,0.0
2017-05-30 18:00:00,11.6,0.0
2017-05-31 00:00:00,6.5,0.0
2017-05-31 06:00:00,1.9,0.0
2017-05-31 12:00:00,3.9,0.0
2017-05-31 18:00:00,13.6,0.0
2017-06-01 00:00:00,7.1,0.0
2017-06-01 06:00:00,3.4,0.0
2017-06-01 12:00:00,5.2,0.0
2017-06-01 18:00:00,15.1,0.0
2017-06-02 00:00:00,6.2,0.0
2017-06-02 06:00:00,3.0,0.0
2017-06-02 12:00:00,4.3,0.0
2017-06-02 18:00:00,13.9,0.0
2017-06-03 00:00:00,8.7,0.0
2017-06-03 06:00:00,5.2,0.0
2017-06-03 12:00:00,5.5,0.0
2017-06-03 18:00:00,12.1,0.0
2017-06-04 00:00:00,8.6,0.0
2017-06-04 06:00:00,8.6,0.0
2017-06-04 12:00:00,8.9,0.0
2017-06-04 18:00:00,12.8,0.0
2017-06-05 00:00:00,8.2,0.0
2017-06-05 06:00:00,8.3,0.0
2017-06-05 12:00:00,7.5,0.0
2017-06-05 18:00:00,14.4,0.0
2017-06-06 00:00:00,9.4,0.0
2017-06-06 06:00:00,4.9,0.0
2017-06-06 12:00:00,8.3,0.0
2017-06-06 18:00:00,16.8,0.0
2017-06-07 00:00:00,3.6,0.0
2017-06-07 06:00:00,1.5,0.0
2017-06-07 12:00:00,4.1,0.0
2017-06-07 18:00:00,15.2,0.0
2017-06-08 00:00:00,4.6,0.0
2017-06-08 06:00:00,1.4,0.0
2017-06-08 12:00:00,1.2,0.0
2017-06-08 18:00:00,15.2,0.0
2017-06-09 00:00:00,4.1,0.0
2017-06-09 06:00:00,2.6,0.0
2017-06-09 12:00:00,1.3,0.0
2017-06-09 18:00:00,13.2,0.0
2017-06-10 00:00:00,5.8,0.0
2017-06-10 06:00:00,3.3,0.0
2017-06-10 12:00:00,3.4,0.0
2017-06-10 18:00:00,16.0,0.0
2017-06-11 00:00:00,6.5,0.5
2017-06-11 06:00:00,4.1,0.0
2017-06-11 12:00:00,4.0,0.0
2017-06-11 18:00:00,11.5,0.0
2017-06-12 00:00:00,7.1,0.0
2017-06-12 06:00:00,3.2,0.0
2017-06-12 12:00:00,1.1,0.0
2017-06-12 18:00:00,13.0,0.0
2017-06-13 00:00:00,5.8,0.0
2017-06-13 06:00:00,1.3,0.0
2017-06-13 12:00:00,1.6,0.0
2017-06-13 18:00:00,15.8,0.0
2017-06-14 00:00:00,6.3,0.0
2017-06-14 06:00:00,2.6,0.0
2017-06-14 12:00:00,6.7,0.0
2017-06-14 18:00:00,15.3,0.0
2017-06-15 00:00:00,4.6,0.0
2017-06-15 06:00:00,1.6,0.0
2017-06-15 12:00:00,1.9,0.0
2017-06-15 18:00:00,17.6,0.0
2017-06-16 00:00:00,3.9,0.0
2017-06-16 06:00:00,2.3,0.0
2017-06-16 12:00:00,1.7,0.0
2017-06-16 18:00:00,18.1,0.0
2017-06-17 00:00:00,6.0,0.0
2017-06-17 06:00:00,1.8,0.0
2017-06-17 12:00:00,0.2,0.0
2017-06-17 18:00:00,16.5,0.0
2017-06-18 00:00:00,3.4,0.0
2017-06-18 06:00:00,1.1,0.0
2017-06-18 12:00:00,-0.2,0.0
2017-06-18 18:00:00,16.4,0.0
2017-06-19 00:00:00,4.1,0.0
2017-06-19 06:00:00,2.0,0.0
2017-06-19 12:00:00,5.7,0.0
2017-06-19 18:00:00,18.2,0.0
2017-06-20 00:00:00,4.3,0.0
2017-06-20 06:00:00,1.8,0.0
2017-06-20 12:00:00,2.9,0.0
2017-06-20 18:00:00,14.2,0.0
2017-06-21 00:00:00,6.6,0.0
2017-06-21 06:00:00,3.9,0.0
2017-06-21 12:00:00,3.9,0.0
2017-06-21 18:00:00,13.1,0.0
2017-06-22 00:00:00,6.4,0.0
2017-06-22 06:00:00,4.6,0.0
2017-06-22 12:00:00,1.2,0.0
2017-06-22 18:00:00,16.7,0.0
2017-06-23 00:00:00,7.5,0.0
2017-06-23 06:00:00,0.9,0.0
2017-06-23 12:00:00,-0.8,0.0
2017-06-23 18:00:00,16.7,0.0
2017-06-24 00:00:00,4.5,0.0
2017-06-24 06:00:00,1.7,0.0
2017-06-24 12:00:00,1.1,0.0
2017-06-24 18:00:00,15.5,0.0
2017-06-25 00:00:00,5.0,0.0
2017-06-25 06:00:00,0.9,0.0
2017-06-25 12:00:00,4.8,0.0
2017-06-25 18:00:00,17.2,0.0
2017-08-24 00:00:00,5.4,0.0
2017-08-24 06:00:00,2.4,0.0
2017-08-24 12:00:00,4.5,0.0
2017-08-24 18:00:00,16.3,0.0
2017-08-25 00:00:00,6.8,0.0
2017-08-25 06:00:00,1.3,0.0
2017-08-25 12:00:00,3.3,0.0
2017-08-25 18:00:00,17.9,0.0
2017-08-26 00:00:00,6.3,0.0
2017-08-26 06:00:00,1.3,0.0
2017-08-26 12:00:00,1.0,0.0
2017-08-26 18:00:00,16.5,0.0
2017-08-27 00:00:00,7.8,0.0
2017-08-27 06:00:00,3.3,0.0
2017-08-27 12:00:00,0.8,0.0
2017-08-27 18:00:00,17.4,0.0
2017-08-28 00:00:00,6.4,0.0
2017-08-28 06:00:00,5.0,0.0
2017-08-28 12:00:00,3.9,0.0
2017-08-28 18:00:00,12.8,0.0
2017-08-29 00:00:00,5.4,0.2
2017-08-29 06:00:00,3.1,0.0
2017-08-29 12:00:00,2.0,0.0
2017-08-29 18:00:00,13.8,0.0
2017-08-30 00:00:00,7.4,0.0
2017-08-30 06:00:00,1.2,0.0
2017-08-30 12:00:00,3.9,0.0
2017-08-30 18:00:00,16.4,0.0
2017-08-31 00:00:00,9.6,0.0
2017-08-31 06:00:00,6.0,0.0
2017-08-31 12:00:00,7.3,0.0
2017-08-31 18:00:00,15.9,0.0
2017-09-01 00:00:00,9.7,0.0
2017-09-01 06:00:00,7.3,0.0
2017-09-01 12:00:00,7.0,0.0
2017-09-01 18:00:00,16.7,0.0
2017-09-02 00:00:00,10.2,0.0
2017-09-02 06:00:00,7.3,0.0
2017-09-02 12:00:00,7.8,0.0
2017-09-02 18:00:00,10.8,0.0
2017-09-03 00:00:00,8.7,0.0
2017-09-03 06:00:00,7.9,0.0
2017-09-03 12:00:00,6.7,0.0
2017-09-03 18:00:00,15.5,0.0
2017-09-04 00:00:00,10.5,0.0
2017-09-04 06:00:00,7.8,0.0
2017-09-04 12:00:00,6.9,0.0
2017-09-04 18:00:00,15.8,0.0
2017-09-05 00:00:00,8.9,0.0
2017-09-05 06:00:00,3.1,0.0
2017-09-05 12:00:00,7.3,0.0
2017-09-05 18:00:00,12.6,0.0
2017-09-06 00:00:00,10.0,0.0
2017-09-06 06:00:00,8.0,0.0
2017-09-06 12:00:00,6.8,0.0
2017-09-06 18:00:00,16.3,0.0
2017-09-07 00:00:00,7.7,0.0
2017-09-07 06:00:00,2.4,0.0
2017-09-07 12:00:00,2.8,0.0
2017-09-07 18:00:00,17.2,0.0
2017-09-08 00:00:00,8.0,0.0
2017-09-08 06:00:00,1.5,0.0
2017-09-08 12:00:00,0.7,0.0
2017-09-08 18:00:00,18.1,0.0
2017-09-09 00:00:00,6.2,0.0
2017-09-09 06:00:00,3.0,0.0
2017-09-09 12:00:00,1.7,0.0
2017-09-09 18:00:00,17.3,0.0
2017-09-10 00:00:00,7.3,0.0
2017-09-10 06:00:00,1.7,0.0
2017-09-10 12:00:00,1.1,0.0
2017-09-10 18:00:00,16.7,0.0
2017-09-11 00:00:00,7.6,0.0
2017-09-11 06:00:00,4.6,0.0
2017-09-11 12:00:00,3.9,0.0
2017-09-11 18:00:00,12.0,0.0
2017-09-12 00:00:00,5.6,0.0
2017-09-12 06:00:00,1.7,0.0
2017-09-12 12:00:00,2.7,0.0
2017-09-12 18:00:00,14.1,0.0
2017-09-13 00:00:00,7.1,0.0
2017-09-13 06:00:00,4.8,0.0
2017-09-13 12:00:00,6.0,0.0
2017-09-13 18:00:00,14.9,0.0
2017-09-14 00:00:00,6.8,0.0
2017-09-14 06:00:00,6.1,0.0
2017-09-14 12:00:00,6.5,0.0
2017-09-14 18:00:00,18.7,0.0
2017-09-15 00:00:00,7.5,0.0
2017-09-15 06:00:00,5.1,0.3
2017-09-15 12:00:00,5.6,0.3
2017-09-15 18:00:00,13.7,0.0
2017-09-16 00:00:00,8.4,0.0
2017-09-16 06:00:00,4.6,0.1
2017-09-16 12:00:00,6.0,0.0
2017-09-16 18:00:00,14.8,0.0
2017-09-17 00:00:00,6.4,0.1
2017-09-17 06:00:00,5.9,0.0
2017-09-17 12:00:00,8.3,0.0
2017-09-17 18:00:00,14.3,0.0
2017-09-18 00:00:00,6.4,0.1
2017-09-18 06:00:00,8.1,0.0
2017-09-18 12:00:00,7.6,0.0
2017-09-18 18:00:00,17.4,0.0
2017-09-19 00:00:00,9.4,0.0
2017-09-19 06:00:00,3.0,0.0
2017-09-19 12:00:00,1.9,0.0
2017-09-19 18:00:00,18.4,0.0
2017-09-20 00:00:00,11.3,0.0
2017-09-20 06:00:00,7.9,0.0
2017-09-20 12:00:00,9.8,0.0
2017-09-20 18:00:00,19.7,0.0
2017-09-21 00:00:00,6.6,0.0
2017-09-21 06:00:00,1.3,0.0
2017-09-21 12:00:00,1.7,0.0
2017-09-21 18:00:00,15.8,0.0
2017-09-22 00:00:00,7.8,0.0
2017-09-22 06:00:00,3.9,0.0
2017-09-22 12:00:00,7.2,0.0
2017-09-22 18:00:00,19.3,0.0
2017-09-23 00:00:00,7.8,0.0
2017-09-23 06:00:00,5.2,0.0
2017-09-23 12:00:00,5.4,0.0
2017-09-23 18:00:00,18.0,0.0
2017-09-24 00:00:00,8.1,0.0
2017-09-24 06:00:00,5.3,0.0
2017-09-24 12:00:00,5.3,0.0
2017-09-24 18:00:00,14.5,0.0
2017-09-25 00:00:00,7.2,1.5
2017-09-25 06:00:00,5.4,0.7
2017-09-25 12:00:00,6.2,0.0
2017-09-25 18:00:00,13.9,0.0
2017-09-26 00:00:00,6.5,0.0
2017-09-26 06:00:00,5.2,0.0
2017-09-26 12:00:00,5.0,0.0
2017-09-26 18:00:00,10.8,0.0
2017-09-27 00:00:00,7.4,0.1
2017-09-27 06:00:00,6.1,0.0
2017-09-27 12:00:00,5.8,0.0
2017-09-27 18:00:00,18.2,0.0
2017-09-28 00:00:00,7.8,0.0
2017-09-28 06:00:00,4.4,0.0
2017-09-28 12:00:00,3.1,0.0
2017-09-28 18:00:00,18.1,0.0
2017-09-29 00:00:00,6.3,0.0
2017-09-29 06:00:00,6.0,0.0
2017-09-29 12:00:00,5.7,0.1
2017-09-29 18:00:00,14.7,0.0
2017-09-30 00:00:00,6.1,0.0
2017-09-30 06:00:00,2.9,0.0
2017-09-30 12:00:00,3.7,0.0
2017-09-30 18:00:00,13.6,0.0
2017-10-01 00:00:00,6.1,0.0
2017-10-01 06:00:00,2.6,0.0
2017-10-01 12:00:00,1.8,0.0
2017-10-01 18:00:00,20.3,0.0
2017-10-02 00:00:00,7.3,0.0
2017-10-02 06:00:00,3.1,0.0
2017-10-02 12:00:00,4.5,0.0
2017-10-02 18:00:00,17.9,0.0
2017-10-03 00:00:00,6.8,0.0
2017-10-03 06:00:00,3.8,0.0
2017-10-03 12:00:00,2.5,0.0
2017-10-03 18:00:00,14.2,0.0
2017-10-04 00:00:00,6.4,0.0
2017-10-04 06:00:00,4.7,0.0
2017-10-04 12:00:00,5.3,0.0
2017-10-04 18:00:00,8.8,0.0
2017-10-05 00:00:00,5.6,0.0
2017-10-05 06:00:00,4.7,0.0
2017-10-05 12:00:00,1.9,0.0
2017-10-05 18:00:00,17.7,0.0
2017-10-06 00:00:00,6.5,0.0
2017-10-06 06:00:00,2.9,0.0
2017-10-06 12:00:00,0.9,0.0
2017-10-06 18:00:00,13.6,0.0
2017-10-07 00:00:00,5.9,0.0
2017-10-07 06:00:00,3.3,0.0
2017-10-07 12:00:00,2.6,0.0
2017-10-07 18:00:00,13.6,0.0
2017-10-08 00:00:00,6.1,0.0
2017-10-08 06:00:00,2.8,0.0
2017-10-08 12:00:00,5.0,0.0
2017-10-08 18:00:00,18.2,0.0
2017-10-09 00:00:00,4.4,0.9
2017-10-09 06:00:00,2.6,0.0
2017-10-09 12:00:00,1.7,0.0
2017-10-09 18:00:00,17.1,0.0
2017-10-10 00:00:00,7.2,0.0
2017-10-10 06:00:00,1.9,0.0
2017-10-10 12:00:00,6.1,0.0
2017-10-10 18:00:00,18.4,0.0
2017-10-11 00:00:00,7.5,0.0
2017-10-11 06:00:00,2.9,0.0
2017-10-11 12:00:00,2.4,0.0
2017-10-11 18:00:00,17.1,0.0
2017-10-12 00:00:00,7.5,0.0
2017-10-12 06:00:00,5.1,0.0
2017-10-12 12:00:00,3.5,0.0
2017-10-12 18:00:00,12.2,0.0
2017-10-13 00:00:00,4.7,0.0
2017-10-13 06:00:00,3.5,0.0
2017-10-13 12:00:00,2.6,0.0
2017-10-13 18:00:00,15.1,0.0
2017-10-14 00:00:00,6.8,0.0
2017-10-14 06:00:00,4.9,0.0
2017-10-14 12:00:00,4.5,0.0
2017-10-14 18:00:00,15.4,0.0
2017-10-15 00:00:00,6.8,0.0
2017-10-15 06:00:00,4.9,0.0
2017-10-15 12:00:00,5.7,0.0
2017-10-15 18:00:00,12.1,0.1
2017-10-16 00:00:00,7.8,0.1
2017-10-16 06:00:00,8.4,0.0
2017-10-16 12:00:00,9.0,0.0
2017-10-16 18:00:00,14.9,0.0
2017-10-17 00:00:00,8.4,0.0
2017-10-17 06:00:00,8.8,0.0
2017-10-17 12:00:00,9.4,0.0
2017-10-17 18:00:00,15.9,0.0
2017-10-18 00:00:00,9.8,0.0
2017-10-18 06:00:00,6.2,0.0
2017-10-18 12:00:00,8.9,0.0
2017-10-18 18:00:00,19.3,0.0
2017-10-19 00:00:00,8.3,0.0
2017-10-19 06:00:00,8.9,0.0
2017-10-19 12:00:00,5.0,0.0
2017-10-19 18:00:00,21.0,0.0
2017-10-20 00:00:00,8.4,0.0
2017-10-20 06:00:00,4.7,0.0
2017-10-20 12:00:00,3.9,0.0
2017-10-20 18:00:00,19.7,0.0
2017-10-21 00:00:00,7.6,0.0
2017-10-21 06:00:00,6.2,0.0
2017-10-21 12:00:00,7.0,0.0
2017-10-21 18:00:00,14.8,0.0
2017-10-22 00:00:00,6.9,0.3
2017-10-22 06:00:00,7.2,0.0
2017-10-22 12:00:00,5.5,0.0
2017-10-22 18:00:00,17.4,0.0
2017-10-23 00:00:00,5.7,1.1
2017-10-23 06:00:00,5.7,0.0
2017-10-23 12:00:00,5.7,0.0
2017-10-23 18:00:00,10.1,0.2
2017-10-24 00:00:00,4.9,0.0
2017-10-24 06:00:00,5.2,0.0
2017-10-24 12:00:00,5.4,0.0
2017-10-24 18:00:00,17.9,0.0
2017-10-25 00:00:00,7.0,0.0
2017-10-25 06:00:00,5.7,0.0
2017-10-25 12:00:00,2.1,0.0
2017-10-25 18:00:00,18.9,0.0
2017-10-26 00:00:00,7.2,0.0
2017-10-26 06:00:00,4.0,0.0
2017-10-26 12:00:00,4.1,0.0
2017-10-26 18:00:00,20.2,0.0
2017-10-27 00:00:00,7.4,0.0
2017-10-27 06:00:00,5.5,0.0
2017-10-27 12:00:00,5.9,0.0
2017-10-27 18:00:00,18.2,0.0
2017-10-28 00:00:00,7.1,0.0
2017-10-28 06:00:00,5.2,0.0
2017-10-28 12:00:00,5.5,0.1
2017-10-28 18:00:00,17.4,0.0
2017-10-29 00:00:00,6.0,0.3
2017-10-29 06:00:00,5.3,0.0
2017-10-29 12:00:00,5.3,0.0
2017-10-29 18:00:00,9.0,0.1
2017-10-30 00:00:00,1.9,2.1
2017-10-30 06:00:00,3.4,0.1
2017-10-30 12:00:00,4.1,0.0
2017-10-30 18:00:00,13.9,0.0
2017-10-31 00:00:00,6.8,0.0
2017-10-31 06:00:00,0.5,0.0
2017-10-31 12:00:00,2.1,0.0
2017-10-31 18:00:00,14.9,0.0
2017-11-01 00:00:00,5.5,0.0
2017-11-01 06:00:00,0.0,0.0
2017-11-01 12:00:00,1.7,0.0
2017-11-01 18:00:00,17.5,0.0
2017-11-02 00:00:00,7.5,0.0
2017-11-02 06:00:00,3.2,0.0
2017-11-02 12:00:00,4.8,0.0
2017-11-02 18:00:00,19.7,0.0
2017-11-03 00:00:00,5.8,0.0
2017-11-03 06:00:00,1.3,0.0
2017-11-03 12:00:00,2.2,0.0
2017-11-03 18:00:00,12.5,0.0
2017-11-04 00:00:00,5.2,0.0
2017-11-04 06:00:00,1.5,0.0
2017-11-04 12:00:00,2.5,0.0
2017-11-04 18:00:00,17.7,0.0
2017-11-05 00:00:00,5.7,0.0
2017-11-05 06:00:00,2.7,0.0
2017-11-05 12:00:00,2.5,0.0
2017-11-05 18:00:00,12.3,0.0
2017-11-06 00:00:00,4.5,0.0
2017-11-06 06:00:00,2.7,0.0
2017-11-06 12:00:00,3.1,0.1
2017-11-06 18:00:00,13.4,0.0
2017-11-07 00:00:00,5.8,0.0
2017-11-07 06:00:00,5.7,0.0
2017-11-07 12:00:00,5.2,0.0
2017-11-07 18:00:00,9.2,0.3
2017-11-08 00:00:00,6.1,0.0
2017-11-08 06:00:00,4.0,0.0
2017-11-08 12:00:00,2.9,0.0
2017-11-08 18:00:00,16.6,0.0
2017-11-09 00:00:00,6.0,0.0
2017-11-09 06:00:00,2.7,0.0
2017-11-09 12:00:00,4.6,0.0
2017-11-09 18:00:00,18.6,0.0
2017-11-10 00:00:00,5.9,0.0
2017-11-10 06:00:00,4.4,0.0
2017-11-10 12:00:00,2.9,0.0
2017-11-10 18:00:00,16.2,0.0
2017-11-11 00:00:00,6.4,0.0
2017-11-11 06:00:00,3.9,0.0
2017-11-11 12:00:00,5.9,0.0
2017-11-11 18:00:00,19.2,0.0
2017-11-12 00:00:00,8.2,0.0
2017-11-12 06:00:00,5.2,0.0
2017-11-12 12:00:00,6.1,0.0
2017-11-12 18:00:00,9.2,0.1
2017-11-13 00:00:00,7.5,0.0
2017-11-13 06:00:00,3.3,0.0
2017-11-13 12:00:00,4.4,0.0
2017-11-13 18:00:00,17.3,0.0
2017-11-14 00:00:00,7.1,0.0
2017-11-14 06:00:00,1.2,0.0
2017-11-14 12:00:00,2.0,0.0
2017-11-14 18:00:00,17.7,0.0
2017-11-15 00:00:00,8.8,0.0
2017-11-15 06:00:00,4.7,0.0
2017-11-15 12:00:00,5.3,0.0
2017-11-15 18:00:00,13.1,0.0
2017-11-16 00:00:00,6.0,0.0
2017-11-16 06:00:00,2.3,0.0
2017-11-16 12:00:00,3.1,0.0
2017-11-16 18:00:00,18.5,0.0
2017-11-17 00:00:00,5.9,0.0
2017-11-17 06:00:00,1.7,0.0
2017-11-17 12:00:00,5.5,0.0
2017-11-17 18:00:00,12.3,0.0
2017-11-18 00:00:00,4.6,0.0
2017-11-18 06:00:00,3.7,0.0
2017-11-18 12:00:00,4.1,0.0
2017-11-18 18:00:00,15.0,0.0
2017-11-19 00:00:00,5.2,0.0
2017-11-19 06:00:00,2.3,0.0
2017-11-19 12:00:00,0.9,0.0
2017-11-19 18:00:00,16.9,0.0
2017-11-20 00:00:00,6.4,0.0
2017-11-20 06:00:00,0.4,0.0
2017-11-20 12:00:00,2.2,0.0
2017-11-20 18:00:00,17.5,0.0
2017-11-21 00:00:00,7.2,0.0
2017-11-21 06:00:00,4.0,0.0
2017-11-21 12:00:00,4.6,0.0
2017-11-21 18:00:00,18.9,0.0
2017-11-22 00:00:00,4.9,0.1
2017-11-22 06:00:00,1.9,0.0
2017-11-22 12:00:00,2.8,0.0
2017-11-22 18:00:00,11.3,0.0
2017-11-23 00:00:00,5.5,0.0
2017-11-23 06:00:00,4.0,0.0
2017-11-23 12:00:00,5.3,0.0
2017-11-23 18:00:00,13.2,0.0
2017-11-24 00:00:00,5.3,0.9
2017-11-24 06:00:00,4.8,0.0
2017-11-24 12:00:00,4.9,0.0
2017-11-24 18:00:00,17.2,0.0
2017-11-25 00:00:00,7.1,0.0
2017-11-25 06:00:00,4.9,0.0
2017-11-25 12:00:00,6.5,0.0
2017-11-25 18:00:00,12.2,0.0
2017-11-26 00:00:00,5.6,0.0
2017-11-26 06:00:00,5.9,0.0
2017-11-26 12:00:00,4.3,0.0
2017-11-26 18:00:00,15.3,0.0
2017-11-27 00:00:00,7.1,0.5
2017-11-27 06:00:00,5.3,0.0
2017-11-27 12:00:00,5.4,0.0
2017-11-27 18:00:00,16.4,0.0
2017-11-28 00:00:00,6.9,0.2
2017-11-28 06:00:00,5.2,0.0
2017-11-28 12:00:00,6.7,0.0
2017-11-28 18:00:00,11.2,0.0
2017-11-29 00:00:00,7.3,0.0
2017-11-29 06:00:00,6.1,0.0
2017-11-29 12:00:00,6.9,0.0
2017-11-29 18:00:00,15.0,0.0
2017-11-30 00:00:00,6.2,1.7
2017-11-30 06:00:00,3.3,0.0
2017-11-30 12:00:00,3.2,0.0
2017-11-30 18:00:00,12.0,0.1
2017-12-01 00:00:00,6.6,0.0
2017-12-01 06:00:00,5.7,0.0
2017-12-01 12:00:00,4.9,0.0
2017-12-01 18:00:00,15.5,0.0
2017-12-02 00:00:00,5.7,0.1
2017-12-02 06:00:00,5.4,0.0
2017-12-02 12:00:00,6.0,0.0
2017-12-02 18:00:00,12.1,0.0
2017-12-03 00:00:00,6.6,0.0
2017-12-03 06:00:00,5.3,0.0
2017-12-03 12:00:00,5.1,0.0
2017-12-03 18:00:00,9.0,0.2
2017-12-04 00:00:00,6.2,0.1
2017-12-04 06:00:00,2.6,0.0
2017-12-04 12:00:00,3.1,0.0
2017-12-04 18:00:00,13.2,0.0
2017-12-05 00:00:00,6.5,0.7
2017-12-05 06:00:00,5.2,0.0
2017-12-05 12:00:00,6.0,0.5
2017-12-05 18:00:00,12.0,0.0
2017-12-06 00:00:00,6.6,0.9
2017-12-06 06:00:00,2.8,1.1
2017-12-06 12:00:00,4.3,0.1
2017-12-06 18:00:00,10.8,0.0
2017-12-07 00:00:00,5.8,0.1
2017-12-07 06:00:00,5.3,0.0
2017-12-07 12:00:00,5.5,0.0
2017-12-07 18:00:00,14.8,0.0
2017-12-08 00:00:00,5.8,0.0
2017-12-08 06:00:00,5.7,0.0
2017-12-08 12:00:00,3.0,0.0
2017-12-08 18:00:00,16.5,0.0
2017-12-09 00:00:00,6.5,0.1
2017-12-09 06:00:00,3.1,0.0
2017-12-09 12:00:00,4.6,0.0
2017-12-09 18:00:00,15.6,0.0
2017-12-10 00:00:00,5.7,0.1
2017-12-10 06:00:00,4.5,0.0
2017-12-10 12:00:00,3.0,0.0
2017-12-10 18:00:00,12.6,0.0
2017-12-11 00:00:00,7.4,0.0
2017-12-11 06:00:00,5.3,0.0
2017-12-11 12:00:00,4.9,0.0
2017-12-11 18:00:00,10.3,0.0
2017-12-12 00:00:00,5.3,0.0
2017-12-12 06:00:00,4.4,0.0
2017-12-12 12:00:00,3.8,0.0
2017-12-12 18:00:00,16.4,0.0
2017-12-13 00:00:00,5.8,0.0
2017-12-13 06:00:00,3.6,0.0
2017-12-13 12:00:00,3.0,0.0
2017-12-13 18:00:00,17.3,0.0
2017-12-14 00:00:00,7.6,0.0
2017-12-14 06:00:00,3.9,0.0
2017-12-14 12:00:00,2.5,0.0
2017-12-14 18:00:00,18.7,0.0
2017-12-15 00:00:00,6.7,0.0
2017-12-15 06:00:00,6.1,0.0
2017-12-15 12:00:00,7.2,0.0
2017-12-15 18:00:00,11.5,0.0
2017-12-16 00:00:00,5.9,0.6
2017-12-16 06:00:00,5.5,0.0
2017-12-16 12:00:00,5.8,0.0
2017-12-16 18:00:00,13.4,0.0
2017-12-17 00:00:00,5.6,0.5
2017-12-17 06:00:00,5.5,0.0
2017-12-17 12:00:00,4.6,0.0
2017-12-17 18:00:00,9.4,0.8
2017-12-18 00:00:00,6.7,0.0
2017-12-18 06:00:00,4.1,0.0
2017-12-18 12:00:00,6.1,0.0
2017-12-18 18:00:00,14.4,0.0
2017-12-19 00:00:00,6.9,0.0
2017-12-19 06:00:00,4.2,0.0
2017-12-19 12:00:00,6.6,0.0
2017-12-19 18:00:00,11.3,0.0
2017-12-20 00:00:00,4.3,0.0
2017-12-20 06:00:00,2.4,0.0
2017-12-20 12:00:00,4.3,0.0
2017-12-20 18:00:00,18.0,0.0
2017-12-21 00:00:00,5.9,0.0
2017-12-21 06:00:00,5.6,0.0
2017-12-21 12:00:00,6.9,0.0
2017-12-21 18:00:00,12.5,0.0
2017-12-22 00:00:00,7.1,0.0
2017-12-22 06:00:00,5.9,0.0
2017-12-22 12:00:00,6.3,0.0
2017-12-22 18:00:00,19.0,0.0
2017-12-23 00:00:00,7.0,0.0
2017-12-23 06:00:00,6.0,0.0
2017-12-23 12:00:00,8.4,0.0
2017-12-23 18:00:00,14.4,0.0
2017-12-24 00:00:00,6.0,0.1
2017-12-24 06:00:00,3.0,0.0
2017-12-24 12:00:00,4.6,0.0
2017-12-24 18:00:00,16.5,0.0
2017-12-25 00:00:00,6.7,0.0
2017-12-25 06:00:00,6.0,0.1
2017-12-25 12:00:00,5.6,0.0
2017-12-25 18:00:00,13.2,0.0
2017-12-26 00:00:00,4.9,0.0
2017-12-26 06:00:00,4.6,0.0
2017-12-26 12:00:00,4.8,0.0
2017-12-26 18:00:00,12.5,0.0
2017-12-27 00:00:00,4.7,0.4
2017-12-27 06:00:00,3.3,0.3
2017-12-27 12:00:00,5.9,0.3
2017-12-27 18:00:00,13.2,0.0
2017-12-28 00:00:00,5.4,0.0
2017-12-28 06:00:00,4.6,0.0
2017-12-28 12:00:00,5.4,0.0
2017-12-28 18:00:00,10.4,0.0
2017-12-29 00:00:00,5.4,0.0
2017-12-29 06:00:00,4.4,0.1
2017-12-29 12:00:00,4.5,0.1
2017-12-29 18:00:00,9.2,0.0
2017-12-30 00:00:00,5.9,0.1
2017-12-30 06:00:00,3.3,0.0
2017-12-30 12:00:00,4.3,0.0
2017-12-30 18:00:00,8.1,0.1
2017-12-31 00:00:00,4.6,0.0
2017-12-31 06:00:00,3.3,0.0
2017-12-31 12:00:00,3.7,0.0
2017-12-31 18:00:00,10.1,0.0
2018-01-01 00:00:00,4.4,0.0
2018-01-01 06:00:00,0.7,0.0
2018-01-01 12:00:00,0.4,0.0
2018-01-01 18:00:00,13.0,0.0
2018-01-02 00:00:00,6.7,0.0
2018-01-02 06:00:00,1.7,0.0
2018-01-02 12:00:00,3.9,0.0
2018-01-02 18:00:00,15.5,0.0
2018-01-03 00:00:00,8.0,0.0
2018-01-03 06:00:00,4.0,0.0
2018-01-03 12:00:00,5.2,0.0
2018-01-03 18:00:00,18.1,0.0
2018-01-04 00:00:00,8.7,0.0
2018-01-04 06:00:00,5.4,0.0
2018-01-04 12:00:00,4.4,0.1
2018-01-04 18:00:00,10.4,0.0
2018-01-05 00:00:00,6.3,0.0
2018-01-05 06:00:00,4.8,0.0
2018-01-05 12:00:00,4.5,0.0
2018-01-05 18:00:00,16.3,0.0
2018-01-06 00:00:00,6.4,0.0
2018-01-06 06:00:00,4.1,0.8
2018-01-06 12:00:00,4.7,0.0
2018-01-06 18:00:00,7.7,0.3
2018-01-07 00:00:00,3.1,0.5
2018-01-07 06:00:00,2.8,0.0
2018-01-07 12:00:00,4.5,0.0
2018-01-07 18:00:00,11.6,0.1
2018-01-08 00:00:00,4.2,1.7
2018-01-08 06:00:00,4.2,0.0
2018-01-08 12:00:00,3.1,0.1
2018-01-08 18:00:00,6.3,0.0
2018-01-09 00:00:00,4.2,0.3
2018-01-09 06:00:00,3.8,0.0
2018-01-09 12:00:00,4.3,0.0
2018-01-09 18:00:00,11.9,0.0
2018-01-10 00:00:00,5.5,0.0
2018-01-10 06:00:00,4.5,0.0
2018-01-10 12:00:00,4.5,0.0
2018-01-10 18:00:00,8.7,0.3
2018-01-11 00:00:00,5.1,0.1
2018-01-11 06:00:00,4.5,0.1
2018-01-11 12:00:00,4.5,0.0
2018-01-11 18:00:00,13.7,0.0
2018-01-12 00:00:00,5.3,0.1
2018-01-12 06:00:00,3.2,0.0
2018-01-12 12:00:00,5.1,0.0
2018-01-12 18:00:00,13.9,0.0
2018-01-13 00:00:00,5.7,0.3
2018-01-13 06:00:00,5.2,0.0
2018-01-13 12:00:00,5.3,0.0
2018-01-13 18:00:00,11.4,0.0
2018-01-14 00:00:00,5.3,0.2
2018-01-14 06:00:00,4.1,0.0
2018-01-14 12:00:00,3.9,0.0
2018-01-14 18:00:00,9.6,0.0
2018-01-15 00:00:00,5.0,0.1
2018-01-15 06:00:00,4.2,0.2
2018-01-15 12:00:00,3.6,0.0
2018-01-15 18:00:00,9.2,0.0
2018-01-16 00:00:00,3.3,0.3
2018-01-16 06:00:00,3.4,0.0
2018-01-16 12:00:00,3.7,0.0
2018-01-16 18:00:00,13.4,0.1
2018-01-17 00:00:00,6.3,0.1
2018-01-17 06:00:00,5.1,0.3
2018-01-17 12:00:00,4.8,0.0
2018-01-17 18:00:00,12.3,0.0
2018-01-18 00:00:00,5.1,0.2
2018-01-18 06:00:00,5.3,0.1
2018-01-18 12:00:00,4.5,0.0
2018-01-18 18:00:00,12.2,0.0
2018-01-19 00:00:00,5.8,0.0
2018-01-19 06:00:00,5.6,0.0
2018-01-19 12:00:00,5.6,0.0
2018-01-19 18:00:00,13.2,0.0
2018-01-20 00:00:00,6.9,0.1
2018-01-20 06:00:00,6.0,0.3
2018-01-20 12:00:00,6.3,0.0
2018-01-20 18:00:00,11.2,0.0
2018-01-21 00:00:00,7.2,0.0
2018-01-21 06:00:00,4.9,0.0
2018-01-21 12:00:00,5.8,0.0
2018-01-21 18:00:00,15.0,0.0
2018-01-22 00:00:00,8.2,0.0
2018-01-22 06:00:00,4.4,2.6
2018-01-22 12:00:00,3.5,0.0
2018-01-22 18:00:00,5.7,1.1
2018-01-23 00:00:00,4.5,0.0
2018-01-23 06:00:00,1.7,0.0
2018-01-23 12:00:00,1.8,0.0
2018-01-23 18:00:00,18.2,0.0
2018-01-24 00:00:00,6.4,0.0
2018-01-24 06:00:00,2.3,0.0
2018-01-24 12:00:00,5.0,0.0
2018-01-24 18:00:00,18.3,0.0
2018-01-25 00:00:00,5.7,0.0
2018-01-25 06:00:00,3.2,0.0
2018-01-25 12:00:00,6.1,0.0
2018-01-25 18:00:00,15.8,0.0
2018-01-26 00:00:00,6.4,0.0
2018-01-26 06:00:00,3.0,0.0
2018-01-26 12:00:00,1.4,0.0
2018-01-26 18:00:00,17.2,0.0
2018-01-27 00:00:00,7.4,0.0
2018-01-27 06:00:00,4.5,0.1
2018-01-27 12:00:00,3.1,0.0
2018-01-27 18:00:00,16.5,0.0
2018-01-28 00:00:00,6.3,0.0
2018-01-28 06:00:00,2.8,0.0
2018-01-28 12:00:00,2.6,0.0
2018-01-28 18:00:00,19.1,0.0
2018-01-29 00:00:00,8.8,0.0
2018-01-29 06:00:00,3.7,0.0
2018-01-29 12:00:00,1.1,0.0
2018-01-29 18:00:00,18.8,0.0
2018-01-30 00:00:00,8.4,0.0
2018-01-30 06:00:00,5.9,0.1
2018-01-30 12:00:00,2.3,0.0
2018-01-30 18:00:00,18.2,0.0
2018-01-31 00:00:00,8.3,0.0
2018-01-31 06:00:00,4.3,0.0
2018-01-31 12:00:00,4.0,0.0
2018-01-31 18:00:00,18.5,0.0
2018-02-01 00:00:00,6.6,0.4
2018-02-01 06:00:00,4.9,0.1
2018-02-01 12:00:00,3.5,0.0
2018-02-01 18:00:00,18.3,0.0
2018-02-02 00:00:00,6.1,0.7
2018-02-02 06:00:00,2.7,0.1
2018-02-02 12:00:00,2.8,0.0
2018-02-02 18:00:00,18.0,0.0
2018-02-03 00:00:00,5.8,0.7
2018-02-03 06:00:00,6.3,0.0
2018-02-03 12:00:00,3.4,0.0
2018-02-03 18:00:00,15.4,0.0
2018-02-04 00:00:00,7.8,0.0
2018-02-04 06:00:00,3.1,0.0
2018-02-04 12:00:00,2.5,0.0
2018-02-04 18:00:00,17.1,0.0
2018-02-05 00:00:00,8.2,0.0
2018-02-05 06:00:00,6.4,0.0
2018-02-05 12:00:00,5.2,0.0
2018-02-05 18:00:00,18.3,0.0
2018-02-06 00:00:00,8.2,0.0
2018-02-06 06:00:00,6.1,0.0
2018-02-06 12:00:00,6.1,0.1
2018-02-06 18:00:00,18.7,0.0
2018-02-07 00:00:00,7.4,0.0
2018-02-07 06:00:00,4.7,0.0
2018-02-07 12:00:00,4.6,0.0
2018-02-07 18:00:00,15.5,0.0
2018-02-08 00:00:00,7.4,0.3
2018-02-08 06:00:00,5.9,0.0
2018-02-08 12:00:00,5.9,0.0
2018-02-08 18:00:00,10.3,0.0
2018-02-09 00:00:00,6.0,0.0
2018-02-09 06:00:00,5.7,0.5
2018-02-09 12:00:00,4.9,0.0
2018-02-09 18:00:00,13.4,0.1
2018-02-10 00:00:00,8.2,0.0
2018-02-10 06:00:00,5.8,0.0
2018-02-10 12:00:00,5.1,0.0
2018-02-10 18:00:00,10.2,0.1
2018-02-11 00:00:00,5.8,0.0
2018-02-11 06:00:00,4.1,0.0
2018-02-11 12:00:00,2.1,0.0
2018-02-11 18:00:00,11.1,0.0
2018-02-12 00:00:00,6.3,0.0
2018-02-12 06:00:00,3.6,0.1
2018-02-12 12:00:00,2.4,0.0
2018-02-12 18:00:00,14.3,0.0
2018-02-13 00:00:00,7.1,0.0
2018-02-13 06:00:00,5.0,0.0
2018-02-13 12:00:00,3.4,0.0
2018-02-13 18:00:00,17.8,0.0
2018-02-14 00:00:00,7.4,0.0
2018-02-14 06:00:00,6.5,0.3
2018-02-14 12:00:00,6.4,0.0
2018-02-14 18:00:00,14.5,0.0
2018-02-15 00:00:00,7.0,0.5
2018-02-15 06:00:00,6.3,0.0
2018-02-15 12:00:00,6.3,0.1
2018-02-15 18:00:00,14.7,0.0
2018-02-16 00:00:00,7.1,0.1
2018-02-16 06:00:00,5.6,0.1
2018-02-16 12:00:00,5.8,0.0
2018-02-16 18:00:00,9.7,0.1
2018-02-17 00:00:00,7.0,0.1
2018-02-17 06:00:00,6.2,0.0
2018-02-17 12:00:00,6.0,0.0
2018-02-17 18:00:00,14.2,0.0
2018-02-18 00:00:00,6.5,0.0
2018-02-18 06:00:00,6.5,0.5
2018-02-18 12:00:00,5.9,0.0
2018-02-18 18:00:00,13.3,0.0
2018-02-19 00:00:00,5.5,0.7
2018-02-19 06:00:00,5.6,0.0
2018-02-19 12:00:00,5.8,0.0
2018-02-19 18:00:00,9.1,0.0
2018-02-20 00:00:00,6.0,0.1
2018-02-20 06:00:00,4.8,0.0
2018-02-20 12:00:00,2.4,0.0
2018-02-20 18:00:00,15.9,0.0
2018-02-21 00:00:00,6.2,0.0
2018-02-21 06:00:00,4.0,0.0
2018-02-21 12:00:00,1.1,0.0
2018-02-21 18:00:00,15.7,0.0
2018-02-22 00:00:00,6.5,0.0
2018-02-22 06:00:00,3.5,0.0
2018-02-22 12:00:00,0.0,0.0
2018-02-22 18:00:00,16.9,0.0
2018-02-23 00:00:00,6.8,0.0
2018-02-23 06:00:00,3.6,0.0
2018-02-23 12:00:00,3.7,0.0
2018-02-23 18:00:00,15.6,0.0
2018-02-24 00:00:00,6.0,0.0
2018-02-24 06:00:00,2.6,0.0
2018-02-24 12:00:00,-0.1,0.0
2018-02-24 18:00:00,15.5,0.0
2018-02-25 00:00:00,5.8,0.0
2018-02-25 06:00:00,0.2,0.0
2018-02-25 12:00:00,0.5,0.0
2018-02-25 18:00:00,10.5,0.0
2018-02-26 00:00:00,4.1,1.5
2018-02-26 06:00:00,4.1,0.1
2018-02-26 12:00:00,4.3,0.1
2018-02-26 18:00:00,10.0,0.1
2018-02-27 00:00:00,6.2,0.2
2018-02-27 06:00:00,4.9,0.1
2018-02-27 12:00:00,4.6,0.0
2018-02-27 18:00:00,11.8,0.0
2018-02-28 00:00:00,5.8,0.0
2018-02-28 06:00:00,5.4,0.0
2018-02-28 12:00:00,5.3,0.0
2018-02-28 18:00:00,14.2,0.0
2018-03-01 00:00:00,6.8,1.6
2018-03-01 06:00:00,5.2,0.0
2018-03-01 12:00:00,5.7,0.0
2018-03-01 18:00:00,13.4,0.0
2018-03-02 00:00:00,5.7,0.1
2018-03-02 06:00:00,5.0,0.0
2018-03-02 12:00:00,4.0,0.0
2018-03-02 18:00:00,14.2,0.0
2018-03-03 00:00:00,7.5,0.0
2018-03-03 06:00:00,5.6,0.2
2018-03-03 12:00:00,5.3,0.0
2018-03-03 18:00:00,15.2,0.0
2018-03-04 00:00:00,7.8,0.0
2018-03-04 06:00:00,5.6,1.6
2018-03-04 12:00:00,5.3,0.2
2018-03-04 18:00:00,14.9,0.0
2018-03-05 00:00:00,6.4,0.8
2018-03-05 06:00:00,3.2,0.0
2018-03-05 12:00:00,4.6,0.0
2018-03-05 18:00:00,17.2,0.0
2018-03-06 00:00:00,6.2,0.7
2018-03-06 06:00:00,5.6,0.1
2018-03-06 12:00:00,5.4,0.1
2018-03-06 18:00:00,15.2,0.0
2018-03-07 00:00:00,4.8,2.1
2018-03-07 06:00:00,4.1,0.0
2018-03-07 12:00:00,5.7,0.0
2018-03-07 18:00:00,14.8,0.0
2018-03-08 00:00:00,8.8,0.0
2018-03-08 06:00:00,8.3,0.0
2018-03-08 12:00:00,5.1,0.0
2018-03-08 18:00:00,15.0,0.0
2018-03-09 00:00:00,9.4,0.0
2018-03-09 06:00:00,6.4,0.0
2018-03-09 12:00:00,5.6,0.0
2018-03-09 18:00:00,17.1,0.0
2018-03-10 00:00:00,6.2,0.3
2018-03-10 06:00:00,4.0,0.0
2018-03-10 12:00:00,7.0,0.0
2018-03-10 18:00:00,13.9,0.0
2018-03-11 00:00:00,10.1,0.0
2018-03-11 06:00:00,6.8,0.2
2018-03-11 12:00:00,9.1,0.0
2018-03-11 18:00:00,17.2,0.0
2018-03-12 00:00:00,7.1,1.4
2018-03-12 06:00:00,6.4,0.0
2018-03-12 12:00:00,4.9,0.0
2018-03-12 18:00:00,17.2,0.0
2018-03-13 00:00:00,7.3,0.0
2018-03-13 06:00:00,5.0,0.0
2018-03-13 12:00:00,5.3,0.0
2018-03-13 18:00:00,17.6,0.0
2018-03-14 00:00:00,6.9,1.0
2018-03-14 06:00:00,4.8,2.9
2018-03-14 12:00:00,5.6,0.0
2018-03-14 18:00:00,8.0,0.7
2018-03-15 00:00:00,5.1,0.0
2018-03-15 06:00:00,5.5,0.0
2018-03-15 12:00:00,5.5,0.0
2018-03-15 18:00:00,13.3,0.0
2018-03-16 00:00:00,7.0,0.0
2018-03-16 06:00:00,6.3,0.0
2018-03-16 12:00:00,6.3,0.0
2018-03-16 18:00:00,15.4,0.0
2018-03-17 00:00:00,7.3,0.7
2018-03-17 06:00:00,6.3,0.0
2018-03-17 12:00:00,6.3,0.0
2018-03-17 18:00:00,14.2,0.0
2018-03-18 00:00:00,6.9,0.0
2018-03-18 06:00:00,4.8,1.3
2018-03-18 12:00:00,5.1,0.1
2018-03-18 18:00:00,10.3,0.0
2018-03-19 00:00:00,5.8,0.5
2018-03-19 06:00:00,6.2,0.0
2018-03-19 12:00:00,5.7,0.5
2018-03-19 18:00:00,10.3,0.3
2018-03-20 00:00:00,6.9,0.0
2018-03-20 06:00:00,6.2,0.0
2018-03-20 12:00:00,6.2,0.0
2018-03-20 18:00:00,12.0,0.0
2018-03-21 00:00:00,6.9,0.1
2018-03-21 06:00:00,5.3,0.0
2018-03-21 12:00:00,5.8,0.1
2018-03-21 18:00:00,15.0,0.0
2018-03-22 00:00:00,8.1,0.0
2018-03-22 06:00:00,7.3,0.0
2018-03-22 12:00:00,7.3,0.0
2018-03-22 18:00:00,9.8,0.0
2018-03-23 00:00:00,6.3,0.1
2018-03-23 06:00:00,5.3,0.0
2018-03-23 12:00:00,5.7,0.1
2018-03-23 18:00:00,8.3,0.1
2018-03-24 00:00:00,3.8,0.6
2018-03-24 06:00:00,4.7,0.0
2018-03-24 12:00:00,3.0,0.0
2018-03-24 18:00:00,13.7,0.0
2018-03-25 00:00:00,6.6,0.0
2018-03-25 06:00:00,5.7,0.0
2018-03-25 12:00:00,5.6,0.0
2018-03-25 18:00:00,15.8,0.0
2018-03-26 00:00:00,6.6,0.5
2018-03-26 06:00:00,4.5,0.5
2018-03-26 12:00:00,4.7,0.0
2018-03-26 18:00:00,16.0,0.0
2018-03-27 00:00:00,4.6,2.8
2018-03-27 06:00:00,4.6,0.1
2018-03-27 12:00:00,3.7,0.0
2018-03-27 18:00:00,13.4,0.0
2018-03-28 00:00:00,6.0,0.1
2018-03-28 06:00:00,5.7,0.0
2018-03-28 12:00:00,3.6,0.0
2018-03-28 18:00:00,16.2,0.0
2018-03-29 00:00:00,6.7,0.4
2018-03-29 06:00:00,6.1,0.0
2018-03-29 12:00:00,6.3,0.2
2018-03-29 18:00:00,16.1,0.0
2018-03-30 00:00:00,8.4,0.0
2018-03-30 06:00:00,5.6,0.0
2018-03-30 12:00:00,6.1,0.0
2018-03-30 18:00:00,13.5,0.0
2018-03-31 00:00:00,5.6,2.3
2018-03-31 06:00:00,5.9,0.1
2018-03-31 12:00:00,5.8,0.0
2018-03-31 18:00:00,12.2,0.0
2018-04-01 00:00:00,6.6,0.5
2018-04-01 06:00:00,5.4,0.0
2018-04-01 12:00:00,5.3,0.0
2018-04-01 18:00:00,12.4,0.0
2018-04-02 00:00:00,6.5,0.0
2018-04-02 06:00:00,5.0,0.0
2018-04-02 12:00:00,5.3,0.0
2018-04-02 18:00:00,11.1,0.0
2018-04-03 00:00:00,6.7,0.0
2018-04-03 06:00:00,4.8,0.0
2018-04-03 12:00:00,5.4,0.0
2018-04-03 18:00:00,10.8,0.0
2018-04-04 00:00:00,5.9,0.0
2018-04-04 06:00:00,5.2,0.1
2018-04-04 12:00:00,5.1,0.0
2018-04-04 18:00:00,15.1,0.0
2018-04-05 00:00:00,5.5,0.0
2018-04-05 06:00:00,5.6,0.7
2018-04-05 12:00:00,5.4,0.0
2018-04-05 18:00:00,8.6,0.0
2018-04-06 00:00:00,5.4,0.7
2018-04-06 06:00:00,3.9,0.3
2018-04-06 12:00:00,4.6,0.0
2018-04-06 18:00:00,11.4,0.0
2018-04-07 00:00:00,4.8,0.3
2018-04-07 06:00:00,4.5,0.0
2018-04-07 12:00:00,3.5,0.0
2018-04-07 18:00:00,11.6,0.0
2018-04-08 00:00:00,4.2,0.3
2018-04-08 06:00:00,4.9,0.4
2018-04-08 12:00:00,5.0,0.1
2018-04-08 18:00:00,10.8,0.1
2018-04-09 00:00:00,5.9,0.3
2018-04-09 06:00:00,5.0,0.0
2018-04-09 12:00:00,5.0,0.0
2018-04-09 18:00:00,12.6,0.0
2018-04-10 00:00:00,6.5,0.3
2018-04-10 06:00:00,4.9,0.1
2018-04-10 12:00:00,5.1,0.0
2018-04-10 18:00:00,10.2,0.0
2018-04-11 00:00:00,5.3,0.0
2018-04-11 06:00:00,4.5,0.0
2018-04-11 12:00:00,3.7,0.0
2018-04-11 18:00:00,13.7,0.0
2018-04-12 00:00:00,4.8,0.4
2018-04-12 06:00:00,3.5,0.0
2018-04-12 12:00:00,2.3,0.0
2018-04-12 18:00:00,15.3,0.0
2018-04-13 00:00:00,5.0,1.0
2018-04-13 06:00:00,4.0,0.0
2018-04-13 12:00:00,5.4,0.0
2018-04-13 18:00:00,10.2,0.0
2018-04-14 00:00:00,5.8,0.2
2018-04-14 06:00:00,5.0,0.0
2018-04-14 12:00:00,5.9,0.1
2018-04-14 18:00:00,13.0,0.0
2018-04-15 00:00:00,8.1,0.0
2018-04-15 06:00:00,8.8,0.0
2018-04-15 12:00:00,7.8,0.0
2018-04-15 18:00:00,15.5,0.0
2018-04-16 00:00:00,6.7,0.3
2018-04-16 06:00:00,8.3,0.0
2018-04-16 12:00:00,1.5,0.0
2018-04-16 18:00:00,15.4,0.0
2018-04-17 00:00:00,6.0,0.0
2018-04-17 06:00:00,3.0,0.0
2018-04-17 12:00:00,0.3,0.0
2018-04-17 18:00:00,16.8,0.0
2018-04-18 00:00:00,6.0,0.0
2018-04-18 06:00:00,1.7,0.0
2018-04-18 12:00:00,1.3,0.0
2018-04-18 18:00:00,17.1,0.0
2018-04-19 00:00:00,10.0,0.0
2018-04-19 06:00:00,7.3,0.0
2018-04-19 12:00:00,7.3,0.0
2018-04-19 18:00:00,17.1,0.0
2018-04-20 00:00:00,7.1,0.0
2018-04-20 06:00:00,6.1,0.0
2018-04-20 12:00:00,7.9,0.0
2018-04-20 18:00:00,16.6,0.0
2018-04-21 00:00:00,7.6,0.0
2018-04-21 06:00:00,5.8,0.2
2018-04-21 12:00:00,6.7,0.0
2018-04-21 18:00:00,16.7,0.0
2018-04-22 00:00:00,7.2,0.0
2018-04-22 06:00:00,5.0,0.0
2018-04-22 12:00:00,4.6,0.0
2018-04-22 18:00:00,15.1,0.0
2018-04-23 00:00:00,4.7,0.0
2018-04-23 06:00:00,5.0,0.0
2018-04-23 12:00:00,3.4,0.0
2018-04-23 18:00:00,11.6,0.0
2018-04-24 00:00:00,6.6,0.7
2018-04-24 06:00:00,4.6,0.0
2018-04-24 12:00:00,5.5,0.0
2018-04-24 18:00:00,15.2,0.0
2018-04-25 00:00:00,6.5,0.1
2018-04-25 06:00:00,5.2,0.0
2018-04-25 12:00:00,4.4,0.0
2018-04-25 18:00:00,15.5,0.0
2018-04-26 00:00:00,7.0,0.0
2018-04-26 06:00:00,6.3,0.0
2018-04-26 12:00:00,7.4,0.0
2018-04-26 18:00:00,14.0,0.0
2018-04-27 00:00:00,8.0,0.0
2018-04-27 06:00:00,7.7,0.0
2018-04-27 12:00:00,4.8,0.0
2018-04-27 18:00:00,11.5,0.0
2018-04-28 00:00:00,5.9,0.0
2018-04-28 06:00:00,3.6,0.0
2018-04-28 12:00:00,5.7,0.0
2018-04-28 18:00:00,11.1,0.0
2018-04-29 00:00:00,5.8,0.0
2018-04-29 06:00:00,5.5,0.0
2018-04-29 12:00:00,5.6,0.0
2018-04-29 18:00:00,12.6,0.0
2018-04-30 00:00:00,8.0,0.0
2018-04-30 06:00:00,5.9,0.0
2018-04-30 12:00:00,4.3,0.0
2018-04-30 18:00:00,14.7,0.0
2018-05-01 00:00:00,8.2,0.0
2018-05-01 06:00:00,5.4,0.0
2018-05-01 12:00:00,7.2,0.0
2018-05-01 18:00:00,12.1,0.0
2018-05-02 00:00:00,8.5,0.0
2018-05-02 06:00:00,7.1,0.0
2018-05-02 12:00:00,8.3,0.0
2018-05-02 18:00:00,14.6,0.0
2018-05-03 00:00:00,9.2,0.0
2018-05-03 06:00:00,4.9,0.0
2018-05-03 12:00:00,4.5,0.0
2018-05-03 18:00:00,16.8,0.0
2018-05-04 00:00:00,7.4,0.0
2018-05-04 06:00:00,5.5,0.0
2018-05-04 12:00:00,3.7,0.0
2018-05-04 18:00:00,16.8,0.0
2018-05-05 00:00:00,7.5,0.0
2018-05-05 06:00:00,6.0,0.3
2018-05-05 12:00:00,4.4,0.2
2018-05-05 18:00:00,14.5,0.0
2018-05-06 00:00:00,6.7,0.0
2018-05-06 06:00:00,5.4,0.0
2018-05-06 12:00:00,6.2,0.0
2018-05-06 18:00:00,14.7,0.0
2018-05-07 00:00:00,8.0,0.0
2018-05-07 06:00:00,5.4,0.7
2018-05-07 12:00:00,4.9,0.1
2018-05-07 18:00:00,11.4,0.0
2018-05-08 00:00:00,6.4,0.1
2018-05-08 06:00:00,3.5,0.0
2018-05-08 12:00:00,4.4,0.0
2018-05-08 18:00:00,10.7,0.0
2018-05-09 00:00:00,6.7,0.0
2018-05-09 06:00:00,5.3,0.0
2018-05-09 12:00:00,5.6,0.0
2018-05-09 18:00:00,13.2,0.0
2018-05-10 00:00:00,7.1,0.0
2018-05-10 06:00:00,6.1,0.0
2018-05-10 12:00:00,5.7,0.0
2018-05-10 18:00:00,15.5,0.0
2018-05-11 00:00:00,6.7,0.0
2018-05-11 06:00:00,6.6,0.0
2018-05-11 12:00:00,5.7,0.0
2018-05-11 18:00:00,17.4,0.0
2018-05-12 00:00:00,6.1,0.0
2018-05-12 06:00:00,3.1,0.0
2018-05-12 12:00:00,2.5,0.0
2018-05-12 18:00:00,17.0,0.0
2018-05-13 00:00:00,4.9,2.0
2018-05-13 06:00:00,4.4,0.0
2018-05-13 12:00:00,4.5,0.0
2018-05-13 18:00:00,13.8,0.0
2018-05-14 00:00:00,4.7,0.0
2018-05-14 06:00:00,2.6,0.0
2018-05-14 12:00:00,3.4,0.0
2018-05-14 18:00:00,13.5,0.0
2018-05-15 00:00:00,6.6,0.0
2018-05-15 06:00:00,5.4,0.0
2018-05-15 12:00:00,2.9,0.0
2018-05-15 18:00:00,12.0,0.0
2018-05-16 00:00:00,6.5,0.0
2018-05-16 06:00:00,3.8,0.0
2018-05-16 12:00:00,2.2,0.0
2018-05-16 18:00:00,13.3,0.0
2018-05-17 00:00:00,6.6,0.0
2018-05-17 06:00:00,5.5,0.3
2018-05-17 12:00:00,4.9,0.0
2018-05-17 18:00:00,14.0,0.0
2018-05-18 00:00:00,7.2,0.0
2018-05-18 06:00:00,4.7,0.9
2018-05-18 12:00:00,5.0,0.0
2018-05-18 18:00:00,11.3,0.0
2018-05-19 00:00:00,4.6,0.1
2018-05-19 06:00:00,3.1,0.0
2018-05-19 12:00:00,2.7,0.0
2018-05-19 18:00:00,14.6,0.0
2018-05-20 00:00:00,8.8,0.0
2018-05-20 06:00:00,7.8,0.0
2018-05-20 12:00:00,1.9,0.0
2018-05-20 18:00:00,16.2,0.0
2018-05-21 00:00:00,7.0,0.0
2018-05-21 06:00:00,5.9,0.0
2018-05-21 12:00:00,5.5,0.0
2018-05-21 18:00:00,11.6,0.0
2018-05-22 00:00:00,7.0,0.0
2018-05-22 06:00:00,3.6,0.0
2018-05-22 12:00:00,2.2,0.0
2018-05-22 18:00:00,15.7,0.0
2018-05-23 00:00:00,7.5,0.0
2018-05-23 06:00:00,5.2,0.0
2018-05-23 12:00:00,5.3,0.0
2018-05-23 18:00:00,13.1,0.0
2018-05-24 00:00:00,6.6,0.0
2018-05-24 06:00:00,1.9,0.0
2018-05-24 12:00:00,6.3,0.0
2018-05-24 18:00:00,15.9,0.0
2018-05-25 00:00:00,8.2,0.0
2018-05-25 06:00:00,1.5,0.0
2018-05-25 12:00:00,6.3,0.0
2018-05-25 18:00:00,16.4,0.0
2018-05-26 00:00:00,3.7,0.0
2018-05-26 06:00:00,1.2,0.0
2018-05-26 12:00:00,1.1,0.0
2018-05-26 18:00:00,16.8,0.0
2018-05-27 00:00:00,3.9,0.0
2018-05-27 06:00:00,2.8,0.0
2018-05-27 12:00:00,1.4,0.0
2018-05-27 18:00:00,12.6,0.0
2018-05-28 00:00:00,5.7,0.0
2018-05-28 06:00:00,1.6,0.0
2018-05-28 12:00:00,3.7,0.0
2018-05-28 18:00:00,13.5,0.0
2018-05-29 00:00:00,3.8,0.0
2018-05-29 06:00:00,4.8,0.0
2018-05-29 12:00:00,4.0,0.0
2018-05-29 18:00:00,13.8,0.0
2018-05-30 00:00:00,7.0,0.0
2018-05-30 06:00:00,2.0,0.0
2018-05-30 12:00:00,1.2,0.0
2018-05-30 18:00:00,17.0,0.0
2018-05-31 00:00:00,6.7,0.0
2018-05-31 06:00:00,2.4,0.0
2018-05-31 12:00:00,1.5,0.0
2018-05-31 18:00:00,16.2,0.0
2018-06-01 00:00:00,7.3,0.0
2018-06-01 06:00:00,3.1,0.0
2018-06-01 12:00:00,3.3,0.0
2018-06-01 18:00:00,17.4,0.0
2018-06-02 00:00:00,7.3,0.0
2018-06-02 06:00:00,4.4,0.0
2018-06-02 12:00:00,2.8,0.0
2018-06-02 18:00:00,12.7,0.0
2018-06-03 00:00:00,4.7,0.0
2018-06-03 06:00:00,4.0,0.0
2018-06-03 12:00:00,3.8,0.0
2018-06-03 18:00:00,12.3,0.0
2018-06-04 00:00:00,6.5,0.1
2018-06-04 06:00:00,6.4,0.0
2018-06-04 12:00:00,6.8,0.0
2018-06-04 18:00:00,11.9,0.0
2018-06-05 00:00:00,8.0,0.0
2018-06-05 06:00:00,8.3,0.0
2018-06-05 12:00:00,8.3,0.0
2018-06-05 18:00:00,13.0,0.0
2018-06-06 00:00:00,9.1,0.0
2018-06-06 06:00:00,7.4,0.0
2018-06-06 12:00:00,7.7,0.0
2018-06-06 18:00:00,15.9,0.0
2018-06-07 00:00:00,9.9,0.0
2018-06-07 06:00:00,3.4,0.0
2018-06-07 12:00:00,8.3,0.0
2018-06-07 18:00:00,14.8,0.0
2018-06-08 00:00:00,10.0,0.0
2018-06-08 06:00:00,7.7,0.0
2018-06-08 12:00:00,7.7,0.0
2018-06-08 18:00:00,10.6,0.0
2018-06-09 00:00:00,9.0,0.0
2018-06-09 06:00:00,7.3,0.0
2018-06-09 12:00:00,6.9,0.0
2018-06-09 18:00:00,11.6,0.0
2018-06-10 00:00:00,8.1,0.0
2018-06-10 06:00:00,2.8,0.0
2018-06-10 12:00:00,5.0,0.0
2018-06-10 18:00:00,14.8,0.0
2018-06-11 00:00:00,4.3,0.0
2018-06-11 06:00:00,0.7,0.0
2018-06-11 12:00:00,1.5,0.0
2018-06-11 18:00:00,15.6,0.0
2018-06-12 00:00:00,3.5,0.0
2018-06-12 06:00:00,1.3,0.0
2018-06-12 12:00:00,2.2,0.0
2018-06-12 18:00:00,14.0,0.0
2018-06-13 00:00:00,4.9,1.3
2018-06-13 06:00:00,3.2,0.0
2018-06-13 12:00:00,4.3,0.0
2018-06-13 18:00:00,11.2,0.0
2018-06-14 00:00:00,5.9,0.0
2018-06-14 06:00:00,4.3,0.0
2018-06-14 12:00:00,0.9,0.0
2018-06-14 18:00:00,14.9,0.0
2018-06-15 00:00:00,5.5,0.0
2018-06-15 06:00:00,2.0,0.0
2018-06-15 12:00:00,7.5,0.0
2018-06-15 18:00:00,14.6,0.0
2018-06-16 00:00:00,8.8,0.0
2018-06-16 06:00:00,3.0,0.0
2018-06-16 12:00:00,7.7,0.0
2018-06-16 18:00:00,13.8,0.0
2018-06-17 00:00:00,7.2,0.0
2018-06-17 06:00:00,6.0,0.0
2018-06-17 12:00:00,7.6,0.0
2018-06-17 18:00:00,13.3,0.0
2018-06-18 00:00:00,8.7,0.0
2018-06-18 06:00:00,7.7,0.0
2018-06-18 12:00:00,6.6,0.0
2018-06-18 18:00:00,11.5,0.0
2018-06-19 00:00:00,8.9,0.0
2018-06-19 06:00:00,6.9,0.0
2018-06-19 12:00:00,-0.9,0.0
2018-06-19 18:00:00,15.4,0.0
2018-06-20 00:00:00,8.7,0.0
2018-06-20 06:00:00,0.1,0.0
2018-06-20 12:00:00,-1.1,0.0
2018-06-20 18:00:00,15.8,0.0
2018-06-21 00:00:00,9.1,0.0
2018-06-21 06:00:00,-0.4,0.0
2018-06-21 12:00:00,5.8,0.0
2018-06-21 18:00:00,14.5,0.0
2018-06-22 00:00:00,8.8,0.0
2018-06-22 06:00:00,-0.3,0.0
2018-06-22 12:00:00,6.5,0.0
2018-06-22 18:00:00,16.5,0.0
2018-06-23 00:00:00,2.2,0.0
2018-06-23 06:00:00,-0.6,0.0
2018-06-23 12:00:00,-0.3,0.0
2018-06-23 18:00:00,15.8,0.0
2018-06-24 00:00:00,2.7,0.0
2018-06-24 06:00:00,-0.1,0.0
2018-06-24 12:00:00,2.6,0.0
2018-06-24 18:00:00,14.0,0.0
2018-06-25 00:00:00,9.0,0.0
2018-06-25 06:00:00,3.5,0.0
2018-06-25 12:00:00,2.9,0.0
2018-06-25 18:00:00,9.5,0.0
2018-06-26 00:00:00,5.6,0.0
2018-06-26 06:00:00,2.4,0.0
2018-06-26 12:00:00,4.9,0.0
2018-06-26 18:00:00,13.8,0.0
2018-06-27 00:00:00,5.0,0.0
2018-06-27 06:00:00,-0.1,0.0
2018-06-27 12:00:00,-0.8,0.0
2018-06-27 18:00:00,15.2,0.0
2018-06-28 00:00:00,2.7,0.0
2018-06-28 06:00:00,-0.3,0.0
2018-06-28 12:00:00,-0.6,0.0
2018-06-28 18:00:00,15.8,0.0
2018-06-29 00:00:00,3.5,0.0
2018-06-29 06:00:00,-0.6,0.0
2018-06-29 12:00:00,0.0,0.0
2018-06-29 18:00:00,14.8,0.0
2018-06-30 00:00:00,4.4,0.0
2018-06-30 06:00:00,0.2,0.0
2018-06-30 12:00:00,0.3,0.0
2018-06-30 18:00:00,16.9,0.0
2018-07-01 00:00:00,5.0,0.0
2018-07-01 06:00:00,0.4,0.0
2018-07-01 12:00:00,0.7,0.0
2018-07-01 18:00:00,15.2,0.0
2018-07-02 00:00:00,2.9,0.0
2018-07-02 06:00:00,0.7,0.0
2018-07-02 12:00:00,0.1,0.0
2018-07-02 18:00:00,15.0,0.0
2018-07-03 00:00:00,4.7,0.0
2018-07-03 06:00:00,0.9,0.0
2018-07-03 12:00:00,1.4,0.0
2018-07-03 18:00:00,17.2,0.0
2018-07-04 00:00:00,9.4,0.0
2018-07-04 06:00:00,0.6,0.0
2018-07-04 12:00:00,-1.0,0.0
2018-07-04 18:00:00,15.0,0.0
2018-07-05 00:00:00,5.9,0.0
2018-07-05 06:00:00,2.7,0.0
2018-07-05 12:00:00,1.9,0.0
2018-07-05 18:00:00,16.5,0.0
2018-07-06 00:00:00,7.5,0.0
2018-07-06 06:00:00,2.0,0.0
2018-07-06 12:00:00,1.7,0.0
2018-07-06 18:00:00,18.0,0.0
2018-07-07 00:00:00,3.9,0.0
2018-07-07 06:00:00,0.7,0.0
2018-07-07 12:00:00,5.1,0.0
2018-07-07 18:00:00,16.0,0.0
2018-07-08 00:00:00,9.5,0.0
2018-07-08 06:00:00,2.3,0.0
2018-07-08 12:00:00,-2.0,0.0
2018-07-08 18:00:00,16.2,0.0
2018-07-09 00:00:00,9.1,0.0
2018-07-09 06:00:00,0.9,0.0
2018-07-09 12:00:00,6.4,0.0
2018-07-09 18:00:00,14.8,0.0
2018-07-10 00:00:00,4.3,0.0
2018-07-10 06:00:00,4.2,0.3
2018-07-10 12:00:00,3.8,0.2
2018-07-10 18:00:00,11.8,0.0
2018-07-11 00:00:00,6.5,0.0
2018-07-11 06:00:00,3.9,0.3
2018-07-11 12:00:00,1.9,0.0
2018-07-11 18:00:00,12.9,0.0
2018-07-12 00:00:00,7.1,0.0
2018-07-12 06:00:00,5.1,0.0
2018-07-12 12:00:00,5.7,0.0
2018-07-12 18:00:00,9.5,0.0
2018-07-13 00:00:00,7.4,0.0
2018-07-13 06:00:00,6.7,0.0
2018-07-13 12:00:00,6.3,0.0
2018-07-13 18:00:00,11.7,0.0
2018-07-14 00:00:00,8.0,0.0
2018-07-14 06:00:00,6.9,0.0
2018-07-14 12:00:00,6.1,0.0
2018-07-14 18:00:00,14.5,0.0
2018-07-15 00:00:00,8.6,0.0
2018-07-15 06:00:00,6.4,0.0
2018-07-15 12:00:00,6.0,0.0
2018-07-15 18:00:00,15.6,0.0
2018-07-16 00:00:00,8.7,0.0
2018-07-16 06:00:00,6.3,0.0
2018-07-16 12:00:00,5.8,0.0
2018-07-16 18:00:00,13.9,0.0
2018-07-17 00:00:00,8.1,0.0
2018-07-17 06:00:00,6.7,0.0
2018-07-17 12:00:00,7.2,0.0
2018-07-17 18:00:00,14.0,0.0
2018-07-18 00:00:00,9.3,0.0
2018-07-18 06:00:00,8.3,0.0
2018-07-18 12:00:00,8.0,0.0
2018-07-18 18:00:00,13.9,0.0
2018-07-19 00:00:00,8.6,0.0
2018-07-19 06:00:00,8.2,0.0
2018-07-19 12:00:00,6.4,0.0
2018-07-19 18:00:00,11.9,0.0
2018-07-20 00:00:00,8.5,0.0
2018-07-20 06:00:00,2.3,0.0
2018-07-20 12:00:00,5.5,0.0
2018-07-20 18:00:00,13.0,0.0
2018-07-21 00:00:00,9.6,0.0
2018-07-21 06:00:00,2.0,0.0
2018-07-21 12:00:00,4.6,0.0
2018-07-21 18:00:00,14.7,0.0
2018-07-22 00:00:00,4.6,0.0
2018-07-22 06:00:00,6.1,0.0
2018-07-22 12:00:00,0.1,0.0
2018-07-22 18:00:00,16.1,0.0
2018-07-23 00:00:00,9.5,0.0
2018-07-23 06:00:00,4.4,0.1
2018-07-23 12:00:00,0.8,0.0
2018-07-23 18:00:00,16.6,0.0
2018-07-24 00:00:00,9.0,0.0
2018-07-24 06:00:00,7.1,0.0
2018-07-24 12:00:00,6.9,0.0
2018-07-24 18:00:00,14.8,0.0
2018-07-25 00:00:00,9.5,0.0
2018-07-25 06:00:00,0.5,0.0
2018-07-25 12:00:00,6.0,0.0
2018-07-25 18:00:00,15.8,0.0
2018-07-26 00:00:00,9.8,0.0
2018-07-26 06:00:00,6.1,0.0
2018-07-26 12:00:00,-1.0,0.0
2018-07-26 18:00:00,16.4,0.0
2018-07-27 00:00:00,5.7,0.0
2018-07-27 06:00:00,0.0,0.0
2018-07-27 12:00:00,-1.2,0.0
2018-07-27 18:00:00,16.7,0.0
2018-07-28 00:00:00,4.2,0.0
2018-07-28 06:00:00,0.3,0.0
2018-07-28 12:00:00,-0.2,0.0
2018-07-28 18:00:00,16.0,0.0
2018-07-29 00:00:00,4.1,0.0
2018-07-29 06:00:00,-1.2,0.0
2018-07-29 12:00:00,-0.7,0.0
2018-07-29 18:00:00,15.9,0.0
2018-07-30 00:00:00,5.2,0.0
2018-07-30 06:00:00,-0.2,0.0
2018-07-30 12:00:00,3.4,0.0
2018-07-30 18:00:00,13.4,0.0
2018-07-31 00:00:00,2.8,0.0
2018-07-31 06:00:00,2.9,0.0
2018-07-31 12:00:00,6.6,0.0
2018-07-31 18:00:00,16.3,0.0
2018-08-01 00:00:00,4.9,0.0
2018-08-01 06:00:00,4.3,0.0
2018-08-01 12:00:00,7.7,0.0
2018-08-01 18:00:00,15.3,0.0
2018-08-02 00:00:00,4.7,0.0
2018-08-02 06:00:00,3.8,0.0
2018-08-02 12:00:00,0.9,0.0
2018-08-02 18:00:00,14.7,0.0
2018-08-03 00:00:00,5.3,0.0
2018-08-03 06:00:00,2.2,0.0
2018-08-03 12:00:00,4.0,0.0
2018-08-03 18:00:00,15.7,0.0
2018-08-04 00:00:00,6.0,0.0
2018-08-04 06:00:00,0.7,0.0
2018-08-04 12:00:00,-0.5,0.0
2018-08-04 18:00:00,15.7,0.0
2018-08-05 00:00:00,5.6,0.0
2018-08-05 06:00:00,3.8,0.0
2018-08-05 12:00:00,1.1,0.0
2018-08-05 18:00:00,17.0,0.0
2018-08-06 00:00:00,4.2,0.0
2018-08-06 06:00:00,5.4,0.0
2018-08-06 12:00:00,4.8,0.0
2018-08-06 18:00:00,16.5,0.0
2018-08-07 00:00:00,9.3,0.0
2018-08-07 06:00:00,7.5,0.0
2018-08-07 12:00:00,6.1,0.0
2018-08-07 18:00:00,14.1,0.0
2018-08-08 00:00:00,7.4,0.0
2018-08-08 06:00:00,6.7,0.0
2018-08-08 12:00:00,6.2,0.0
2018-08-08 18:00:00,12.0,0.0
2018-08-09 00:00:00,6.8,0.0
2018-08-09 06:00:00,7.2,0.0
2018-08-09 12:00:00,6.8,0.0
2018-08-09 18:00:00,14.4,0.0
2018-08-10 00:00:00,7.9,0.0
2018-08-10 06:00:00,6.8,0.0
2018-08-10 12:00:00,6.0,0.0
2018-08-10 18:00:00,14.9,0.0
2018-08-11 00:00:00,7.6,0.0
2018-08-11 06:00:00,4.6,0.0
2018-08-11 12:00:00,7.0,0.0
2018-08-11 18:00:00,14.7,0.0
2018-08-12 00:00:00,8.8,0.0
2018-08-12 06:00:00,7.2,0.0
2018-08-12 12:00:00,6.6,0.0
2018-08-12 18:00:00,14.8,0.0
2018-08-13 00:00:00,8.9,0.0
2018-08-13 06:00:00,0.1,0.0
2018-08-13 12:00:00,0.8,0.0
2018-08-13 18:00:00,16.7,0.0
2018-08-14 00:00:00,4.9,0.0
2018-08-14 06:00:00,2.0,0.0
2018-08-14 12:00:00,2.4,0.0
2018-08-14 18:00:00,17.8,0.0
2018-08-15 00:00:00,4.3,0.0
2018-08-15 06:00:00,0.4,0.0
2018-08-15 12:00:00,5.2,0.0
2018-08-15 18:00:00,16.5,0.0
2018-08-16 00:00:00,3.9,0.0
2018-08-16 06:00:00,0.9,0.0
2018-08-16 12:00:00,6.7,0.0
2018-08-16 18:00:00,11.8,0.0
2018-08-17 00:00:00,6.7,0.0
2018-08-17 06:00:00,7.6,0.0
2018-08-17 12:00:00,6.9,0.0
2018-08-17 18:00:00,16.8,0.0
2018-08-18 00:00:00,5.5,0.0
2018-08-18 06:00:00,1.0,0.0
2018-08-18 12:00:00,1.4,0.0
2018-08-18 18:00:00,17.7,0.0
2018-08-19 00:00:00,5.7,0.0
2018-08-19 06:00:00,3.3,0.0
2018-08-19 12:00:00,4.9,0.0
2018-08-19 18:00:00,15.3,0.0
2018-08-20 00:00:00,5.4,0.0
2018-08-20 06:00:00,1.1,0.0
2018-08-20 12:00:00,6.0,0.0
2018-08-20 18:00:00,16.1,0.0
2018-08-21 00:00:00,9.4,0.0
2018-08-21 06:00:00,5.8,0.0
2018-08-21 12:00:00,5.7,0.0
2018-08-21 18:00:00,16.0,0.0
2018-08-22 00:00:00,8.8,0.0
2018-08-22 06:00:00,5.4,0.2
2018-08-22 12:00:00,6.2,0.0
2018-08-22 18:00:00,13.5,0.0
2018-08-23 00:00:00,6.5,0.0
2018-08-23 06:00:00,4.3,0.0
2018-08-23 12:00:00,1.5,0.0
2018-08-23 18:00:00,20.2,0.0
2018-08-24 00:00:00,8.0,0.0
2018-08-24 06:00:00,2.1,0.0
2018-08-24 12:00:00,1.1,0.0
2018-08-24 18:00:00,17.4,0.0
2018-08-25 00:00:00,9.5,0.0
2018-08-25 06:00:00,2.0,0.0
2018-08-25 12:00:00,6.1,0.0
2018-08-25 18:00:00,15.4,0.0
2018-08-26 00:00:00,8.6,0.0
2018-08-26 06:00:00,2.8,0.0
2018-08-26 12:00:00,6.2,0.0
2018-08-26 18:00:00,15.9,0.0
2018-08-27 00:00:00,7.1,0.0
2018-08-27 06:00:00,0.9,0.0
2018-08-27 12:00:00,5.7,0.1
2018-08-27 18:00:00,15.5,0.0
2018-08-28 00:00:00,9.0,0.0
2018-08-28 06:00:00,6.5,0.0
2018-08-28 12:00:00,6.4,0.0
2018-08-28 18:00:00,16.7,0.0
2018-08-29 00:00:00,8.8,0.0
2018-08-29 06:00:00,5.9,0.0
2018-08-29 12:00:00,6.2,0.0
2018-08-29 18:00:00,17.1,0.0
2018-08-30 00:00:00,5.4,0.0
2018-08-30 06:00:00,0.9,0.0
2018-08-30 12:00:00,0.0,0.0
2018-08-30 18:00:00,16.9,0.0
2018-08-31 00:00:00,5.1,0.0
2018-08-31 06:00:00,1.0,0.0
2018-08-31 12:00:00,0.4,0.0
2018-08-31 18:00:00,17.7,0.0
2018-09-01 00:00:00,4.6,0.0
2018-09-01 06:00:00,0.5,0.0
2018-09-01 12:00:00,1.7,0.0
2018-09-01 18:00:00,19.2,0.0
2018-09-02 00:00:00,8.3,0.0
2018-09-02 06:00:00,2.4,0.0
2018-09-02 12:00:00,2.6,0.0
2018-09-02 18:00:00,14.2,0.0
2018-09-03 00:00:00,5.7,0.0
2018-09-03 06:00:00,4.5,0.0
2018-09-03 12:00:00,7.2,0.0
2018-09-03 18:00:00,14.1,0.0
2018-09-04 00:00:00,5.8,0.3
2018-09-04 06:00:00,7.0,0.0
2018-09-04 12:00:00,5.8,0.0
2018-09-04 18:00:00,16.5,0.0
2018-09-05 00:00:00,9.6,0.0
2018-09-05 06:00:00,6.5,0.0
2018-09-05 12:00:00,1.6,0.0
2018-09-05 18:00:00,17.6,0.0
2018-09-06 00:00:00,9.8,0.0
2018-09-06 06:00:00,-0.1,0.0
2018-09-06 12:00:00,-0.8,0.0
2018-09-06 18:00:00,18.0,0.0
2018-09-07 00:00:00,5.6,0.0
2018-09-07 06:00:00,-0.5,0.0
2018-09-07 12:00:00,0.5,0.0
2018-09-07 18:00:00,17.5,0.0
2018-09-08 00:00:00,10.4,0.0
2018-09-08 06:00:00,0.1,0.0
2018-09-08 12:00:00,0.2,0.0
2018-09-08 18:00:00,18.8,0.0
2018-09-09 00:00:00,5.9,0.0
2018-09-09 06:00:00,0.8,0.0
2018-09-09 12:00:00,0.2,0.0
2018-09-09 18:00:00,18.6,0.0
2018-09-10 00:00:00,7.0,0.0
2018-09-10 06:00:00,1.2,0.0
2018-09-10 12:00:00,5.8,0.0
2018-09-10 18:00:00,13.9,0.0
2018-09-11 00:00:00,6.8,0.0
2018-09-11 06:00:00,2.9,0.0
2018-09-11 12:00:00,6.4,0.0
2018-09-11 18:00:00,15.6,0.0
2018-09-12 00:00:00,5.4,0.0
2018-09-12 06:00:00,1.1,0.0
2018-09-12 12:00:00,0.4,0.0
2018-09-12 18:00:00,19.2,0.0
2018-09-13 00:00:00,5.5,0.0
2018-09-13 06:00:00,1.2,0.0
2018-09-13 12:00:00,1.0,0.0
2018-09-13 18:00:00,17.7,0.0
2018-09-14 00:00:00,5.6,0.0
2018-09-14 06:00:00,2.5,0.0
2018-09-14 12:00:00,1.9,0.0
2018-09-14 18:00:00,19.7,0.0
2018-09-15 00:00:00,6.0,0.0
2018-09-15 06:00:00,4.2,0.0
2018-09-15 12:00:00,2.7,0.0
2018-09-15 18:00:00,9.9,0.0
2018-09-16 00:00:00,6.0,0.0
2018-09-16 06:00:00,2.4,0.0
2018-09-16 12:00:00,0.8,0.0
2018-09-16 18:00:00,14.5,0.0
2018-09-17 00:00:00,6.9,0.0
2018-09-17 06:00:00,5.1,0.0
2018-09-17 12:00:00,5.3,0.0
2018-09-17 18:00:00,17.9,0.0
2018-09-18 00:00:00,5.8,0.1
2018-09-18 06:00:00,5.4,0.0
2018-09-18 12:00:00,5.7,0.0
2018-09-18 18:00:00,13.2,0.0
2018-09-19 00:00:00,4.8,0.0
2018-09-19 06:00:00,6.0,0.0
2018-09-19 12:00:00,3.7,0.0
2018-09-19 18:00:00,17.1,0.0
2018-09-20 00:00:00,6.8,0.0
2018-09-20 06:00:00,2.9,0.0
2018-09-20 12:00:00,8.4,0.0
2018-09-20 18:00:00,16.8,0.0
2018-09-21 00:00:00,9.6,0.0
2018-09-21 06:00:00,7.2,0.0
2018-09-21 12:00:00,7.7,0.0
2018-09-21 18:00:00,13.3,0.0
2018-09-22 00:00:00,9.1,0.0
2018-09-22 06:00:00,1.8,0.0
2018-09-22 12:00:00,7.5,0.0
2018-09-22 18:00:00,18.8,0.0
2018-09-23 00:00:00,7.6,0.0
2018-09-23 06:00:00,2.3,0.0
2018-09-23 12:00:00,6.0,0.0
2018-09-23 18:00:00,17.3,0.0
2018-09-24 00:00:00,8.3,0.0
2018-09-24 06:00:00,4.9,0.0
2018-09-24 12:00:00,4.3,0.3
2018-09-24 18:00:00,8.9,0.0
2018-09-25 00:00:00,7.2,0.0
2018-09-25 06:00:00,1.7,0.0
2018-09-25 12:00:00,5.2,0.0
2018-09-25 18:00:00,16.2,0.0
2018-09-26 00:00:00,7.7,0.0
2018-09-26 06:00:00,2.9,0.0
2018-09-26 12:00:00,4.5,0.2
2018-09-26 18:00:00,14.9,0.0
2018-09-27 00:00:00,4.3,0.0
2018-09-27 06:00:00,3.3,0.0
2018-09-27 12:00:00,4.7,0.0
2018-09-27 18:00:00,16.1,0.0
2018-09-28 00:00:00,7.5,0.0
2018-09-28 06:00:00,1.2,0.0
2018-09-28 12:00:00,1.7,0.0
2018-09-28 18:00:00,16.2,0.0
2018-09-29 00:00:00,7.7,0.0
2018-09-29 06:00:00,5.3,0.0
2018-09-29 12:00:00,2.8,0.0
2018-09-29 18:00:00,19.4,0.0
2018-09-30 00:00:00,7.9,0.0
2018-09-30 06:00:00,3.2,0.0
2018-09-30 12:00:00,3.7,0.0
2018-09-30 18:00:00,15.7,0.0
2018-10-01 00:00:00,6.4,0.0
2018-10-01 06:00:00,4.3,0.0
2018-10-01 12:00:00,5.0,0.0
2018-10-01 18:00:00,10.0,0.3
2018-10-02 00:00:00,6.5,0.0
2018-10-02 06:00:00,3.0,0.0
2018-10-02 12:00:00,2.8,0.0
2018-10-02 18:00:00,16.2,0.0
2018-10-03 00:00:00,6.8,0.0
2018-10-03 06:00:00,5.0,0.3
2018-10-03 12:00:00,5.4,0.0
2018-10-03 18:00:00,15.2,0.0
2018-10-04 00:00:00,6.0,0.0
2018-10-04 06:00:00,2.9,0.1
2018-10-04 12:00:00,2.9,0.0
2018-10-04 18:00:00,13.5,0.0
2018-10-05 00:00:00,4.3,1.7
2018-10-05 06:00:00,3.0,0.0
2018-10-05 12:00:00,5.7,0.0
2018-10-05 18:00:00,14.6,0.0
2018-10-06 00:00:00,5.2,0.0
2018-10-06 06:00:00,2.9,0.0
2018-10-06 12:00:00,4.3,0.0
2018-10-06 18:00:00,16.2,0.0
2018-10-07 00:00:00,8.0,0.0
2018-10-07 06:00:00,4.5,0.0
2018-10-07 12:00:00,2.9,0.0
2018-10-07 18:00:00,18.0,0.0
2018-10-08 00:00:00,6.5,0.0
2018-10-08 06:00:00,4.7,0.0
2018-10-08 12:00:00,2.3,0.0
2018-10-08 18:00:00,18.5,0.0
2018-10-09 00:00:00,6.4,0.0
2018-10-09 06:00:00,1.7,0.0
2018-10-09 12:00:00,2.0,0.0
2018-10-09 18:00:00,17.1,0.0
2018-10-10 00:00:00,5.6,0.0
2018-10-10 06:00:00,0.8,0.0
2018-10-10 12:00:00,4.1,0.0
2018-10-10 18:00:00,17.2,0.0
2018-10-11 00:00:00,6.8,0.0
2018-10-11 06:00:00,2.6,0.0
2018-10-11 12:00:00,3.0,0.0
2018-10-11 18:00:00,17.2,0.0
2018-10-12 00:00:00,5.3,0.0
2018-10-12 06:00:00,2.5,0.0
2018-10-12 12:00:00,4.4,0.0
2018-10-12 18:00:00,13.4,0.0
2018-10-13 00:00:00,5.2,0.0
2018-10-13 06:00:00,0.9,0.0
2018-10-13 12:00:00,0.1,0.0
2018-10-13 18:00:00,16.5,0.0
2018-10-14 00:00:00,4.3,0.3
2018-10-14 06:00:00,3.6,0.0
2018-10-14 12:00:00,3.5,0.0
2018-10-14 18:00:00,13.2,0.0
2018-10-15 00:00:00,5.4,1.3
2018-10-15 06:00:00,5.1,0.2
2018-10-15 12:00:00,2.6,0.0
2018-10-15 18:00:00,13.5,0.0
2018-10-16 00:00:00,6.5,0.0
2018-10-16 06:00:00,5.5,0.0
2018-10-16 12:00:00,6.4,0.1
2018-10-16 18:00:00,14.9,0.0
2018-10-17 00:00:00,7.9,0.0
2018-10-17 06:00:00,5.4,0.0
2018-10-17 12:00:00,5.4,0.0
2018-10-17 18:00:00,13.4,0.0
2018-10-18 00:00:00,6.1,1.2
2018-10-18 06:00:00,5.5,0.1
2018-10-18 12:00:00,5.9,0.0
2018-10-18 18:00:00,15.7,0.0
2018-10-19 00:00:00,3.9,0.8
2018-10-19 06:00:00,5.1,0.0
2018-10-19 12:00:00,6.6,0.0
2018-10-19 18:00:00,7.1,2.0
2018-10-20 00:00:00,4.8,1.3
2018-10-20 06:00:00,4.1,0.0
2018-10-20 12:00:00,2.7,0.0
2018-10-20 18:00:00,12.4,0.0
2018-10-21 00:00:00,6.0,0.9
2018-10-21 06:00:00,5.3,0.3
2018-10-21 12:00:00,5.5,0.0
2018-10-21 18:00:00,7.1,1.0
2018-10-22 00:00:00,3.1,0.3
2018-10-22 06:00:00,1.8,0.0
2018-10-22 12:00:00,5.2,0.0
2018-10-22 18:00:00,14.6,0.0
2018-10-23 00:00:00,6.0,1.1
2018-10-23 06:00:00,5.3,0.1
2018-10-23 12:00:00,4.0,0.0
2018-10-23 18:00:00,14.1,0.0
2018-10-24 00:00:00,3.9,0.0
2018-10-24 06:00:00,3.2,0.0
2018-10-24 12:00:00,3.9,0.0
2018-10-24 18:00:00,12.0,0.0
2018-10-25 00:00:00,6.0,0.0
2018-10-25 06:00:00,2.5,0.0
2018-10-25 12:00:00,4.5,0.0
2018-10-25 18:00:00,12.7,0.0
2018-10-26 00:00:00,7.6,0.0
2018-10-26 06:00:00,3.3,0.0
2018-10-26 12:00:00,5.3,0.0
2018-10-26 18:00:00,18.1,0.0
2018-10-27 00:00:00,8.1,0.0
2018-10-27 06:00:00,6.4,0.0
2018-10-27 12:00:00,6.7,0.0
2018-10-27 18:00:00,18.3,0.0
2018-10-28 00:00:00,8.1,0.0
2018-10-28 06:00:00,4.5,0.0
2018-10-28 12:00:00,6.0,0.0
2018-10-28 18:00:00,19.2,0.0
2018-10-29 00:00:00,7.3,0.0
2018-10-29 06:00:00,5.5,0.0
2018-10-29 12:00:00,6.4,0.0
2018-10-29 18:00:00,17.2,0.0
2018-10-30 00:00:00,6.1,0.0
2018-10-30 06:00:00,4.7,0.0
2018-10-30 12:00:00,5.4,0.0
2018-10-30 18:00:00,17.3,0.0
2018-10-31 00:00:00,6.4,1.5
2018-10-31 06:00:00,5.8,0.0
2018-10-31 12:00:00,5.5,0.1
2018-10-31 18:00:00,12.9,0.0
2018-11-01 00:00:00,7.0,0.0
2018-11-01 06:00:00,5.5,0.0
2018-11-01 12:00:00,7.7,0.0
2018-11-01 18:00:00,15.1,0.0
2018-11-02 00:00:00,5.8,0.0
2018-11-02 06:00:00,3.3,0.0
2018-11-02 12:00:00,8.1,0.0
2018-11-02 18:00:00,12.6,0.0
2018-11-03 00:00:00,5.6,0.0
2018-11-03 06:00:00,5.7,0.0
2018-11-03 12:00:00,6.1,0.0
2018-11-03 18:00:00,13.4,0.0
2018-11-04 00:00:00,6.9,0.0
2018-11-04 06:00:00,5.3,0.0
2018-11-04 12:00:00,5.3,0.0
2018-11-04 18:00:00,14.8,0.0
2018-11-05 00:00:00,6.3,0.0
2018-11-05 06:00:00,3.7,0.0
2018-11-05 12:00:00,4.6,0.0
2018-11-05 18:00:00,17.6,0.0
2018-11-06 00:00:00,5.7,0.0
2018-11-06 06:00:00,4.0,0.0
2018-11-06 12:00:00,6.4,0.0
2018-11-06 18:00:00,15.4,0.0
2018-11-07 00:00:00,7.0,0.0
2018-11-07 06:00:00,3.9,0.0
2018-11-07 12:00:00,6.6,0.0
2018-11-07 18:00:00,11.7,0.0
2018-11-08 00:00:00,6.1,0.0
2018-11-08 06:00:00,5.8,0.0
2018-11-08 12:00:00,5.6,0.0
2018-11-08 18:00:00,17.0,0.0
2018-11-09 00:00:00,6.9,0.3
2018-11-09 06:00:00,6.6,0.3
2018-11-09 12:00:00,7.2,0.0
2018-11-09 18:00:00,10.4,0.3
2018-11-10 00:00:00,6.3,0.1
2018-11-10 06:00:00,6.0,0.0
2018-11-10 12:00:00,4.1,0.0
2018-11-10 18:00:00,15.7,0.0
2018-11-11 00:00:00,6.8,0.0
2018-11-11 06:00:00,6.0,0.9
2018-11-11 12:00:00,7.1,0.0
2018-11-11 18:00:00,11.1,0.1
2018-11-12 00:00:00,6.6,0.0
2018-11-12 06:00:00,6.0,0.0
2018-11-12 12:00:00,6.8,0.0
2018-11-12 18:00:00,18.3,0.0
2018-11-13 00:00:00,8.0,0.0
2018-11-13 06:00:00,5.9,0.0
2018-11-13 12:00:00,5.2,0.0
2018-11-13 18:00:00,18.9,0.0
2018-11-14 00:00:00,8.0,0.0
2018-11-14 06:00:00,4.3,0.0
2018-11-14 12:00:00,4.4,0.0
2018-11-14 18:00:00,16.3,0.0
2018-11-15 00:00:00,6.1,0.0
2018-11-15 06:00:00,5.8,0.1
2018-11-15 12:00:00,6.5,0.0
2018-11-15 18:00:00,14.6,0.0
2018-11-16 00:00:00,5.7,0.4
2018-11-16 06:00:00,6.2,0.0
2018-11-16 12:00:00,6.5,0.0
2018-11-16 18:00:00,10.4,0.5
2018-11-17 00:00:00,6.8,0.7
2018-11-17 06:00:00,4.3,0.0
2018-11-17 12:00:00,3.4,0.1
2018-11-17 18:00:00,15.7,0.0
2018-11-18 00:00:00,5.7,0.8
2018-11-18 06:00:00,5.1,0.0
2018-11-18 12:00:00,4.6,0.0
2018-11-18 18:00:00,15.6,0.0
2018-11-19 00:00:00,6.2,0.2
2018-11-19 06:00:00,5.1,0.0
2018-11-19 12:00:00,5.0,0.0
2018-11-19 18:00:00,10.9,0.1
2018-11-20 00:00:00,6.0,0.0
2018-11-20 06:00:00,6.0,0.0
2018-11-20 12:00:00,6.2,0.0
2018-11-20 18:00:00,10.2,0.0
2018-11-21 00:00:00,6.0,0.1
2018-11-21 06:00:00,4.7,0.0
2018-11-21 12:00:00,6.2,0.0
2018-11-21 18:00:00,12.5,0.0
2018-11-22 00:00:00,7.3,0.1
2018-11-22 06:00:00,6.6,1.1
2018-11-22 12:00:00,5.8,0.2
2018-11-22 18:00:00,12.4,0.0
2018-11-23 00:00:00,6.1,1.2
2018-11-23 06:00:00,5.6,0.0
2018-11-23 12:00:00,5.5,0.0
2018-11-23 18:00:00,15.9,0.0
2018-11-24 00:00:00,5.8,1.1
2018-11-24 06:00:00,4.4,0.0
2018-11-24 12:00:00,3.5,0.0
2018-11-24 18:00:00,14.8,0.0
2018-11-25 00:00:00,6.8,0.0
2018-11-25 06:00:00,5.4,0.0
2018-11-25 12:00:00,4.6,0.0
2018-11-25 18:00:00,14.5,0.0
2018-11-26 00:00:00,5.9,0.0
2018-11-26 06:00:00,5.5,0.0
2018-11-26 12:00:00,5.8,0.0
2018-11-26 18:00:00,8.5,0.3
2018-11-27 00:00:00,6.8,0.0
2018-11-27 06:00:00,4.6,0.0
2018-11-27 12:00:00,4.0,0.0
2018-11-27 18:00:00,16.3,0.0
2018-11-28 00:00:00,6.0,0.0
2018-11-28 06:00:00,1.8,0.0
2018-11-28 12:00:00,3.8,0.0
2018-11-28 18:00:00,12.8,0.0
2018-11-29 00:00:00,4.2,0.0
2018-11-29 06:00:00,1.6,0.0
2018-11-29 12:00:00,1.0,0.0
2018-11-29 18:00:00,18.3,0.0
2018-11-30 00:00:00,6.1,0.0
2018-11-30 06:00:00,1.6,0.0
2018-11-30 12:00:00,0.4,0.0
2018-11-30 18:00:00,18.2,0.0
2018-12-01 00:00:00,7.8,0.0
2018-12-01 06:00:00,-0.2,0.0
2018-12-01 12:00:00,0.3,0.0
2018-12-01 18:00:00,18.2,0.0
2018-12-02 00:00:00,6.0,0.0
2018-12-02 06:00:00,0.3,0.0
2018-12-02 12:00:00,0.1,0.0
2018-12-02 18:00:00,17.8,0.0
2018-12-03 00:00:00,6.0,0.0
2018-12-03 06:00:00,1.0,0.0
2018-12-03 12:00:00,1.5,0.0
2018-12-03 18:00:00,17.7,0.0
2018-12-04 00:00:00,5.6,0.0
2018-12-04 06:00:00,0.6,0.0
2018-12-04 12:00:00,0.1,0.0
2018-12-04 18:00:00,18.1,0.0
2018-12-05 00:00:00,5.1,0.0
2018-12-05 06:00:00,-0.3,0.0
2018-12-05 12:00:00,1.5,0.0
2018-12-05 18:00:00,14.7,0.0
2018-12-06 00:00:00,5.9,0.0
2018-12-06 06:00:00,0.7,0.0
2018-12-06 12:00:00,4.1,0.0
2018-12-06 18:00:00,11.7,0.0
2018-12-07 00:00:00,4.8,0.0
2018-12-07 06:00:00,3.0,0.0
2018-12-07 12:00:00,4.2,0.1
2018-12-07 18:00:00,14.6,0.0
2018-12-08 00:00:00,6.3,0.1
2018-12-08 06:00:00,4.5,0.0
2018-12-08 12:00:00,4.6,0.0
2018-12-08 18:00:00,12.6,0.0
2018-12-09 00:00:00,7.7,0.0
2018-12-09 06:00:00,5.8,0.0
2018-12-09 12:00:00,9.8,0.0
2018-12-09 18:00:00,11.8,0.1
2018-12-10 00:00:00,10.6,0.0
2018-12-10 06:00:00,6.4,0.0
2018-12-10 12:00:00,8.8,0.0
2018-12-10 18:00:00,8.7,0.8
2018-12-11 00:00:00,9.6,0.0
2018-12-11 06:00:00,5.0,0.0
2018-12-11 12:00:00,7.8,0.0
2018-12-11 18:00:00,10.2,0.4
2018-12-12 00:00:00,9.9,0.0
2018-12-12 06:00:00,9.2,0.0
2018-12-12 12:00:00,9.7,0.0
2018-12-12 18:00:00,15.1,0.0
2018-12-13 00:00:00,5.7,0.0
2018-12-13 06:00:00,4.2,0.0
2018-12-13 12:00:00,8.0,0.0
2018-12-13 18:00:00,15.3,0.0
2018-12-14 00:00:00,7.8,0.0
2018-12-14 06:00:00,6.0,0.0
2018-12-14 12:00:00,6.2,0.0
2018-12-14 18:00:00,15.9,0.0
2018-12-15 00:00:00,6.7,0.2
2018-12-15 06:00:00,5.3,0.3
2018-12-15 12:00:00,4.7,0.0
2018-12-15 18:00:00,16.0,0.0
2018-12-16 00:00:00,7.4,0.0
2018-12-16 06:00:00,4.8,0.0
2018-12-16 12:00:00,4.7,0.1
2018-12-16 18:00:00,14.7,0.0
2018-12-17 00:00:00,7.1,0.0
2018-12-17 06:00:00,6.7,0.0
2018-12-17 12:00:00,5.3,0.0
2018-12-17 18:00:00,17.8,0.0
2018-12-18 00:00:00,6.1,0.1
2018-12-18 06:00:00,5.5,0.0
2018-12-18 12:00:00,6.4,0.0
2018-12-18 18:00:00,15.2,0.0
2018-12-19 00:00:00,5.8,1.3
2018-12-19 06:00:00,5.8,0.5
2018-12-19 12:00:00,4.0,0.0
2018-12-19 18:00:00,16.3,0.0
2018-12-20 00:00:00,6.4,0.3
2018-12-20 06:00:00,5.9,0.1
2018-12-20 12:00:00,6.0,0.0
2018-12-20 18:00:00,14.4,0.0
2018-12-21 00:00:00,6.9,1.5
2018-12-21 06:00:00,5.3,0.3
2018-12-21 12:00:00,5.5,0.0
2018-12-21 18:00:00,8.8,0.0
2018-12-22 00:00:00,5.0,0.1
2018-12-22 06:00:00,5.2,0.0
2018-12-22 12:00:00,4.9,1.4
2018-12-22 18:00:00,15.1,0.0
2018-12-23 00:00:00,5.8,0.3
2018-12-23 06:00:00,3.7,0.0
2018-12-23 12:00:00,1.9,0.0
2018-12-23 18:00:00,15.2,0.0
2018-12-24 00:00:00,8.8,0.0
2018-12-24 06:00:00,6.5,0.0
2018-12-24 12:00:00,5.2,0.0
2018-12-24 18:00:00,17.4,0.0
2018-12-25 00:00:00,7.2,0.0
2018-12-25 06:00:00,3.8,0.0
2018-12-25 12:00:00,8.0,0.0
2018-12-25 18:00:00,16.7,0.0
2018-12-26 00:00:00,8.3,0.0
2018-12-26 06:00:00,4.6,0.0
2018-12-26 12:00:00,6.0,0.3
2018-12-26 18:00:00,13.8,0.0
2018-12-27 00:00:00,9.0,0.0
2018-12-27 06:00:00,5.9,0.0
2018-12-27 12:00:00,3.2,0.0
2018-12-27 18:00:00,18.8,0.0
2018-12-28 00:00:00,7.1,0.0
2018-12-28 06:00:00,4.7,0.0
2018-12-28 12:00:00,2.8,0.0
2018-12-28 18:00:00,18.5,0.0
2018-12-29 00:00:00,6.4,0.9
2018-12-29 06:00:00,3.7,0.0
2018-12-29 12:00:00,2.5,0.0
2018-12-29 18:00:00,15.1,0.0
2018-12-30 00:00:00,5.1,2.3
2018-12-30 06:00:00,2.0,0.1
2018-12-30 12:00:00,1.0,0.1
2018-12-30 18:00:00,17.1,0.0
2018-12-31 00:00:00,7.9,0.0
2018-12-31 06:00:00,6.5,0.0
2018-12-31 12:00:00,3.9,0.0
2018-12-31 18:00:00,19.3,0.0
2019-01-01 00:00:00,9.8,0.0
2019-01-01 06:00:00,8.7,0.0
2019-01-01 12:00:00,7.5,0.0
2019-01-01 18:00:00,17.4,0.0
2019-01-02 00:00:00,11.5,0.0
2019-01-02 06:00:00,9.0,0.0
2019-01-02 12:00:00,8.6,0.0
2019-01-02 18:00:00,16.4,0.0
2019-01-03 00:00:00,11.6,0.0
2019-01-03 06:00:00,10.1,0.0
2019-01-03 12:00:00,8.8,0.0
2019-01-03 18:00:00,17.1,0.0
2019-01-04 00:00:00,11.4,0.0
2019-01-04 06:00:00,3.7,0.0
2019-01-04 12:00:00,3.2,0.0
2019-01-04 18:00:00,17.4,0.0
2019-01-05 00:00:00,8.5,0.0
2019-01-05 06:00:00,6.1,0.5
2019-01-05 12:00:00,6.5,0.1
2019-01-05 18:00:00,16.5,0.0
2019-01-06 00:00:00,7.5,0.0
2019-01-06 06:00:00,5.1,0.1
2019-01-06 12:00:00,6.9,0.0
2019-01-06 18:00:00,16.5,0.0
2019-01-07 00:00:00,5.4,1.0
2019-01-07 06:00:00,3.9,0.0
2019-01-07 12:00:00,4.2,0.0
2019-01-07 18:00:00,11.2,0.0
2019-01-08 00:00:00,5.9,0.1
2019-01-08 06:00:00,4.9,0.0
2019-01-08 12:00:00,3.6,1.0
2019-01-08 18:00:00,9.8,0.0
2019-01-09 00:00:00,4.6,0.7
2019-01-09 06:00:00,3.3,0.0
2019-01-09 12:00:00,3.9,0.0
2019-01-09 18:00:00,7.2,0.0
2019-01-10 00:00:00,6.0,0.1
2019-01-10 06:00:00,5.4,0.0
2019-01-10 12:00:00,5.2,0.3
2019-01-10 18:00:00,7.3,0.3
2019-01-11 00:00:00,5.3,0.3
2019-01-11 06:00:00,4.8,0.0
2019-01-11 12:00:00,4.6,0.1
2019-01-11 18:00:00,8.9,0.0
2019-01-12 00:00:00,3.5,0.1
2019-01-12 06:00:00,3.0,0.2
2019-01-12 12:00:00,1.9,0.1
2019-01-12 18:00:00,9.3,0.0
2019-01-13 00:00:00,5.4,0.0
2019-01-13 06:00:00,3.6,0.0
2019-01-13 12:00:00,2.1,0.0
2019-01-13 18:00:00,13.0,0.0
2019-01-14 00:00:00,7.8,0.0
2019-01-14 06:00:00,1.7,0.0
2019-01-14 12:00:00,3.1,0.0
2019-01-14 18:00:00,18.5,0.0
2019-01-15 00:00:00,7.4,0.0
2019-01-15 06:00:00,6.2,0.1
2019-01-15 12:00:00,5.0,0.0
2019-01-15 18:00:00,11.9,0.1
2019-01-16 00:00:00,5.9,0.5
2019-01-16 06:00:00,5.7,0.0
2019-01-16 12:00:00,5.9,0.1
2019-01-16 18:00:00,16.0,0.0
2019-01-17 00:00:00,6.2,0.1
2019-01-17 06:00:00,5.7,0.3
2019-01-17 12:00:00,6.0,0.0
2019-01-17 18:00:00,15.4,0.0
2019-01-18 00:00:00,7.5,0.3
2019-01-18 06:00:00,5.8,0.0
2019-01-18 12:00:00,5.8,0.0
2019-01-18 18:00:00,9.7,0.3
2019-01-19 00:00:00,5.5,0.1
2019-01-19 06:00:00,4.9,0.1
2019-01-19 12:00:00,7.3,0.0
2019-01-19 18:00:00,10.2,0.0
2019-01-20 00:00:00,8.2,0.0
2019-01-20 06:00:00,9.0,0.0
2019-01-20 12:00:00,8.9,0.0
2019-01-20 18:00:00,16.1,0.0
2019-01-21 00:00:00,9.6,0.0
2019-01-21 06:00:00,4.0,1.4
2019-01-21 12:00:00,6.0,0.0
2019-01-21 18:00:00,11.0,0.1
2019-01-22 00:00:00,8.4,0.0
2019-01-22 06:00:00,6.1,0.1
2019-01-22 12:00:00,6.8,0.1
2019-01-22 18:00:00,11.5,0.1
2019-01-23 00:00:00,9.2,0.0
2019-01-23 06:00:00,6.1,0.2
2019-01-23 12:00:00,7.8,0.0
2019-01-23 18:00:00,17.0,0.0
2019-01-24 00:00:00,6.6,0.0
2019-01-24 06:00:00,6.5,0.0
2019-01-24 12:00:00,7.4,0.0
2019-01-24 18:00:00,17.8,0.0
2019-01-25 00:00:00,9.0,0.0
2019-01-25 06:00:00,5.7,0.1
2019-01-25 12:00:00,4.7,0.0
2019-01-25 18:00:00,16.1,0.0
2019-01-26 00:00:00,6.6,0.5
2019-01-26 06:00:00,5.5,0.1
2019-01-26 12:00:00,6.4,0.0
2019-01-26 18:00:00,11.7,0.0
2019-01-27 00:00:00,7.4,0.0
2019-01-27 06:00:00,6.3,0.1
2019-01-27 12:00:00,5.8,0.0
2019-01-27 18:00:00,14.8,0.0
2019-01-28 00:00:00,6.1,0.5
2019-01-28 06:00:00,4.3,0.0
2019-01-28 12:00:00,4.9,0.0
2019-01-28 18:00:00,9.7,0.1
2019-01-29 00:00:00,6.4,0.3
2019-01-29 06:00:00,5.8,0.0
2019-01-29 12:00:00,6.0,0.0
2019-01-29 18:00:00,9.7,0.1
2019-01-30 00:00:00,5.6,1.4
2019-01-30 06:00:00,4.8,0.1
2019-01-30 12:00:00,5.7,0.0
2019-01-30 18:00:00,15.0,0.0
2019-01-31 00:00:00,7.6,0.0
2019-01-31 06:00:00,4.3,0.0
2019-01-31 12:00:00,5.7,0.0
2019-01-31 18:00:00,16.0,0.0
2019-02-01 00:00:00,6.8,0.1
2019-02-01 06:00:00,6.1,0.0
2019-02-01 12:00:00,6.4,0.2
2019-02-01 18:00:00,17.0,0.0
2019-02-02 00:00:00,9.0,0.0
2019-02-02 06:00:00,6.9,0.0
2019-02-02 12:00:00,5.3,0.0
2019-02-02 18:00:00,16.8,0.0
2019-02-03 00:00:00,8.4,0.0
2019-02-03 06:00:00,6.6,0.0
2019-02-03 12:00:00,6.7,0.1
2019-02-03 18:00:00,15.6,0.0
2019-02-04 00:00:00,7.2,1.3
2019-02-04 06:00:00,6.1,0.2
2019-02-04 12:00:00,6.3,0.0
2019-02-04 18:00:00,12.4,0.0
2019-02-05 00:00:00,7.1,0.7
2019-02-05 06:00:00,7.2,0.0
2019-02-05 12:00:00,6.6,0.0
2019-02-05 18:00:00,13.9,0.0
2019-02-06 00:00:00,9.7,0.0
2019-02-06 06:00:00,8.4,0.0
2019-02-06 12:00:00,4.2,0.0
2019-02-06 18:00:00,18.8,0.0
2019-02-07 00:00:00,6.3,1.7
2019-02-07 06:00:00,4.3,0.4
2019-02-07 12:00:00,5.7,0.0
2019-02-07 18:00:00,15.6,0.0
2019-02-08 00:00:00,4.4,1.5
2019-02-08 06:00:00,4.9,0.0
2019-02-08 12:00:00,4.5,0.3
2019-02-08 18:00:00,15.2,0.0
2019-02-09 00:00:00,7.0,0.0
2019-02-09 06:00:00,5.1,0.0
2019-02-09 12:00:00,5.7,0.1
2019-02-09 18:00:00,14.7,0.0
2019-02-10 00:00:00,6.6,0.2
2019-02-10 06:00:00,6.3,0.0
2019-02-10 12:00:00,6.3,0.1
2019-02-10 18:00:00,14.6,0.0
2019-02-11 00:00:00,8.4,0.0
2019-02-11 06:00:00,6.6,0.0
2019-02-11 12:00:00,4.3,0.0
2019-02-11 18:00:00,9.9,0.1
2019-02-12 00:00:00,7.2,0.0
2019-02-12 06:00:00,5.5,1.9
2019-02-12 12:00:00,5.0,0.0
2019-02-12 18:00:00,12.7,0.2
2019-02-13 00:00:00,7.1,0.5
2019-02-13 06:00:00,5.1,0.3
2019-02-13 12:00:00,4.6,0.0
2019-02-13 18:00:00,16.6,0.0
2019-02-14 00:00:00,7.2,0.1
2019-02-14 06:00:00,5.8,0.0
2019-02-14 12:00:00,4.1,0.0
2019-02-14 18:00:00,16.9,0.0
2019-02-15 00:00:00,8.6,1.3
2019-02-15 06:00:00,7.3,0.0
2019-02-15 12:00:00,5.3,0.0
2019-02-15 18:00:00,13.1,0.0
2019-02-16 00:00:00,6.5,0.1
2019-02-16 06:00:00,6.6,0.0
2019-02-16 12:00:00,6.7,0.0
2019-02-16 18:00:00,14.4,0.0
2019-02-17 00:00:00,5.9,0.1
2019-02-17 06:00:00,5.9,0.0
2019-02-17 12:00:00,5.0,0.0
2019-02-17 18:00:00,16.3,0.0
2019-02-18 00:00:00,8.6,0.0
2019-02-18 06:00:00,7.1,0.0
2019-02-18 12:00:00,6.8,0.0
2019-02-18 18:00:00,16.8,0.0
2019-02-19 00:00:00,8.9,0.0
2019-02-19 06:00:00,7.2,0.1
2019-02-19 12:00:00,6.5,0.0
2019-02-19 18:00:00,12.0,0.0
2019-02-20 00:00:00,7.7,0.1
2019-02-20 06:00:00,6.6,0.1
2019-02-20 12:00:00,6.5,0.0
2019-02-20 18:00:00,12.8,0.3
2019-02-21 00:00:00,8.1,0.0
2019-02-21 06:00:00,7.0,0.0
2019-02-21 12:00:00,6.7,0.0
2019-02-21 18:00:00,14.5,0.0
2019-02-22 00:00:00,7.8,0.0
2019-02-22 06:00:00,6.9,0.0
2019-02-22 12:00:00,4.6,0.0
2019-02-22 18:00:00,15.2,0.0
2019-02-23 00:00:00,8.2,0.0
2019-02-23 06:00:00,7.5,0.0
2019-02-23 12:00:00,6.8,0.0
2019-02-23 18:00:00,8.5,1.1
2019-02-24 00:00:00,6.7,0.0
2019-02-24 06:00:00,4.7,0.0
2019-02-24 12:00:00,4.9,0.0
2019-02-24 18:00:00,11.3,0.1
2019-02-25 00:00:00,4.7,1.5
2019-02-25 06:00:00,5.5,0.0
2019-02-25 12:00:00,6.1,0.0
2019-02-25 18:00:00,9.5,0.1
2019-02-26 00:00:00,6.2,1.0
2019-02-26 06:00:00,5.9,0.5
2019-02-26 12:00:00,5.2,0.0
2019-02-26 18:00:00,10.5,0.0
2019-02-27 00:00:00,6.6,0.1
2019-02-27 06:00:00,5.5,0.0
2019-02-27 12:00:00,5.2,0.0
2019-02-27 18:00:00,13.7,0.0
2019-02-28 00:00:00,7.0,0.0
2019-02-28 06:00:00,4.8,0.0
2019-02-28 12:00:00,2.2,0.0
2019-02-28 18:00:00,13.1,0.0
2019-03-01 00:00:00,8.4,0.0
2019-03-01 06:00:00,6.0,0.0
2019-03-01 12:00:00,5.5,0.0
2019-03-01 18:00:00,9.6,0.3
2019-03-02 00:00:00,6.2,0.1
2019-03-02 06:00:00,4.8,0.6
2019-03-02 12:00:00,5.0,0.1
2019-03-02 18:00:00,13.7,0.0
2019-03-03 00:00:00,6.8,0.1
2019-03-03 06:00:00,4.6,0.0
2019-03-03 12:00:00,2.9,0.0
2019-03-03 18:00:00,15.7,0.0
2019-03-04 00:00:00,5.7,0.8
2019-03-04 06:00:00,5.6,0.0
2019-03-04 12:00:00,4.6,0.0
2019-03-04 18:00:00,14.0,0.0
2019-03-05 00:00:00,7.1,0.6
2019-03-05 06:00:00,6.2,0.0
2019-03-05 12:00:00,5.8,0.0
2019-03-05 18:00:00,13.6,0.1
2019-03-06 00:00:00,7.2,0.1
2019-03-06 06:00:00,6.1,0.1
2019-03-06 12:00:00,5.2,0.7
2019-03-06 18:00:00,13.4,0.0
2019-03-07 00:00:00,7.9,0.1
2019-03-07 06:00:00,5.3,0.0
2019-03-07 12:00:00,5.1,0.0
2019-03-07 18:00:00,16.7,0.0
2019-03-08 00:00:00,8.1,0.0
2019-03-08 06:00:00,6.1,0.0
2019-03-08 12:00:00,5.3,0.0
2019-03-08 18:00:00,17.3,0.0
2019-03-09 00:00:00,7.6,0.0
2019-03-09 06:00:00,6.6,0.0
2019-03-09 12:00:00,6.3,0.0
2019-03-09 18:00:00,10.3,0.0
2019-03-10 00:00:00,8.6,0.0
2019-03-10 06:00:00,7.4,0.0
2019-03-10 12:00:00,7.9,0.0
2019-03-10 18:00:00,17.7,0.0
2019-03-11 00:00:00,6.1,0.1
2019-03-11 06:00:00,7.2,0.0
2019-03-11 12:00:00,7.3,0.0
2019-03-11 18:00:00,15.6,0.0
2019-03-12 00:00:00,7.8,0.1
2019-03-12 06:00:00,5.2,0.0
2019-03-12 12:00:00,4.3,0.0
2019-03-12 18:00:00,17.9,0.0
2019-03-13 00:00:00,8.5,0.1
2019-03-13 06:00:00,7.0,0.4
2019-03-13 12:00:00,6.5,0.1
2019-03-13 18:00:00,12.9,0.0
2019-03-14 00:00:00,5.6,0.0
2019-03-14 06:00:00,5.2,0.0
2019-03-14 12:00:00,5.9,0.2
2019-03-14 18:00:00,14.2,0.0
2019-03-15 00:00:00,6.8,2.8
2019-03-15 06:00:00,6.2,0.0
2019-03-15 12:00:00,6.3,0.0
2019-03-15 18:00:00,12.9,0.0
2019-03-16 00:00:00,7.6,0.3
2019-03-16 06:00:00,5.1,0.0
2019-03-16 12:00:00,5.4,0.0
2019-03-16 18:00:00,15.3,0.0
2019-03-17 00:00:00,8.5,0.0
2019-03-17 06:00:00,7.3,0.0
2019-03-17 12:00:00,6.7,0.0
2019-03-17 18:00:00,16.0,0.0
2019-03-18 00:00:00,9.4,0.0
2019-03-18 06:00:00,7.3,0.2
2019-03-18 12:00:00,6.2,0.0
2019-03-18 18:00:00,14.5,0.1
2019-03-19 00:00:00,6.1,0.4
2019-03-19 06:00:00,5.9,0.2
2019-03-19 12:00:00,5.1,0.1
2019-03-19 18:00:00,11.2,0.0
2019-03-20 00:00:00,7.4,0.0
2019-03-20 06:00:00,6.4,0.0
2019-03-20 12:00:00,6.0,0.0
2019-03-20 18:00:00,13.9,0.0
2019-03-21 00:00:00,6.1,0.1
2019-03-21 06:00:00,4.8,0.0
2019-03-21 12:00:00,4.9,0.0
2019-03-21 18:00:00,16.3,0.0
2019-03-22 00:00:00,6.2,0.7
2019-03-22 06:00:00,6.0,0.0
2019-03-22 12:00:00,6.2,0.0
2019-03-22 18:00:00,11.8,0.0
2019-03-23 00:00:00,6.2,0.5
2019-03-23 06:00:00,6.1,1.5
2019-03-23 12:00:00,5.6,0.1
2019-03-23 18:00:00,15.2,0.0
2019-03-24 00:00:00,7.4,0.3
2019-03-24 06:00:00,4.9,0.3
2019-03-24 12:00:00,5.7,0.0
2019-03-24 18:00:00,15.3,0.0
2019-03-25 00:00:00,6.3,0.9
2019-03-25 06:00:00,5.6,0.0
2019-03-25 12:00:00,6.0,0.0
2019-03-25 18:00:00,10.1,0.0
2019-03-26 00:00:00,6.6,0.0
2019-03-26 06:00:00,4.9,0.0
2019-03-26 12:00:00,4.1,0.0
2019-03-26 18:00:00,15.5,0.0
2019-03-27 00:00:00,7.8,0.0
2019-03-27 06:00:00,6.1,2.8
2019-03-27 12:00:00,5.9,0.1
2019-03-27 18:00:00,14.6,0.0
2019-03-28 00:00:00,6.4,0.8
2019-03-28 06:00:00,4.5,0.0
2019-03-28 12:00:00,5.2,0.0
2019-03-28 18:00:00,11.2,0.1
2019-03-29 00:00:00,6.5,0.3
2019-03-29 06:00:00,5.8,0.0
2019-03-29 12:00:00,6.3,0.7
2019-03-29 18:00:00,13.1,0.0
2019-03-30 00:00:00,7.1,0.1
2019-03-30 06:00:00,8.2,0.0
2019-03-30 12:00:00,9.2,0.0
2019-03-30 18:00:00,13.6,0.0
2019-03-31 00:00:00,9.8,0.0
2019-03-31 06:00:00,5.9,0.0
2019-03-31 12:00:00,6.0,0.0
2019-03-31 18:00:00,15.3,0.0
2019-04-01 00:00:00,7.7,0.1
2019-04-01 06:00:00,5.6,0.0
2019-04-01 12:00:00,4.0,0.0
2019-04-01 18:00:00,16.1,0.0
2019-04-02 00:00:00,7.6,0.1
2019-04-02 06:00:00,7.0,0.0
2019-04-02 12:00:00,6.5,0.0
2019-04-02 18:00:00,16.2,0.0
2019-04-03 00:00:00,5.5,0.8
2019-04-03 06:00:00,6.3,0.0
2019-04-03 12:00:00,6.3,0.1
2019-04-03 18:00:00,10.9,0.0
2019-04-04 00:00:00,6.5,0.3
2019-04-04 06:00:00,6.1,0.0
2019-04-04 12:00:00,5.6,0.0
2019-04-04 18:00:00,14.1,0.0
2019-04-05 00:00:00,8.0,0.0
2019-04-05 06:00:00,4.5,0.0
2019-04-05 12:00:00,1.7,0.0
2019-04-05 18:00:00,15.2,0.0
2019-04-06 00:00:00,5.8,0.0
2019-04-06 06:00:00,2.9,0.0
2019-04-06 12:00:00,2.7,0.0
2019-04-06 18:00:00,16.5,0.0
2019-04-07 00:00:00,5.6,0.0
2019-04-07 06:00:00,5.1,0.0
2019-04-07 12:00:00,5.9,0.0
2019-04-07 18:00:00,9.2,0.3
2019-04-08 00:00:00,6.8,0.0
2019-04-08 06:00:00,6.2,0.0
2019-04-08 12:00:00,5.7,0.3
2019-04-08 18:00:00,13.3,0.0
2019-04-09 00:00:00,7.7,0.0
2019-04-09 06:00:00,6.1,0.3
2019-04-09 12:00:00,4.7,0.0
2019-04-09 18:00:00,16.2,0.0
2019-04-10 00:00:00,6.3,0.0
2019-04-10 06:00:00,3.5,0.0
2019-04-10 12:00:00,3.4,0.0
2019-04-10 18:00:00,16.1,0.0
2019-04-11 00:00:00,7.4,0.0
2019-04-11 06:00:00,5.9,0.0
2019-04-11 12:00:00,2.9,0.0
2019-04-11 18:00:00,18.5,0.0
2019-04-12 00:00:00,8.3,0.0
2019-04-12 06:00:00,6.0,0.0
2019-04-12 12:00:00,6.0,0.0
2019-04-12 18:00:00,17.6,0.0
2019-04-13 00:00:00,8.2,0.0
2019-04-13 06:00:00,6.8,0.0
2019-04-13 12:00:00,6.2,0.0
2019-04-13 18:00:00,17.1,0.0
2019-04-14 00:00:00,7.4,0.0
2019-04-14 06:00:00,6.1,0.0
2019-04-14 12:00:00,3.2,0.0
2019-04-14 18:00:00,15.5,0.0
2019-04-15 00:00:00,6.7,0.3
2019-04-15 06:00:00,5.9,0.1
2019-04-15 12:00:00,6.8,0.0
2019-04-15 18:00:00,17.0,0.0
2019-04-16 00:00:00,7.6,0.1
2019-04-16 06:00:00,3.8,0.0
2019-04-16 12:00:00,5.1,0.0
2019-04-16 18:00:00,13.0,0.0
2019-04-17 00:00:00,6.3,0.0
2019-04-17 06:00:00,4.4,0.0
2019-04-17 12:00:00,4.5,0.0
2019-04-17 18:00:00,16.6,0.0
2019-04-18 00:00:00,7.9,0.1
2019-04-18 06:00:00,5.3,0.0
2019-04-18 12:00:00,7.9,0.0
2019-04-18 18:00:00,15.9,0.0
2019-04-19 00:00:00,6.8,0.0
2019-04-19 06:00:00,6.0,0.0
2019-04-19 12:00:00,5.6,0.0
2019-04-19 18:00:00,13.5,0.0
2019-04-20 00:00:00,7.7,0.1
2019-04-20 06:00:00,6.1,0.0
2019-04-20 12:00:00,4.2,0.1
2019-04-20 18:00:00,15.7,0.0
2019-04-21 00:00:00,7.6,0.1
2019-04-21 06:00:00,6.5,0.0
2019-04-21 12:00:00,3.5,0.0
2019-04-21 18:00:00,13.9,0.0
2019-04-22 00:00:00,7.6,0.0
2019-04-22 06:00:00,4.5,0.0
2019-04-22 12:00:00,5.2,0.1
2019-04-22 18:00:00,11.4,0.0
2019-04-23 00:00:00,5.5,0.0
2019-04-23 06:00:00,2.1,0.0
2019-04-23 12:00:00,4.7,0.0
2019-04-23 18:00:00,13.9,0.0
2019-04-24 00:00:00,7.4,0.0
2019-04-24 06:00:00,6.3,0.0
2019-04-24 12:00:00,6.5,0.1
2019-04-24 18:00:00,13.3,0.0
2019-04-25 00:00:00,8.4,0.0
2019-04-25 06:00:00,6.6,0.0
2019-04-25 12:00:00,9.3,0.0
2019-04-25 18:00:00,14.7,0.0
2019-04-26 00:00:00,9.0,0.0
2019-04-26 06:00:00,6.9,0.0
2019-04-26 12:00:00,5.5,0.0
2019-04-26 18:00:00,17.2,0.0
2019-04-27 00:00:00,9.6,0.0
2019-04-27 06:00:00,7.0,0.0
2019-04-27 12:00:00,5.9,0.1
2019-04-27 18:00:00,14.5,0.0
2019-04-28 00:00:00,9.0,0.0
2019-04-28 06:00:00,6.4,0.0
2019-04-28 12:00:00,7.6,0.0
2019-04-28 18:00:00,15.5,0.0
2019-04-29 00:00:00,7.7,0.0
2019-04-29 06:00:00,4.6,0.0
2019-04-29 12:00:00,5.9,0.0
2019-04-29 18:00:00,14.8,0.0
2019-04-30 00:00:00,7.6,0.7
2019-04-30 06:00:00,4.8,0.0
2019-04-30 12:00:00,3.2,0.0
2019-04-30 18:00:00,15.9,0.0
2019-05-01 00:00:00,7.5,0.0
2019-05-01 06:00:00,6.1,0.0
2019-05-01 12:00:00,4.1,0.0
2019-05-01 18:00:00,17.0,0.0
2019-05-02 00:00:00,8.1,0.0
2019-05-02 06:00:00,6.2,0.0
2019-05-02 12:00:00,8.6,0.0
2019-05-02 18:00:00,17.0,0.0
2019-05-03 00:00:00,8.7,0.0
2019-05-03 06:00:00,5.5,0.0
2019-05-03 12:00:00,5.3,0.0
2019-05-03 18:00:00,15.4,0.0
2019-05-04 00:00:00,7.4,0.1
2019-05-04 06:00:00,5.5,0.0
2019-05-04 12:00:00,5.5,0.0
2019-05-04 18:00:00,13.6,0.0
2019-05-05 00:00:00,7.4,0.1
2019-05-05 06:00:00,5.7,0.0
2019-05-05 12:00:00,7.9,0.0
2019-05-05 18:00:00,15.9,0.0
2019-05-06 00:00:00,6.8,0.2
2019-05-06 06:00:00,6.5,0.1
2019-05-06 12:00:00,7.1,0.1
2019-05-06 18:00:00,14.3,0.0
2019-05-07 00:00:00,9.2,0.0
2019-05-07 06:00:00,6.4,0.0
2019-05-07 12:00:00,5.7,0.0
2019-05-07 18:00:00,16.4,0.0
2019-05-08 00:00:00,6.3,0.0
2019-05-08 06:00:00,4.2,0.0
2019-05-08 12:00:00,4.7,0.0
2019-05-08 18:00:00,16.5,0.0
2019-05-09 00:00:00,7.4,0.0
2019-05-09 06:00:00,3.4,0.0
2019-05-09 12:00:00,3.4,0.0
2019-05-09 18:00:00,11.6,0.0
2019-05-10 00:00:00,4.7,0.0
2019-05-10 06:00:00,3.2,0.0
2019-05-10 12:00:00,3.0,0.0
